volume,price,open,high,low,close,times
30391219,7525601638,248.0,248.5,246.0,247.0,10521
20645694,5172732531,249.5,251.5,249.0,249.5,8817
22887063,5723277170,250.0,251.0,248.5,250.5,7050
25100615,6370529728,252.0,255.0,251.5,254.0,10550
34264883,8816553606,255.5,259.0,255.0,259.0,11700
24254838,6220805864,256.5,257.5,255.5,257.0,8518
19396493,4965546715,258.0,258.0,255.0,255.0,5945
62989326,15930805360,253.0,256.0,249.5,255.0,18058
22440766,5679567964,252.5,255.5,251.0,255.0,9888
22335151,5640426203,253.0,254.0,251.5,253.0,9334
32977737,8325162114,255.0,255.0,251.0,252.5,11575
27000718,6797045014,254.5,254.5,249.5,251.5,10475
52974390,12994667867,245.0,247.0,244.0,245.0,20513
39487945,9582954454,241.5,244.5,241.5,243.5,11404
31100260,7732298021,248.0,251.0,247.0,251.0,11698
29924411,7349468217,247.5,248.0,244.0,245.0,13041
36427345,8888435870,243.0,247.0,242.5,244.0,12832
16996346,4212690462,247.5,249.5,246.0,246.0,7578
3603912,893664176,247.5,249.0,246.5,247.5,2409
19029003,4702581241,248.5,249.0,245.0,246.5,6951
35813944,8710200224,243.0,244.5,242.0,244.0,13270
35465824,8716801768,248.0,248.0,243.5,245.0,12437
25268994,6231896018,244.5,249.0,243.5,245.5,11912
21777935,5391978180,246.5,248.5,246.5,248.0,8813
20476657,5028226522,248.5,248.5,244.0,245.0,6898
19946548,4885963546,246.0,246.0,244.0,244.5,5549
21608528,5251556179,243.0,244.0,242.0,243.5,8436
42756389,10232256860,243.0,243.5,237.5,238.0,18381
44768048,10668587090,239.5,241.5,236.5,238.0,12132
33230989,8081404960,242.0,244.5,241.0,244.5,10987
129890087,29837344632,228.0,231.5,228.0,229.0,46349
71901975,16282275410,226.5,227.5,225.0,226.5,22048
45206892,10233860296,225.0,227.5,225.0,227.0,13970
48975110,11032111105,225.5,226.0,224.0,225.0,15136
48176657,10766085521,225.0,225.5,221.0,222.0,16253
34443459,7679131764,225.0,225.5,221.0,223.5,10859
28500789,6448117416,224.5,228.0,222.5,227.0,9480
38436942,8633492540,227.0,227.5,222.5,223.0,11445
33507731,7399813831,221.0,222.5,220.0,220.5,12287
28477722,6330594053,221.0,224.0,220.5,223.0,8445
23751759,5309421525,225.0,225.5,221.5,223.5,8951
40324763,9146327464,224.0,228.5,223.5,228.0,13229
35597934,8188991070,228.5,232.0,228.5,229.5,12616
27530377,6337230710,231.0,231.5,229.0,229.5,11051
30693910,7138428530,232.0,234.0,230.5,233.0,11920
23577637,5502726121,234.5,234.5,232.5,233.0,7666
23771769,5493470187,233.5,234.0,229.5,230.5,7810
14834107,3408682013,229.5,230.5,228.5,230.5,5398
27702737,6322484836,231.0,231.5,226.5,226.5,8428
28187541,6327474145,225.5,227.5,223.5,223.5,9720
16417815,3751438835,225.0,230.0,225.0,229.0,7591
22422097,5175634112,230.0,233.5,229.0,229.0,6963
26737899,6146178621,231.5,231.5,228.5,228.5,5059
13450610,3082675140,229.5,230.0,228.5,229.0,4240
16486294,3769909946,228.5,229.5,228.0,228.5,5474
17673270,4020203060,229.5,230.0,226.5,227.0,7239
25770776,5782293276,226.5,226.5,223.5,225.0,11400
49667788,10997306304,224.0,224.0,220.5,221.0,21406
96587458,21553655265,221.5,224.0,220.5,224.0,12737
36652094,8209412370,224.5,226.5,224.0,224.0,7627
31257480,7131988670,227.5,229.0,227.0,229.0,9746
27714384,6329201896,230.0,230.0,226.5,229.0,8509
30375441,6961135060,229.0,230.0,227.0,230.0,9758
25277266,5809345446,231.0,231.5,228.0,230.0,9146
24192851,5493234408,229.0,229.0,226.0,227.0,7775
22028933,4980629259,226.5,227.0,225.0,226.0,6726
30189360,6837374510,225.0,229.0,224.0,229.0,8281
36081120,8311856296,229.0,232.0,228.0,232.0,10687
36932041,8423126398,230.0,230.0,226.5,226.5,12252
49506679,11291127719,225.0,231.0,224.0,231.0,10090
61142624,13754800554,225.5,226.0,224.0,225.0,19088
40708701,9175159127,224.5,227.5,223.5,226.0,13262
32572707,7379769339,227.5,228.0,226.0,226.5,9421
44211409,9994644852,224.5,227.5,224.0,227.5,14388
49058211,10749795782,220.0,220.5,218.0,218.0,17959
43080346,9242648746,215.5,216.0,212.5,214.5,15639
40863414,8742004301,216.0,216.0,212.5,213.0,12681
38816780,8231075920,211.0,214.5,210.0,212.0,10772
36848680,7919779720,212.0,217.0,212.0,216.5,8652
33496442,7257081470,218.5,219.0,214.0,214.0,8508
28663220,6173115899,215.5,218.0,213.5,214.5,7758
15359295,3324927032,217.0,217.5,215.5,216.0,5434
18225416,3904832940,214.0,215.0,213.0,214.5,5581
31344962,6779063394,217.5,217.5,215.0,217.0,8620
41165793,9100880393,219.5,223.0,218.5,221.5,14795
20196957,4498264914,223.0,224.0,222.0,222.0,6922
19854690,4355547100,220.0,220.0,218.0,220.0,7437
23806051,5246628771,218.0,222.0,218.0,220.5,7885
30419311,6799894334,222.5,224.5,222.5,224.5,11723
16107254,3612296896,224.5,225.0,223.5,223.5,6321
22554436,5003028272,222.5,223.5,221.0,221.5,8636
45802658,10221407834,223.0,224.0,222.0,223.0,12139
43976216,9930715930,225.5,227.0,224.5,224.5,12076
103652023,24367904428,235.0,237.5,233.0,237.5,39544
52269877,12621500480,239.0,245.0,238.5,241.0,19777
27468267,6599675515,240.0,241.5,238.5,241.0,10574
21530312,5173924310,239.0,241.0,239.0,240.5,8491
30856388,7435261120,241.0,242.5,239.5,241.0,10235
27129646,6605479210,242.0,244.5,241.0,244.5,12493
22803730,5585710909,244.5,245.5,244.0,245.5,9953
28202542,6912550610,243.5,246.0,242.0,246.0,9460
29777161,7375488342,247.0,248.0,246.5,248.0,11667
22775110,5611725541,249.0,249.5,243.5,244.5,10343
25165097,6205758662,246.0,248.0,245.0,247.0,9585
22364568,5487396854,245.0,247.0,244.0,245.5,9732
24352418,5922738042,245.0,245.5,241.5,241.5,9665
24382432,6011480272,245.0,247.5,244.5,247.5,10247
15128655,3740736404,247.0,248.0,246.0,247.0,7127
16125492,3961311040,246.5,247.0,244.5,245.0,6558
17881194,4302280285,241.5,243.0,239.0,240.5,9875
17488913,4262753253,245.0,245.0,242.5,243.5,7415
19236321,4642117523,244.5,244.5,239.5,241.5,8920
19155966,4587260340,238.0,241.5,238.0,239.0,9397
19634474,4707354383,239.5,241.0,239.0,239.5,6680
17014437,4068729103,239.5,240.0,238.0,239.5,6640
13871127,3328215657,239.0,241.0,238.5,241.0,5474
12679240,3063201922,241.5,242.5,240.5,242.0,5009
17216240,4200671070,243.0,244.5,243.0,244.5,5660
15446943,3772959070,245.5,246.0,243.0,243.5,5099
15579299,3825736755,246.0,246.5,244.5,245.0,7858
40410531,10075613779,248.5,250.0,248.0,249.5,16881
57633182,14784556456,253.5,259.0,253.5,259.0,25668
52622808,13914404873,264.5,268.0,262.5,263.5,22862
70000506,17920548387,257.5,259.0,254.0,256.0,19019
34510555,8901193266,259.0,260.0,256.5,257.0,11442
41455615,10654493061,258.5,259.5,255.5,257.5,9069
52706459,13833360422,260.0,264.5,259.0,264.0,16421
39779488,10467251488,268.0,268.0,261.0,261.0,11996
44746728,11753033262,263.0,264.0,260.5,264.0,15015
62851599,16669866076,266.5,266.5,262.5,264.5,15504
44981276,11709484991,263.0,263.5,258.0,260.0,14768
38415965,9987682900,261.0,262.0,258.0,260.5,12104
37959180,9721989110,260.0,260.0,253.5,255.0,14987
40034219,10379404959,257.0,261.5,257.0,261.0,15690
25041358,6483537091,262.5,262.5,257.0,258.0,10710
34381152,8771502830,256.5,257.0,254.0,254.5,11097
69978711,18074954749,258.0,260.0,257.0,258.0,14056
35577071,9225009310,261.5,261.5,257.5,260.0,9444
36500974,9510363894,261.5,261.5,258.0,261.5,10159
24978062,6552894296,261.5,264.0,260.5,263.5,10082
25061115,6577367245,263.0,263.5,261.0,263.5,7007
38495371,10185827315,264.0,266.0,262.0,265.0,11536
39645486,10412455506,266.0,266.0,260.0,262.5,13060
22409380,5882532290,262.0,264.0,261.0,263.0,11914
38391491,9926505357,262.0,263.0,257.0,257.5,17095
25228536,6527393860,257.5,260.0,257.0,260.0,9992
38009727,9690178362,257.0,257.5,254.0,254.0,15094
40396660,10101451270,250.0,253.0,248.5,250.0,16031
51083958,12426290240,245.5,246.5,241.0,243.5,20745
28933345,7051600725,243.5,245.0,242.0,244.0,11743
96033657,22115862239,233.5,233.5,227.0,227.5,37543
54439769,12650322522,231.0,237.0,229.0,237.0,17980
46471280,10766953220,234.0,234.0,230.5,230.5,16558
39129077,9155829047,229.5,237.0,229.0,237.0,15182
42887858,10318955161,241.5,243.0,238.0,238.5,17550
27793430,6587887632,238.0,239.0,235.5,236.5,10599
29648460,6927405460,231.0,236.5,230.0,236.0,12378
29275777,6872467149,232.5,238.0,231.5,237.0,10384
36757745,8538586595,232.0,234.0,230.0,230.0,13071
45480950,10426514872,230.0,231.0,227.0,229.5,17339
75524118,16643542368,220.5,222.0,219.5,219.5,27514
54073644,11941421696,223.0,224.0,217.0,221.0,17106
18463792,4107663616,223.0,224.0,221.0,222.5,7679
29085931,6487213284,221.0,225.0,220.5,223.0,8574
59933201,13844478353,228.0,234.0,228.0,234.0,19183
44514797,10480329245,236.0,237.0,233.0,235.5,11435
30785361,7249667833,236.5,236.5,233.5,236.5,11223
28157065,6592130635,233.0,235.5,232.0,235.0,6994
35501176,8311988968,234.0,235.5,232.5,234.5,7013
39842652,9337023278,233.0,236.0,232.5,234.0,7387
28086146,6645771069,237.5,237.5,236.0,236.5,9461
23792081,5526997792,234.5,234.5,231.0,231.0,7886
26202445,6101377163,230.0,234.5,230.0,231.5,6252
37565127,8504691960,224.5,228.0,224.5,227.5,11507
24565279,5639284241,230.0,231.0,228.5,228.5,6007
22230228,5124189444,229.5,232.0,228.5,231.0,5996
47138909,10696822542,229.0,229.0,225.0,226.0,16009
51034754,11355347628,225.0,225.0,221.0,222.0,16289
45686756,9995960780,219.0,220.5,218.0,218.0,16874
38478343,8361178460,214.5,220.0,214.0,219.0,13580
22060610,4867686945,221.5,222.0,219.0,219.0,9095
15553334,3406422046,220.5,220.5,217.0,218.5,6164
35267804,7847501792,219.0,224.0,218.5,223.0,9422
32676349,7239283641,220.0,224.5,219.0,224.0,10170
24759026,5560623349,222.5,227.0,222.0,226.5,8316
46206207,10629450003,231.5,231.5,229.0,229.0,15849
57352957,12995823319,229.5,231.0,225.5,225.5,10931
49612186,11579966474,231.0,235.0,231.0,235.0,19747
41947162,9791147799,233.0,234.5,231.0,234.0,12545
45634576,10316394736,226.5,227.5,225.0,226.0,15703
40181112,8853295746,220.0,222.0,219.5,220.0,15702
31997568,7097739916,222.5,223.5,220.5,221.0,8315
26229461,5744814170,219.5,220.0,218.5,219.0,8650
27395220,6067551383,220.0,223.0,219.0,222.5,8509
32926379,7418108779,223.5,227.0,222.5,226.5,9117
32433141,7345479366,227.0,227.5,225.0,226.0,8635
43226159,9570070114,223.0,223.5,220.5,222.5,10454
18964952,4229977248,221.0,225.0,220.0,223.5,6449
30270541,6713448829,221.0,223.0,220.5,222.5,10521
23415082,5255393450,222.0,225.5,222.0,225.5,7875
38697116,8573665030,221.0,222.5,221.0,221.0,10528
46947532,10401202852,219.0,224.0,219.0,223.5,9554
5185247,1145814834,220.0,221.5,220.0,221.5,2229
23376100,5151549100,221.5,221.5,219.5,220.0,6122
19402777,4198767163,215.5,218.0,215.0,217.5,8065
16893259,3678108462,218.5,219.5,216.0,216.5,6998
21915484,4874845852,222.0,224.0,220.5,223.0,9531
30156773,6762447425,223.5,225.5,222.5,225.5,10247
32900482,7276419230,226.5,226.5,219.0,219.5,12329
34615620,7459051790,214.0,218.0,214.0,215.5,14549
67043521,13987136785,211.5,211.5,206.5,208.0,28786
35695176,7591116569,212.0,214.0,211.0,213.0,11224
23794481,5019703557,212.0,212.5,210.0,211.0,9377
51255446,11006827093,212.0,216.5,211.0,215.5,14098
20832593,4491377349,216.0,216.5,214.5,216.0,6018
28658288,6296719320,219.0,220.5,218.0,220.5,11198
17612296,3844735324,218.5,220.0,217.0,218.5,6469
42990923,9399209983,216.5,221.0,215.5,221.0,11609
30038282,6563789758,218.5,220.0,217.5,217.5,8950
21163986,4646131841,218.0,221.0,218.0,220.5,8288
52677569,11530053787,219.0,220.0,217.5,218.5,15157
32515866,7208829658,220.0,223.0,220.0,221.0,10549
30958483,6854867566,220.0,223.0,219.0,223.0,8258
18671213,4121110926,221.5,222.0,220.0,220.5,7059
31348924,6958753608,222.5,222.5,220.5,222.5,6291
48039764,10870045150,226.5,227.0,225.0,226.0,14979
29134257,6665379096,229.5,229.5,228.0,229.0,10189
42566520,9486156460,222.5,225.0,222.0,222.5,13344
51889945,11453957730,220.5,221.5,220.0,221.0,12858
81360106,18546167132,228.0,229.0,226.5,228.0,21689
30125670,6921488930,230.0,230.0,229.0,230.0,13313
28634925,6575201825,232.0,232.0,228.5,229.0,10230
23647751,5392943977,229.5,230.0,226.0,227.0,6873
22369799,5093773373,229.0,229.0,226.5,227.0,5743
18163916,4169729625,229.0,230.5,228.5,230.0,7035
18423023,4228108427,230.0,230.5,229.0,229.0,6471
31887710,7430197670,231.5,234.5,231.0,234.5,14241
34013489,8013908284,235.5,236.5,234.5,236.5,11443
22032163,5187054985,235.5,236.5,234.0,236.5,6913
25227138,5995746054,237.5,239.0,236.0,238.0,8527
24586789,5864298571,239.0,240.0,236.5,239.5,7994
37947889,9052540803,238.5,239.5,237.0,239.0,9931
45164513,10691130829,239.5,239.5,234.5,235.5,13323
23708407,5533050748,234.0,234.5,232.5,233.0,8706
20811226,4872352124,235.0,235.5,233.5,234.0,7090
17226192,4029782428,235.0,235.0,233.0,234.0,5768
22535659,5183171608,231.0,231.5,229.0,230.0,8931
34282793,7835079913,228.0,230.5,227.5,230.5,7451
23839972,5601351324,233.0,237.0,232.5,235.5,9253
22493195,5308051755,234.0,237.0,234.0,237.0,6269
17281356,4077045380,239.0,239.0,234.0,234.5,6564
34542729,8231572752,237.0,239.5,235.5,239.0,8872
27040532,6493129050,239.5,241.0,239.0,241.0,10690
14620009,3496720720,239.0,240.5,238.0,240.5,7105
23055971,5563557011,242.0,242.0,239.5,242.0,6757
27514502,6710510004,242.5,245.5,241.0,245.5,11071
22996467,5680726299,248.0,248.5,244.5,248.5,10485
19273254,4662705968,240.5,243.5,240.5,241.5,8468
21053170,5109273236,243.0,244.0,241.0,244.0,6630
23622089,5703467700,242.0,242.5,240.5,241.5,7603
13998054,3379510718,240.5,242.5,240.0,242.0,3948
31024810,7568601014,243.0,245.5,240.5,245.5,6712
35330656,8758161220,251.0,251.0,245.0,245.5,13292
25189053,6226523038,249.5,249.5,246.0,246.0,9171
28581323,7075597562,249.0,249.0,246.5,246.5,8067
46426821,11682512762,251.0,253.0,250.5,253.0,16430
22745674,5760337782,253.0,254.0,252.0,254.0,8323
33174934,8403528302,253.0,254.5,252.0,254.0,9992
25146840,6347861680,253.0,254.0,251.5,252.0,8284
13888148,3496444666,251.5,253.0,251.0,252.0,4931
17257002,4403988510,255.0,256.0,254.0,255.5,6739
20231648,5185697928,257.0,257.0,255.5,257.0,7676
39037191,10202504410,260.0,263.0,259.5,261.5,13486
48525490,12836006732,264.0,266.0,263.5,264.5,12208
47698699,12712409558,269.0,269.5,263.5,264.5,14431
24967393,6635995145,266.5,267.5,265.0,266.0,8527
26251847,7017363629,266.5,268.0,266.0,268.0,9394
37386755,10044241090,270.0,270.0,267.5,269.0,9687
36572455,9800038536,268.5,269.0,267.0,267.5,7331
51743804,13459329059,262.0,263.0,257.5,260.0,16674
32651618,8477117257,260.0,262.0,258.5,259.5,10407
40446419,10484399861,260.0,260.5,258.0,259.0,10939
27376394,7122135656,261.5,262.5,258.5,259.0,9110
30200246,7940572444,262.0,265.0,260.5,265.0,10068
33688187,8717053470,260.0,260.0,258.0,259.0,12535
25686126,6719199455,259.5,263.0,259.0,262.5,8339
25902364,6750083504,260.0,261.5,259.5,260.0,7905
34166574,8798140796,259.5,259.5,256.0,256.5,10995
18868212,4844594484,257.0,259.0,255.0,256.0,8009
29317535,7374249589,253.0,254.0,249.5,250.5,11974
45620708,11345067455,247.5,251.0,245.0,248.5,14283
37223479,9327051888,251.0,252.0,249.0,249.0,12041
30331519,7520908612,248.5,249.5,246.0,247.0,11402
40006856,9775372898,249.0,249.0,241.5,241.5,15217
47097661,11303513908,242.5,243.0,238.0,238.0,13099
82872775,19418705158,233.5,236.0,232.5,234.0,25418
36289034,8669172710,236.5,240.5,235.5,238.0,14019
62258627,14379543985,233.5,233.5,230.0,230.0,24974
38226789,8866253632,230.0,234.0,230.0,233.0,14586
37447033,8697538216,234.0,235.0,231.0,231.0,13895
99322033,22910765567,232.0,232.0,230.5,230.5,10122
32260236,7385029780,228.0,230.5,227.0,229.5,10233
40375328,9292745636,230.0,231.5,229.0,231.0,8772
49163217,11559578381,232.0,237.5,231.0,235.5,14365
36687092,8651389851,235.5,238.5,232.0,238.0,8857
24443428,5745045809,237.5,238.0,233.0,233.0,11779
35901584,8461930934,238.0,238.0,234.0,235.0,12064
34651731,8008768323,231.5,232.0,229.5,232.0,14723
35521888,8442986620,237.5,240.0,234.5,240.0,15588
34691670,8448805962,240.0,246.0,239.0,244.5,13157
30409556,7469805086,244.5,247.5,243.0,246.0,11457
33731724,8136137708,242.5,244.0,240.0,240.0,13552
35403556,8396819832,238.5,239.5,236.0,236.0,14911
51692012,12043369475,231.5,235.0,230.5,233.0,20943
28798087,6758454612,234.0,235.5,233.0,235.5,9681
50234372,12181979568,242.5,244.0,240.5,244.0,20528
39717291,9697726719,242.0,245.5,241.0,245.0,13879
62136304,15398139830,248.0,248.5,246.0,248.5,19049
43460507,10476936660,241.0,242.0,240.0,241.0,17780
29735283,7118002390,241.0,241.5,237.0,238.5,11130
28770041,6757991717,235.0,236.5,234.0,234.5,13535
42007834,10063332494,236.0,241.5,236.0,240.5,14983
28085212,6715488371,241.5,241.5,238.0,239.0,8987
66370875,16445222750,245.5,250.0,245.0,248.5,29551
26832202,6671951743,249.5,250.0,247.5,249.0,12531
29549774,7190777082,244.0,245.0,242.0,242.5,16033
18691240,4561556160,244.5,245.0,242.5,244.0,8565
27317074,6624379927,244.5,245.0,241.5,243.0,9013
29190909,7057462187,240.0,244.5,240.0,242.5,10552
16538987,3998096596,241.5,243.0,240.5,242.0,6486
23812131,5839691357,243.0,247.0,243.0,247.0,12366
31296289,7809358257,250.0,250.0,247.5,250.0,14360
23868432,5984689000,252.0,252.0,249.5,250.5,8363
34264300,8663129910,251.0,254.5,249.5,254.5,12174
26141249,6678755679,254.0,256.5,253.5,256.0,8994
34346648,8686815824,254.0,254.0,251.0,252.0,11106
20908575,5300082470,252.0,254.5,251.5,254.0,8245
59879798,15573278932,259.5,261.0,259.0,259.0,21827
31863639,8385222407,263.0,264.0,262.0,264.0,13424
29273223,7734089131,265.5,266.5,262.5,264.0,12791
24511039,6484708226,266.5,266.5,263.0,265.0,10617
30698545,8091922380,264.0,265.0,261.5,265.0,10643
20768071,5434082968,261.0,262.5,261.0,261.0,8850
18473320,4822762518,260.0,262.0,259.5,261.0,6681
22895612,5975389270,262.5,263.0,260.0,260.0,7191
36365601,9413416604,260.0,260.0,257.0,259.5,10468
30107526,7722031382,257.5,257.5,255.5,256.5,11372
54165644,13627068452,252.0,253.5,250.5,251.5,18096
52835721,13092403583,251.0,252.0,245.5,246.5,20136
58916879,14440787992,240.0,250.0,240.0,248.5,22358
29435460,7305272500,250.0,250.5,246.5,248.0,11208
30140266,7599200564,248.0,254.0,248.0,253.5,11228
24732603,6242935989,254.5,254.5,251.0,251.0,8415
25045107,6204239476,249.0,249.5,246.5,246.5,11377
36336703,9142333535,252.5,254.0,249.5,249.5,13609
28277412,6994442633,247.0,248.5,246.0,248.0,10852
25696715,6420744887,249.5,252.0,248.0,250.0,8994
25098514,6326683127,251.5,253.0,250.5,252.0,9398
20620494,5233263533,254.0,254.5,252.5,254.5,8214
20269296,5152545480,254.5,255.0,253.0,254.5,7383
22136840,5659296700,257.0,257.5,254.0,254.0,8794
14772877,3748071178,253.5,254.5,253.0,254.0,5663
31740620,7910873500,249.0,250.5,248.5,248.5,13388
53664951,13410582151,250.5,251.0,248.5,250.0,8939
15280882,3852096070,250.5,253.0,250.5,252.0,6829
20085767,5078703588,253.0,254.0,251.0,254.0,6596
35299201,9092482858,256.5,259.0,256.0,259.0,13703
14776854,3800453292,258.0,258.0,256.0,257.5,7608
26086495,6642868555,256.5,258.0,253.0,254.0,11210
23697733,6081456520,254.0,258.0,254.0,257.5,9291
49041728,12869665251,263.0,263.0,260.5,263.0,22796
26609515,7016868801,265.0,265.0,263.0,263.5,11957
17317833,4585545966,265.5,266.0,263.5,265.0,8762
30019866,7862297242,263.5,264.0,260.5,261.5,11831
36266015,9508884445,264.0,264.5,260.5,263.0,12058
38792293,10198483555,265.0,265.0,261.5,262.5,8282
38913966,10258240252,262.0,265.5,261.5,265.5,11120
30069844,7979032930,266.5,266.5,264.5,265.0,9222
51360759,13754334364,267.0,269.5,266.5,267.0,17993
27165567,7216457755,268.0,268.0,264.0,265.0,10194
44555865,11785924559,266.0,266.5,264.0,264.0,9109
14220208,3749146092,264.0,264.0,263.0,264.0,5647
24304943,6419420695,263.5,265.5,262.0,265.0,9180
23244163,6144037875,262.5,266.0,262.0,266.0,7145
34128103,9139219995,269.0,269.5,266.5,268.0,11861
44242817,12021629536,271.5,272.5,271.0,272.0,16626
75248890,20886838992,273.0,280.5,273.0,280.0,26648
30572953,8553297334,280.0,281.0,279.0,279.5,12294
35874864,9891620358,274.0,277.5,274.0,276.5,12853
35814613,9924872301,279.5,280.0,275.0,276.5,13780
17750230,4944376000,279.0,279.5,277.5,278.0,7757
39868551,11341522526,283.5,286.5,282.5,286.5,16721
34895456,9890256397,283.5,286.0,282.0,282.0,14567
53403517,15508059122,291.5,291.5,288.5,290.0,17812
54754830,16088110873,293.5,296.0,292.0,293.5,15485
42917144,12670374493,298.0,298.0,293.5,296.5,16650
41920938,12296120182,295.0,295.5,292.0,293.5,15170
45460984,13299843176,293.0,295.5,291.0,293.0,18000
35860365,10389254035,291.0,291.0,288.5,290.0,14682
26525020,7767636380,292.5,294.0,291.5,294.0,10186
30382408,8877572772,293.5,293.5,290.5,293.0,11753
29040827,8488069650,294.5,294.5,291.0,293.0,10649
25082711,7362074526,294.5,294.5,292.5,293.5,11064
20216561,5958714595,295.0,295.5,294.0,294.5,9257
37130131,11044649541,297.0,298.5,296.5,298.5,14060
32370342,9646551600,298.5,299.5,296.5,299.5,11084
43123514,12921309531,300.0,301.5,298.5,298.5,12997
30216678,8998151212,299.5,299.5,296.5,299.0,10241
45155671,13767873778,302.5,308.0,301.0,307.0,18475
32253184,9965563625,307.5,310.5,307.0,310.5,13698
22149743,6864516290,309.0,311.5,308.0,311.0,9660
28453659,8769417841,310.0,310.0,306.5,309.0,12277
26230542,8040782450,308.5,309.0,305.5,305.5,12740
35285583,10660082266,305.0,305.0,300.0,301.0,15246
19016708,5774255431,302.5,305.0,302.0,305.0,8957
18422438,5583245970,303.0,304.0,301.5,304.0,6039
15734835,4776767840,304.5,305.0,302.0,303.5,6219
29038445,8891701115,305.5,307.5,304.5,307.0,8672
18741325,5796331075,308.5,311.0,307.0,311.0,8420
33096197,10365611120,312.5,315.0,311.0,315.0,11121
24538973,7681229345,314.0,314.0,312.0,313.5,9143
30163833,9329845096,309.5,311.0,307.0,311.0,11638
26492984,8188665024,310.0,310.5,308.0,309.0,9407
19855177,6133713443,310.5,310.5,307.0,307.0,8067
101916622,31332308518,310.0,310.5,307.0,307.0,10321
18527648,5732316828,307.5,311.5,307.5,311.0,7916
19718982,6111322584,310.0,312.0,308.5,309.5,9289
32423561,9922872967,309.0,309.5,305.0,305.0,15368
25516807,7844458306,307.0,308.0,306.5,307.5,8465
27686319,8472595177,305.0,307.0,305.0,307.0,9206
34911686,10652239802,305.0,306.0,304.0,306.0,9989
39349842,12240671524,309.0,312.0,309.0,312.0,13587
18402703,5771010050,315.0,316.0,311.0,313.0,8974
23556081,7433484496,314.0,316.5,314.0,316.0,10583
20847594,6540475540,315.0,315.5,312.5,313.5,8702
34329148,10866410212,314.0,319.0,313.0,319.0,11689
52801851,17446169339,325.0,334.5,324.0,331.5,22555
60843939,20697194061,340.0,343.0,338.0,339.0,23025
48340188,16272523200,336.5,338.5,336.0,336.0,16938
41428458,14153896438,335.0,345.0,335.0,345.0,16808
42486841,14594689501,341.5,345.0,341.5,344.5,15836
55667012,18774880620,340.0,342.0,335.0,335.0,28105
86280459,28483237354,332.0,333.0,328.5,329.0,28112
26911340,8923609754,329.5,334.0,329.5,334.0,12310
13783907,4591661991,334.0,334.5,332.0,332.0,7887
12262954,4075131136,332.0,334.5,331.0,333.0,7597
11427884,3803665702,333.0,334.0,331.5,333.0,6439
16677806,5624251712,335.0,338.0,335.0,338.0,8660
21591263,7270827164,338.0,339.0,334.0,334.5,10468
22950517,7614538961,331.0,333.5,331.0,331.0,12253
33282120,11224165450,332.5,339.0,332.5,339.0,17160
42023268,14295651580,344.0,345.0,335.5,339.5,20545
45677057,15210531318,333.0,334.5,332.0,332.0,22944
51746181,17053282011,332.5,333.0,326.5,329.5,22362
37913748,12484410088,325.0,333.0,325.0,329.5,18228
32397504,10890847940,335.0,337.5,333.5,337.5,16793
27880115,9432320316,340.5,341.0,336.0,339.5,13296
30663332,10455852739,342.0,342.0,339.0,341.5,13457
30368993,10488360978,345.5,346.0,344.5,346.0,16339
54575274,18590754206,345.0,345.0,337.5,340.0,20392
58217420,19431133895,330.0,336.5,330.0,334.5,24721
53908097,17977119406,334.0,335.5,332.0,333.0,23954
35551203,11865436839,334.0,335.5,333.0,333.0,15095
126820049,40734449874,326.0,326.0,316.5,316.5,55603
62912055,20205365710,323.0,323.5,319.0,320.0,22639
59711849,18782694826,315.0,316.5,312.0,315.0,26483
52208496,16882411296,319.0,326.0,318.0,325.0,22587
36601453,11985817083,329.0,329.5,324.5,327.5,16656
29659094,9803038836,329.5,332.5,329.0,332.5,14246
30055327,9869903253,330.0,330.5,326.0,328.0,13075
30814424,10024967927,321.5,328.0,321.0,327.5,14825
29062935,9629938182,330.5,332.5,330.0,331.5,12766
37612639,12593082711,333.5,336.0,333.0,335.0,17394
23217021,7805299096,338.0,338.0,335.0,335.0,12563
18326683,6155862838,337.0,337.0,334.5,335.0,7881
16145079,5354339726,331.5,333.0,330.5,331.5,9747
64662604,20957801150,324.5,326.5,322.0,322.0,36520
48856218,15881609046,322.5,327.0,322.0,326.5,16003
27061736,8832642641,328.0,329.0,325.0,325.5,11695
22974534,7463007621,325.5,326.5,323.0,325.0,9342
42946680,13754512932,319.5,321.5,319.5,320.0,18902
38674011,12425785349,320.0,323.5,317.5,322.0,17366
60768362,19341695595,317.0,320.5,316.5,318.5,24310
62401927,19756146876,319.0,320.0,315.0,316.0,20633
86372942,26864484400,308.0,317.0,308.0,311.0,35320
55169411,17534766696,318.5,320.0,316.0,317.5,20713
44745146,14304795666,322.0,322.0,317.0,320.5,16118
38223525,12392618100,325.0,326.0,323.0,323.0,15107
52807760,16733485610,320.0,320.5,315.0,315.0,24175
88633277,27236002054,307.5,310.0,305.5,305.5,44882
74869130,22727941511,301.5,309.0,301.0,307.0,30268
64923710,19913151529,309.0,310.5,302.0,302.0,27176
114173351,33544278206,299.0,299.0,287.0,294.0,56989
151268148,42448997546,275.0,294.0,272.5,290.0,71990
103933228,29343288916,285.0,291.0,275.5,276.5,51292
122409651,32936712540,265.0,276.5,265.0,268.0,57123
118620643,31555231792,269.5,272.5,260.0,260.0,53985
160811697,39559889553,252.0,253.0,235.5,248.0,77302
159179726,42110816042,258.5,270.0,256.0,270.0,69829
76963709,19851467203,257.0,262.5,252.0,255.0,41621
82377933,22207033614,268.0,274.0,266.0,267.5,41077
80514199,22368633590,276.5,280.0,274.0,277.0,40932
54189633,15108299935,279.5,280.0,275.5,280.0,27648
69320306,19324060590,284.0,286.0,273.0,273.0,36025
53403956,14205364184,263.5,269.0,262.5,267.5,27779
53901923,14712557472,273.0,274.0,269.5,274.0,20343
47572034,13022612818,276.5,276.5,271.5,271.5,19580
59712754,16324198154,273.0,275.5,270.0,275.5,19971
48887346,13817936851,283.5,284.0,280.5,283.0,24281
38698826,11016972354,285.0,285.5,283.0,285.0,19126
29276430,8346209654,287.5,288.0,282.5,283.0,15271
28206858,7894277586,280.0,282.0,279.0,279.5,15833
22196596,6202532380,278.5,281.5,278.5,278.5,12809
50196688,14268689661,281.0,285.5,280.0,285.0,22214
58561434,16819851630,287.0,288.5,286.0,287.5,25696
48257280,13813721932,283.0,288.5,283.0,286.5,19084
117447201,35719172728,303.5,308.5,300.5,306.5,60873
44586860,13605802989,308.0,309.0,302.5,304.0,21791
61949357,18417786171,300.5,301.5,293.5,295.0,39043
43568580,12746170556,294.5,295.0,290.5,294.0,25176
39977278,11864085990,300.0,300.0,294.0,295.5,18541
26465090,7799075756,295.5,297.0,294.0,294.0,13661
38493406,11461378300,298.0,298.5,296.0,298.0,15916
37621165,11134919970,298.5,298.5,294.5,296.5,18214
46253301,13861245296,299.0,301.5,298.0,299.0,21633
58439085,17753466901,302.0,305.0,301.5,304.5,26219
72252861,21341931218,294.5,296.5,294.0,295.0,37736
23988405,7104774785,296.5,298.0,295.0,295.5,13569
35704479,10524838077,294.5,296.0,292.5,296.0,16046
28017198,8321170642,294.5,299.0,294.5,297.5,13149
35613893,10619091212,300.0,300.0,296.0,297.5,14345
32379019,9729431840,300.0,301.5,298.5,301.0,14920
52494788,15553012596,297.5,298.5,295.0,295.0,29073
46158418,13619538824,293.0,297.0,292.5,297.0,14555
34480948,10119787160,293.0,295.0,292.5,293.0,21482
44304804,13170466660,297.5,298.5,294.5,298.0,20071
96872065,28216346996,291.0,293.5,290.0,290.0,49640
53083214,15527338138,294.0,294.0,291.5,291.5,22033
36789994,10772280152,293.0,294.0,291.0,294.0,16906
36299468,10782482962,296.0,298.0,295.0,297.5,17064
41138923,12025339565,294.5,295.0,291.0,292.0,22345
32942223,9568008388,290.5,293.0,288.5,292.0,14585
35817481,10609868646,295.0,297.5,293.5,295.5,19524
23375959,6932934823,297.0,298.0,295.5,296.5,11244
32395568,9575118830,298.5,298.5,293.0,294.0,13208
96611181,28172174547,292.0,292.5,290.0,292.0,21037
37936214,11205227094,294.0,296.5,293.5,295.5,15502
26663587,7908476089,296.0,297.5,296.0,296.5,9743
67894337,20354971677,300.0,301.0,298.0,301.0,33062
47225322,14414983532,305.0,306.0,304.0,306.0,24482
44077262,13655618646,308.5,312.0,308.0,311.5,24096
52042921,16500836851,316.0,319.0,315.0,318.0,28581
37068082,11746874522,316.5,319.0,314.0,319.0,19981
42207259,13566733306,319.0,324.0,318.0,322.5,22670
50612255,16340456218,325.5,327.0,318.5,320.5,27061
46970918,14811252573,313.0,317.5,312.5,316.0,25263
51032404,15955585136,316.0,317.5,308.5,309.5,29255
40725216,12823172756,317.0,317.0,314.0,315.0,19377
34692968,10922017056,316.5,317.0,313.5,315.0,16218
35443474,11123108346,314.5,315.0,313.0,314.5,11897
48130280,15102300186,314.0,314.5,312.0,314.5,12915
37374616,11722688924,314.5,316.5,312.0,312.0,18836
41300084,12981121544,316.0,316.5,312.5,315.0,15959
55464024,17641164202,319.0,320.0,316.0,317.5,27086
56672892,17695228688,314.0,315.0,310.0,312.0,30558
49241860,15386428040,313.5,314.0,311.0,313.0,16165
29685342,9400765756,315.0,318.0,314.0,317.5,15617
37789178,12119073560,319.0,322.0,318.0,322.0,18355
55656987,18280314743,327.0,330.5,326.5,329.5,30235
57256220,19200718243,332.5,338.0,332.0,338.0,31866
59046323,20143258406,343.5,346.0,338.0,338.5,32076
33813218,11522915649,337.5,342.5,337.5,341.0,16673
37410376,12912747970,346.0,347.0,343.0,345.0,20205
60902108,21298923681,352.5,353.0,345.5,348.5,32227
49459523,17425372488,351.0,354.5,350.5,354.5,23217
63030150,22602878292,355.0,364.0,354.5,363.5,30996
75105362,27486789803,366.0,370.0,361.0,363.0,37607
68582512,24506038172,359.0,361.0,353.5,357.5,35598
66403485,24244495853,361.0,369.0,360.0,367.0,36729
44940238,16487970674,370.0,370.0,362.5,366.0,23335
64440128,24491627162,372.5,387.0,371.5,383.0,40266
43959670,16844625030,381.0,386.0,379.0,384.0,25530
45397282,17302637512,382.0,383.0,379.0,381.5,22916
90988734,35368857726,390.0,395.0,382.0,386.0,45099
103315640,43637877952,420.5,424.5,416.5,424.5,49294
172157746,77804668620,464.0,466.5,428.5,435.0,92239
88641166,37649278004,428.0,431.5,419.5,422.0,53111
69936949,30329225735,436.5,441.0,428.5,434.0,36627
50484674,21567922126,426.0,432.0,425.5,425.5,27653
77288571,32339719000,420.5,424.0,415.0,416.0,43360
41697445,17600499460,421.5,425.5,418.5,425.5,22250
47460834,20356413204,430.5,433.5,426.0,429.0,24715
43443627,18877761758,437.5,438.0,431.0,435.0,22414
37611388,16218241255,433.5,434.0,428.0,433.0,19739
36067500,15674843876,427.5,437.5,427.5,435.5,21342
34545313,14918017903,432.0,435.0,429.0,429.0,20297
53980474,22721731886,422.0,423.5,419.0,419.0,32761
45669335,19514322038,428.0,429.0,424.5,429.0,21499
24259947,10332447763,424.0,428.0,423.0,427.0,12642
34607731,14930831216,427.0,435.0,425.5,435.0,20823
45504160,19824413320,440.0,440.5,432.0,433.0,21119
31486800,13574970200,436.0,436.5,427.5,427.5,18279
75155235,31353886930,427.0,427.5,401.0,415.0,45670
41956467,17770610338,421.5,427.0,420.0,424.5,23059
49199406,21139093710,427.5,434.5,425.0,428.0,24672
37024899,16076146369,433.5,436.0,430.5,434.5,22035
41406340,18169230108,435.5,442.0,435.0,442.0,25305
57206712,25658355402,448.0,453.5,444.0,444.0,31575
57039210,24868453700,440.0,440.5,431.0,435.0,35253
88569538,38106113563,437.0,439.5,426.5,426.5,28294
50129577,21681382412,430.0,435.0,428.0,435.0,17137
42013407,18268716092,441.0,441.0,430.5,433.0,20242
40683617,17768951582,439.5,439.5,433.5,436.0,17810
51349911,22051596821,427.0,432.5,427.0,429.0,27893
39854584,17060627028,428.0,432.5,425.0,426.0,20003
23714670,10208232440,428.0,433.0,427.5,431.0,12440
40727362,17312991408,425.0,428.0,423.0,427.0,21740
35281921,15275112115,432.5,435.0,430.5,435.0,18244
34893469,15171902036,435.5,436.5,432.5,436.5,14647
39325833,17282659859,436.0,442.0,435.5,441.0,19854
39661449,17608049536,440.5,447.0,439.5,445.0,21845
70608238,32379722344,460.0,462.0,455.5,458.0,38172
44420506,20006793320,453.0,455.0,446.5,448.5,26718
52999922,23598268654,447.0,449.5,443.0,444.0,20849
40193920,17842486882,443.5,450.0,440.0,440.0,25834
36842639,16140184501,440.0,441.0,436.0,437.0,22692
47426963,20592831368,436.0,438.5,432.0,433.5,27828
82510381,35076048246,425.5,429.0,423.0,423.0,54922
41263269,17522224043,427.0,428.0,421.0,424.0,23290
34427479,14758341446,427.0,431.5,424.5,431.5,19286
42730502,18419905574,432.5,435.0,428.0,431.0,18647
28859204,12496613056,430.5,435.0,430.5,433.0,14203
33238832,14450407588,438.0,438.0,431.5,432.5,18148
36276395,15935558262,441.5,442.0,437.5,439.5,20189
44691239,19693987093,435.0,445.0,435.0,443.0,24438
60853811,27461867933,450.0,454.0,448.5,453.0,37378
67645223,31061721030,458.0,462.0,457.5,460.0,36118
46303738,21346346714,465.0,465.0,456.5,462.0,25938
52677241,24157138176,460.5,461.0,457.0,459.0,22599
49987278,22668836399,456.0,456.5,450.0,453.0,23794
48274801,21775749575,451.0,456.0,448.5,449.0,26602
34846906,15854021670,453.0,457.5,451.0,457.5,17112
26567638,12065806730,455.5,457.0,451.0,451.0,12725
29906921,13561798906,453.5,456.0,451.0,453.0,15490
25285547,11435937453,450.0,455.0,449.5,455.0,10354
18777385,8516604326,458.0,458.0,451.5,452.0,9909
15800622,7136001014,455.0,455.0,450.0,450.0,17664
31795010,14213282507,447.5,448.5,445.5,447.0,30644
26221663,11660544725,445.0,447.0,443.0,444.0,35598
43075387,18832675652,436.5,439.5,435.5,437.0,55027
49770771,21614729093,437.0,437.0,432.0,432.0,46871
34539576,14901775161,433.0,435.5,428.0,435.5,35704
31461727,13852498196,439.5,443.0,438.0,441.0,21031
37929652,16969841989,444.5,451.5,443.0,450.0,30087
36539446,16404944484,451.5,451.5,445.5,451.0,24764
32644190,14788989058,455.0,455.5,450.0,452.5,20999
43415670,19865414906,458.0,460.0,454.0,458.5,27868
36786882,16610287996,452.0,454.5,448.5,451.0,31009
40355804,18326545251,448.5,457.0,448.5,457.0,23150
57993774,26690353577,463.0,463.5,457.5,458.0,28011
31483881,14478873331,459.0,462.0,456.5,462.0,21663
83380911,39658459663,470.0,484.5,469.0,484.0,67363
75763870,37446278783,502.0,506.0,485.5,485.5,68560
56607501,27883387314,490.0,497.0,486.5,497.0,38186
47345316,23320435165,499.0,499.0,490.0,490.0,40198
35242579,17191897556,486.0,490.0,486.0,488.0,30557
43708352,21661263304,494.5,498.5,492.0,496.5,26794
38630079,19113408398,499.5,500.0,491.5,492.0,34407
47179640,23142083458,495.0,495.5,487.0,487.0,40066
31844322,15606951086,489.0,493.5,488.0,489.0,19587
35196829,17205872680,487.5,492.0,486.5,489.0,21314
149311778,72095050187,493.0,493.5,480.5,480.5,49362
38341265,18719729411,489.5,490.0,483.5,490.0,24827
60208035,29970556095,499.5,500.0,493.5,499.0,35624
36919644,18369786608,499.5,499.5,495.0,497.0,25651
54471042,27307472890,498.5,505.0,497.5,503.0,35708
45493551,23243392840,512.0,515.0,506.0,514.0,34767
41830257,21673267551,514.0,525.0,509.0,524.0,35895
46831705,24416275048,521.0,524.0,520.0,520.0,31749
43991133,22516917355,511.0,515.0,510.0,512.0,49079
51296611,26259941709,517.0,517.0,505.0,516.0,50929
30809747,15703026732,512.0,513.0,508.0,508.0,33415
43059899,21780400998,507.0,510.0,504.0,504.0,43967
53661282,27504184031,509.0,515.0,507.0,512.0,30574
39285785,20052530030,515.0,515.0,508.0,508.0,34785
40625502,20690792789,508.0,512.0,507.0,510.0,20638
35153138,18033402498,512.0,517.0,508.0,516.0,21765
25632245,13125205685,512.0,516.0,509.0,509.0,25973
18320849,9321219765,508.0,511.0,506.0,509.0,16428
15218008,7759366699,511.0,512.0,508.0,510.0,12743
12581145,6449612552,514.0,515.0,510.0,511.0,14988
19520886,10023145125,512.0,515.0,509.0,515.0,16675
20226736,10409159045,515.0,517.0,513.0,515.0,17187
46705107,24306881615,516.0,525.0,514.0,525.0,33173
31173332,16437646054,526.0,530.0,524.0,530.0,25138
39489959,21127581248,530.0,540.0,528.0,536.0,33316
34839391,18761831567,536.0,542.0,535.0,542.0,28512
55614434,30572783229,555.0,555.0,541.0,549.0,55462
53392763,30018630685,554.0,570.0,553.0,565.0,47905
62957148,36339702855,580.0,580.0,571.0,580.0,56426
52771778,30535694908,577.0,584.0,574.0,584.0,49539
52605212,30958142918,583.0,597.0,582.0,591.0,59595
75707681,45419255149,595.0,605.0,593.0,605.0,59966
90309708,53477747672,587.0,597.0,587.0,592.0,111849
100998199,61876473170,621.0,625.0,601.0,601.0,105961
50388664,30406611574,608.0,608.0,594.0,607.0,49008
52947466,32934404720,618.0,632.0,613.0,627.0,55490
95484470,61279319857,633.0,650.0,631.0,647.0,95577
97590371,64624578866,640.0,679.0,640.0,673.0,115004
134238314,88023707664,649.0,665.0,649.0,649.0,235186
98608285,62583576696,642.0,646.0,626.0,633.0,154134
114797609,71638808826,632.0,640.0,610.0,617.0,177764
72823691,44931754892,618.0,625.0,611.0,615.0,77274
104181514,62647021616,600.0,608.0,598.0,601.0,157835
96875889,58399782288,619.0,619.0,591.0,591.0,129394
70161939,42004241697,595.0,612.0,587.0,611.0,81346
80724207,50938461582,629.0,638.0,622.0,632.0,82687
59763227,37926170035,638.0,642.0,630.0,630.0,56515
47547873,29765963971,626.0,632.0,620.0,627.0,44668
57350831,36435290641,638.0,641.0,631.0,632.0,51140
115578402,76728732025,663.0,668.0,660.0,663.0,91925
54520341,36024245089,664.0,665.0,656.0,660.0,49914
51651844,33676514428,656.0,657.0,647.0,652.0,63171
39512078,25885948680,660.0,662.0,650.0,650.0,47116
52868029,33779796222,641.0,643.0,633.0,641.0,73349
80010637,50333904697,627.0,636.0,625.0,625.0,138264
45279276,28634410089,636.0,636.0,628.0,635.0,46506
137933162,84194194399,611.0,618.0,606.0,606.0,212428
57792973,35565213485,621.0,622.0,609.0,609.0,71325
61171387,37550028241,609.0,622.0,601.0,622.0,57677
75508388,45662897489,609.0,611.0,601.0,601.0,143916
85579527,50968119396,588.0,605.0,584.0,601.0,127693
47676630,28737004484,608.0,610.0,598.0,598.0,84570
74471341,43957092621,585.0,595.0,585.0,595.0,119867
41735443,24904320192,601.0,601.0,593.0,597.0,54196
55462783,33584884382,596.0,612.0,595.0,609.0,47948
33876990,20780886905,615.0,618.0,609.0,614.0,36145
29767904,18194081208,614.0,614.0,609.0,611.0,26753
37780820,23074187740,610.0,613.0,607.0,613.0,37573
43942131,26638906800,612.0,612.0,602.0,604.0,68585
30223846,18286667342,606.0,609.0,602.0,602.0,31677
74960854,44407634402,594.0,598.0,591.0,591.0,106938
35931375,21250445678,588.0,598.0,586.0,593.0,55005
31933358,19057386513,597.0,603.0,593.0,594.0,36423
115318351,66559451738,571.0,582.0,571.0,576.0,242138
74225812,42594849855,572.0,581.0,570.0,575.0,115951
37937242,22271364837,582.0,592.0,580.0,590.0,49718
40573913,24302039570,599.0,602.0,596.0,599.0,44500
34686346,20661203325,600.0,600.0,592.0,597.0,46755
44454672,26217366895,596.0,597.0,587.0,587.0,70527
45972766,27520742963,598.0,602.0,594.0,602.0,48170
37664216,23045132094,615.0,616.0,608.0,610.0,42422
28140964,17175949080,614.0,614.0,608.0,610.0,28395
26658283,16217570357,606.0,613.0,603.0,613.0,32098
31601619,19344167081,618.0,618.0,609.0,610.0,28920
23319822,14155495430,612.0,613.0,603.0,605.0,33422
27386926,16638680378,604.0,613.0,604.0,605.0,30438
31144922,18868308243,608.0,612.0,600.0,612.0,41234
36394255,22332532476,612.0,619.0,607.0,619.0,40541
49952191,30335377876,610.0,611.0,603.0,610.0,67601
25234976,15224292755,605.0,607.0,601.0,603.0,43094
36655069,21969721089,598.0,602.0,595.0,602.0,54247
41893725,24933016553,599.0,599.0,592.0,592.0,92840
38094824,22626436436,596.0,598.0,591.0,591.0,64897
29004756,17336162729,592.0,602.0,590.0,602.0,29147
32426908,19673836650,605.0,610.0,603.0,610.0,35286
26761401,16274064043,608.0,611.0,605.0,610.0,25203
24601487,14833592900,606.0,608.0,601.0,602.0,32198
35756460,21579514979,609.0,609.0,600.0,600.0,30756
46801189,27676378065,595.0,597.0,588.0,588.0,104468
45507479,26756714081,588.0,594.0,582.0,591.0,69833
31786592,18603594408,594.0,594.0,585.0,585.0,52496
33165446,19405281385,590.0,590.0,580.0,587.0,69578
28719597,17131817777,594.0,600.0,589.0,599.0,30063
21365583,12626811276,596.0,597.0,588.0,589.0,43154
66035839,37939364597,579.0,580.0,570.0,571.0,184838
138328672,76325765887,567.0,571.0,518.0,560.0,223058
71519430,39495488180,547.0,563.0,541.0,547.0,105026
38625148,21474513930,556.0,562.0,552.0,557.0,52919
58446847,32066868553,544.0,558.0,541.0,549.0,76808
44584258,25226153189,563.0,573.0,555.0,572.0,52152
29610174,16832735286,571.0,572.0,565.0,567.0,34443
36605692,20670883290,567.0,571.0,560.0,567.0,32301
28009899,16016851343,572.0,577.0,568.0,573.0,27050
15981036,9090836697,570.0,572.0,566.0,568.0,20189
35445350,20525932956,576.0,584.0,573.0,583.0,39032
19555305,11433686898,587.0,588.0,581.0,585.0,21034
70061002,40643804852,580.0,582.0,573.0,582.0,37545
30720737,18082265480,587.0,592.0,582.0,590.0,31581
31557426,18751716595,595.0,597.0,590.0,597.0,29798
18405285,10985893229,598.0,599.0,595.0,598.0,20318
22416789,13362065937,600.0,600.0,593.0,595.0,25170
31703679,18939839664,600.0,600.0,596.0,596.0,20749
16072580,9521252157,591.0,595.0,590.0,595.0,19112
17729179,10471176330,594.0,595.0,583.0,592.0,25364
14083552,8312653665,590.0,595.0,588.0,589.0,14051
21575159,12618113390,586.0,588.0,583.0,586.0,36405
29741770,17696413894,591.0,599.0,587.0,599.0,30487
24940705,15011140567,602.0,603.0,600.0,602.0,25271
30245897,18415370774,607.0,609.0,606.0,609.0,33515
28624508,17401326587,608.0,608.0,605.0,605.0,25816
26477032,15924656516,601.0,606.0,598.0,606.0,21061
42036170,25373026235,608.0,608.0,601.0,603.0,16899
47339695,27749202661,590.0,594.0,583.0,583.0,109204
30578091,17786329582,585.0,588.0,578.0,578.0,56057
36386023,21500052844,583.0,598.0,581.0,595.0,34454
19322765,11435647488,598.0,598.0,588.0,590.0,18494
19140086,11355715486,598.0,598.0,589.0,591.0,16850
15401977,9056869217,590.0,590.0,586.0,590.0,20825
30837548,18350027611,598.0,598.0,591.0,595.0,24078
34021380,20301841661,599.0,599.0,595.0,595.0,20097
18719706,11116195742,596.0,597.0,591.0,593.0,20565
19633718,11562140245,590.0,593.0,587.0,588.0,24056
30274105,17957255325,588.0,597.0,588.0,591.0,21836
13830591,8185167307,595.0,596.0,589.0,592.0,15751
17329148,10250342169,590.0,594.0,588.0,594.0,18023
21596183,12733045117,595.0,595.0,588.0,588.0,23352
30602492,17821338170,582.0,585.0,580.0,584.0,51232
33011596,19612592644,595.0,597.0,590.0,593.0,28636
54894335,33158730436,600.0,608.0,599.0,607.0,60121
39670241,24276719505,613.0,615.0,608.0,613.0,43173
23057868,14117908308,613.0,614.0,608.0,614.0,29913
61882128,36562482701,591.0,595.0,588.0,589.0,86192
43248966,25135531384,583.0,584.0,578.0,582.0,86753
16352855,9502338666,579.0,584.0,579.0,581.0,27956
26476215,15440430690,586.0,586.0,580.0,585.0,32757
27075950,16014166571,589.0,594.0,587.0,591.0,23365
15705191,9206201715,592.0,592.0,583.0,585.0,23635
22442745,13089591086,591.0,591.0,580.0,580.0,37826
18925325,10997959654,581.0,584.0,580.0,580.0,20197
39744486,22884618824,576.0,579.0,573.0,579.0,75078
25014772,14525643464,585.0,585.0,577.0,583.0,26868
26141286,15170421873,581.0,582.0,578.0,580.0,16353
24948096,14593329483,583.0,590.0,580.0,590.0,19791
28104984,16655446605,594.0,594.0,590.0,594.0,20221
23714971,14132827829,598.0,598.0,594.0,596.0,18228
15673765,9343887536,598.0,598.0,593.0,596.0,15495
13994018,8275142201,596.0,596.0,588.0,591.0,13742
17611955,10366798182,590.0,595.0,583.0,595.0,15068
17620825,10435618093,596.0,596.0,589.0,591.0,13983
20311399,11943131619,590.0,590.0,585.0,590.0,18548
16031265,9383967628,586.0,588.0,584.0,586.0,15202
25440973,14769155709,585.0,585.0,579.0,581.0,36198
19949389,11612486234,582.0,586.0,578.0,584.0,17055
31845499,18475506150,580.0,582.0,578.0,580.0,19184
47063629,26855353529,568.0,575.0,566.0,574.0,86118
42133375,23766228074,573.0,573.0,559.0,559.0,119048
47741449,26565551162,560.0,563.0,551.0,552.0,72684
34775337,19688362857,560.0,572.0,559.0,566.0,30421
27397309,15697269609,574.0,575.0,571.0,572.0,21032
28867651,16769849402,579.0,585.0,574.0,585.0,29096
45027320,26834160811,601.0,603.0,591.0,594.0,42735
29459532,17596859741,596.0,600.0,593.0,599.0,31217
40606821,24425472555,602.0,605.0,599.0,605.0,43096
58916407,35867753009,604.0,614.0,598.0,614.0,46791
31242788,19126702297,614.0,614.0,608.0,613.0,30125
26715492,16341803689,613.0,615.0,607.0,607.0,26153
53915006,33278648609,610.0,620.0,610.0,620.0,62288
59223061,37250623087,623.0,638.0,621.0,631.0,77024
27422775,17191259166,634.0,634.0,623.0,623.0,29823
38713621,23960375113,622.0,627.0,612.0,619.0,38267
19309522,11886107760,612.0,620.0,610.0,619.0,19569
16740439,10365721937,615.0,623.0,614.0,622.0,17067
15809768,9734528161,619.0,620.0,613.0,615.0,21779
16024935,9849961184,618.0,618.0,612.0,613.0,13569
26041452,15872971715,610.0,613.0,607.0,607.0,24839
23315040,14030697248,603.0,607.0,599.0,600.0,31437
42383815,25510152115,600.0,610.0,599.0,600.0,18681
42732169,25056693727,586.0,589.0,583.0,586.0,70389
22736266,13406035166,588.0,593.0,588.0,588.0,22991
17302848,10289114839,591.0,598.0,590.0,598.0,15796
20034221,11993300562,600.0,602.0,593.0,602.0,16349
17325896,10291543822,595.0,596.0,592.0,594.0,16496
51834124,30040354500,580.0,583.0,577.0,580.0,95024
36318623,21054651328,580.0,585.0,575.0,580.0,32973
39006124,22368447571,579.0,579.0,571.0,574.0,78088
22288138,12741914919,574.0,575.0,569.0,572.0,42147
36063650,20406526124,562.0,572.0,560.0,572.0,56678
33989379,19345468774,573.0,574.0,565.0,571.0,53606
28480400,16458019782,575.0,582.0,572.0,580.0,23304
22601904,13051944932,582.0,583.0,573.0,575.0,24157
27126088,15455194493,570.0,575.0,564.0,575.0,32210
19267437,11006807040,572.0,575.0,570.0,571.0,18050
14270641,8213170376,579.0,579.0,573.0,573.0,14814
55305252,32878638999,592.0,600.0,586.0,600.0,61088
19753943,11802365489,604.0,604.0,590.0,590.0,21353
18709936,11196540994,598.0,600.0,593.0,600.0,20482
17537878,10527701553,603.0,604.0,597.0,598.0,16410
16882324,10116911921,602.0,603.0,595.0,596.0,17599
14236279,8520299817,600.0,602.0,594.0,600.0,12812
17724968,10518554968,597.0,597.0,590.0,593.0,16139
27047187,16169131795,595.0,600.0,593.0,599.0,13081
16260278,9708715733,598.0,599.0,594.0,599.0,12042
16927154,10066068774,598.0,598.0,591.0,595.0,15065
27684673,16352758906,595.0,596.0,589.0,590.0,19937
17110357,10107402871,591.0,593.0,590.0,590.0,13798
16544999,9808608554,594.0,597.0,590.0,592.0,11662
11404984,6773439607,597.0,597.0,592.0,592.0,8934
18888245,11112246412,592.0,594.0,585.0,587.0,22171
35086799,20974569571,598.0,600.0,595.0,600.0,31929
20886897,12544595323,600.0,602.0,598.0,602.0,17964
42340785,25935652781,611.0,617.0,610.0,611.0,42855
18518512,11303615778,611.0,612.0,608.0,612.0,19147
20257792,12225622771,600.0,606.0,600.0,606.0,16140
21373014,12801799429,610.0,611.0,602.0,604.0,13869
17140935,10434209332,609.0,611.0,607.0,608.0,13140
21776308,13285168416,612.0,612.0,608.0,610.0,14487
21829653,13330782804,615.0,615.0,608.0,610.0,14807
22933191,14019057524,613.0,614.0,607.0,613.0,15913
38847820,24047156185,622.0,623.0,617.0,618.0,32179
23296854,14354639781,618.0,618.0,615.0,615.0,14108
20022520,12266300247,615.0,615.0,611.0,612.0,15011
22978524,13904268592,612.0,612.0,602.0,603.0,23584
14171433,8551663451,605.0,607.0,601.0,603.0,14137
27882175,16609442268,598.0,601.0,592.0,596.0,47638
24160615,14360266132,594.0,598.0,591.0,593.0,23653
69160408,41208103150,597.0,600.0,591.0,596.0,24427
30119408,18021861252,596.0,603.0,594.0,600.0,15695
48720976,29780012954,605.0,615.0,602.0,615.0,40629
27571974,16798271782,614.0,614.0,606.0,608.0,16197
24474913,14740969839,603.0,609.0,600.0,600.0,19139
21105883,12704452330,602.0,607.0,597.0,607.0,22160
22194708,13490034097,614.0,614.0,602.0,602.0,15634
12467833,7554386680,606.0,608.0,602.0,608.0,9231
11371659,6874539365,605.0,608.0,602.0,605.0,9215
17994933,10887156003,609.0,610.0,601.0,601.0,12503
22997961,13757424386,598.0,600.0,597.0,599.0,21324
22419040,13420958112,597.0,601.0,596.0,600.0,19195
22151282,13370280179,605.0,605.0,601.0,605.0,15515
30319495,18339763894,601.0,607.0,599.0,607.0,11667
22381761,13446342438,607.0,607.0,598.0,598.0,18943
17669559,10560361874,597.0,600.0,595.0,597.0,17336
10127887,6067689422,598.0,601.0,598.0,600.0,8238
16910501,10238270336,607.0,608.0,602.0,606.0,12888
12008673,7276331245,606.0,609.0,604.0,604.0,10444
16771900,10193462167,604.0,610.0,604.0,606.0,16637
35156339,21569506434,610.0,615.0,610.0,615.0,36241
25604320,15788043027,615.0,619.0,614.0,616.0,28804
20522055,12654016133,619.0,620.0,615.0,615.0,15565
