X,volume,price,open,high,low,close,times,MinLow,MaxHigh,RSV,K,D,J,Prediction_Result
1995,2780887,210554136,76.0,76.1,75.2,75.7,1241,74.6,76.2,68.75,62.47283158,52.32804964,32.03848574,0
1996,3379299,256274301,75.7,76.1,75.4,76.0,2279,74.7,76.2,86.66666667,70.53744328,58.39784752,34.11865599,0
1997,2887412,219205367,75.7,76.4,75.1,76.0,1412,74.7,76.4,76.47058824,72.51515826,63.10361777,44.28053677,0
1998,2726428,207326463,75.5,76.4,75.5,76.4,1746,74.7,76.4,100.0,81.67677218,69.29466924,44.53046336,0
1999,2799311,212207196,75.6,76.2,75.5,75.9,1754,74.7,76.4,70.58823529,77.98059322,72.18997723,60.60874526,0
2000,4495895,336238067,75.1,75.5,74.0,74.9,2154,74.0,76.4,37.5,64.48706214,69.62233887,79.89289231,0
2001,6352895,466535426,73.2,74.8,72.6,74.4,3570,72.6,76.4,47.36842105,58.78084845,66.00850873,80.46382929,0
2002,5815666,439380437,74.4,76.0,74.0,75.5,3817,72.6,76.4,76.31578947,64.62582879,65.54761541,67.39118867,0
2003,3532851,263304203,75.4,75.6,74.1,74.2,2259,72.6,76.4,42.10526316,57.11897358,62.73806814,73.97625725,0
2004,4322347,317745974,72.1,74.5,72.1,73.3,1974,72.1,76.4,27.90697674,47.3816413,57.61925919,78.09449497,0
2005,4243094,311752762,73.1,74.2,72.8,73.5,2748,72.1,76.4,32.55813953,42.44047405,52.55966414,72.79804434,0
2006,6330508,470908365,73.6,74.8,73.6,74.5,3126,72.1,76.4,55.81395349,46.89830053,50.67254294,58.22102776,0
2007,6126089,449683037,73.5,73.9,73.2,73.3,3374,72.1,76.2,29.26829268,41.02163125,47.45557237,60.32345463,0
2008,4629116,340845989,73.5,74.2,73.1,73.8,1995,72.1,76.0,43.58974359,41.87766869,45.59627115,53.03347605,0
2009,4126525,304256950,74.0,74.1,73.1,73.7,1770,72.1,76.0,41.02564103,41.59365947,44.26206725,49.59888282,0
2010,3836833,284529342,73.9,74.5,73.8,74.0,1679,72.1,76.0,48.71794872,43.96842255,44.16418569,44.55571196,0
2011,6365238,467177707,73.3,73.8,72.8,73.4,3145,72.1,75.6,37.14285714,41.69323408,43.34053515,46.63513729,0
2012,4750567,347654651,72.9,73.4,72.9,73.0,2404,72.1,74.8,33.33333333,38.9066005,41.86255694,47.77446981,0
2013,2784371,204841304,73.4,74.0,73.3,73.3,1922,72.8,74.8,25.0,34.271067,39.33206029,49.45404687,0
2014,2735517,201978366,73.6,74.3,73.5,74.0,1754,72.8,74.8,60.0,42.847378,40.50383286,35.81674258,0
2015,3766260,281453541,74.0,75.2,74.0,74.5,1744,72.8,75.2,70.83333333,52.17602978,44.39456517,28.83163594,0
2016,2477666,185980413,74.7,75.6,74.7,75.4,1713,72.8,75.6,92.85714286,65.7364008,51.50851038,23.05272953,0
2017,2982121,220771472,74.7,75.2,73.8,73.8,2221,72.8,75.6,35.71428571,55.72902911,52.91534995,47.28799165,0
2018,4478940,330596260,74.2,74.3,73.5,73.5,2249,72.8,75.6,25.0,45.48601941,50.43890644,60.3446805,0
2019,4211315,309471710,73.5,73.7,73.3,73.5,2626,72.8,75.6,25.0,38.65734627,46.51171972,62.22046661,0
2020,2832789,208546141,73.7,74.1,73.4,73.9,1589,72.9,75.6,37.03703704,38.11724319,43.71356087,54.90619624,0
2021,1202276,89386052,74.0,74.6,73.6,74.5,614,73.3,75.6,52.17391304,42.80279981,43.40997385,44.62432194,0
2022,7426953,548346222,74.7,74.7,73.3,74.0,3397,73.3,75.6,30.43478261,38.68012741,41.83335837,48.1398203,0
2023,2212114,164435285,73.9,74.7,73.7,74.5,1561,73.3,75.6,52.17391304,43.17805595,42.2815909,40.48866079,0
2024,2278553,170043754,74.2,74.9,74.0,74.9,1556,73.3,75.6,69.56521739,51.97377643,45.51231941,32.58940537,0
2025,2016503,151229170,74.9,75.2,74.7,75.0,1119,73.3,75.2,89.47368421,64.47374569,51.83279484,26.55089313,0
2026,2297631,173228004,75.1,75.6,75.0,75.6,1385,73.3,75.6,100.0,76.31583046,59.99380671,27.34975921,0
2027,2292237,172254866,74.7,75.5,74.6,75.1,1533,73.3,75.6,78.26086957,76.96417683,65.65059675,43.0234366,0
2028,1417659,106952149,75.1,75.7,75.0,75.6,1087,73.3,75.7,95.83333333,83.25389566,71.51836306,48.04729784,0
2029,3234608,245980756,75.6,76.3,75.2,76.1,1911,73.3,76.3,93.33333333,86.61370822,76.55014478,56.42301789,0
2030,2394953,183003313,76.2,76.7,75.9,76.2,1604,73.3,76.7,85.29411765,86.1738447,79.75804475,66.92644486,0
2031,3094149,237576739,76.2,77.2,75.8,77.0,1915,73.7,77.2,94.28571429,88.87780123,82.79796358,70.63828827,0
2032,2554684,198427469,77.0,78.0,76.7,78.0,1415,74.0,78.0,100.0,92.58520082,86.06037599,73.01072633,0
2033,1060007,82940439,78.0,78.5,77.8,78.2,647,74.6,78.5,92.30769231,92.49269798,88.20448332,79.628054,0
2034,1781935,139174068,78.2,78.4,77.2,77.4,795,74.6,78.5,71.79487179,85.59342259,87.33412974,90.81554405,0
2035,3258917,250798817,77.0,77.2,76.8,76.8,1988,74.6,78.5,56.41025641,75.86570053,83.51132,98.80255896,0
2036,3580757,277749474,77.0,78.2,76.5,78.2,2090,75.0,78.5,91.42857143,81.05332416,82.69198806,85.96931585,0
2037,4032520,314461314,77.4,78.6,77.4,78.6,1847,75.2,78.6,100.0,87.36888277,84.25095296,78.01509334,0
2038,2952494,231352774,78.0,78.6,77.7,78.6,1589,75.8,78.6,100.0,91.57925518,86.69372037,76.92265074,0
2039,2487455,193518244,78.0,78.5,77.2,78.2,1729,75.8,78.6,85.71428571,89.62426536,87.6705687,83.76317538,0
2040,2172677,170122168,77.4,78.5,77.4,78.3,858,76.5,78.6,85.71428571,88.32093881,87.88735874,87.02019859,0
2041,3339821,261160210,78.2,78.5,77.7,78.1,1028,76.5,78.6,76.19047619,84.27745127,86.68405625,91.4972662,0
2042,3500173,272767983,78.0,78.2,77.7,78.0,1470,76.5,78.6,71.42857143,79.99449132,84.45420127,93.37362117,0
2043,2426697,190119188,78.0,78.7,78.0,78.1,1352,76.5,78.7,72.72727273,77.57208512,82.16016256,91.33631742,0
2044,4128415,322900144,77.7,78.6,77.7,78.2,1713,76.5,78.7,77.27272727,77.47229917,80.59754143,86.84802594,0
2045,2878700,224304960,78.0,78.5,77.5,77.7,1376,77.2,78.7,33.33333333,62.75931056,74.65146447,98.4357723,1
2046,2177428,169597851,77.7,78.1,77.7,78.0,901,77.2,78.7,53.33333333,59.61731815,69.64008237,89.68561079,0
2047,2762488,214899415,77.5,78.2,77.5,77.6,1325,77.2,78.7,26.66666667,48.63376766,62.63797746,90.64639708,1
2048,3165427,245797389,77.5,78.4,77.1,77.4,1550,77.1,78.7,18.75,38.67251177,54.6494889,86.60344315,1
2049,4979818,386631910,77.2,78.4,77.1,77.6,2054,77.1,78.7,31.25,36.19834118,48.49910633,73.10063662,1
2050,3170290,247537127,77.5,78.5,77.4,77.7,1750,77.1,78.7,37.5,36.63222745,44.54348004,60.3659852,1
2051,5747790,451808847,77.7,79.0,77.7,78.4,1713,77.1,79.0,68.42105263,47.22850251,45.43848753,41.85845756,0
2052,5285848,412683944,78.1,78.8,77.7,77.8,1980,77.1,79.0,36.84210526,43.7663701,44.88111505,47.11060496,0
2053,4732054,367268373,77.5,77.8,77.3,77.3,2374,77.1,79.0,10.52631579,32.68635199,40.81619403,57.07587811,1
2054,5873858,454452020,77.0,77.9,76.8,77.1,2048,76.8,79.0,13.63636364,26.33635587,35.98958131,55.29603219,1
2055,3473425,267712925,77.8,77.9,76.7,76.7,1782,76.7,79.0,0.0,17.55757058,29.84557774,54.42159204,0
2056,3830914,293906116,77.0,77.2,76.4,76.9,1692,76.4,79.0,19.23076923,18.11530347,25.93548631,41.57585201,0
2057,8033759,607970900,76.8,76.8,74.8,75.0,3012,74.8,79.0,4.761904762,13.66417056,21.84504773,38.20680206,0
2058,8051205,599987481,74.9,75.0,74.2,74.4,2932,74.2,79.0,4.166666667,10.49833593,18.06281046,33.19175953,0
2059,5382259,405655668,74.4,75.9,74.4,75.0,3051,74.2,79.0,16.66666667,12.55444618,16.22668903,23.57117475,0
2060,6184574,461766882,75.0,75.6,74.3,74.5,3442,74.2,78.8,6.52173913,10.54354383,14.3323073,21.90983424,0
2061,7676957,574564254,75.4,75.5,74.3,74.9,3177,74.2,77.9,18.91891892,13.33533552,13.99998337,15.32927907,0
2062,5812213,436416678,75.0,75.4,74.6,75.1,2234,74.2,77.9,24.32432432,16.99833179,14.99943285,11.00163496,0
2063,4760446,358172576,75.0,75.6,74.8,75.1,2273,74.2,77.9,24.32432432,19.4403293,16.47973167,10.55853639,0
2064,5204268,396363133,75.5,76.6,75.5,76.3,2510,74.2,77.2,70.0,36.29355287,23.08433873,-3.334089538,0
2065,4483274,344711408,77.0,77.5,76.4,76.7,2343,74.2,77.5,75.75757576,49.44822716,31.87230154,-3.279549699,0
2066,4160393,320949073,77.2,77.4,76.8,76.8,2459,74.2,77.5,78.78787879,59.22811104,40.99090471,4.516492048,0
2067,4245863,330911148,77.3,78.2,76.9,77.6,2200,74.3,78.2,84.61538462,67.69053556,49.89078166,14.29127385,0
2068,4077753,318154754,77.6,78.5,76.6,77.5,2798,74.3,78.5,76.19047619,70.52384911,56.76847081,29.25771421,0
2069,4595533,361660429,77.5,79.0,77.5,78.7,3346,74.3,79.0,93.61702128,78.22157316,63.91950493,35.31536846,0
2070,1956073,153167602,78.5,78.7,77.8,78.3,1322,74.6,79.0,84.09090909,80.17801847,69.33900944,47.66099138,0
2071,1943542,150628782,78.0,78.2,77.1,77.1,1382,74.8,79.0,54.76190476,71.70598057,70.12799982,66.97203832,0
2072,4152741,317491283,76.6,77.0,76.0,76.0,3010,75.5,79.0,14.28571429,52.56589181,64.27396381,87.69010783,0
2073,7613462,581572888,76.2,76.9,76.0,76.4,2207,76.0,79.0,13.33333333,39.48837232,56.01209998,89.05955531,0
2074,2605415,202292075,76.4,78.0,76.3,77.3,2080,76.0,79.0,43.33333333,40.77002599,50.93140865,71.25417397,1
2075,2387246,183532542,77.1,77.3,76.7,76.9,1603,76.0,79.0,30.0,37.18001733,46.34761154,64.68279998,0
2076,3657720,280940540,76.9,77.5,76.5,76.8,2039,76.0,79.0,26.66666667,33.67556711,42.12359673,59.01965598,0
2077,2586450,198608951,76.8,77.5,76.5,76.8,1643,76.0,79.0,26.66666667,31.33926696,38.52882014,52.9079265,0
2078,2841781,220759824,76.8,78.1,76.8,78.1,1603,76.0,78.7,77.77777778,46.81877057,41.29213695,30.23886971,0
2079,1544148,119947872,77.8,78.1,77.4,77.6,933,76.0,78.2,72.72727273,55.45493795,46.01307062,27.12933594,0
2080,1981871,153619082,77.6,77.9,77.2,77.4,1599,76.0,78.1,66.66666667,59.19218086,50.40610736,32.83396038,0
2081,2877439,222352303,76.9,77.7,76.9,77.0,1712,76.0,78.1,47.61904762,55.33446978,52.04889484,45.47774495,0
2082,3468249,271174539,77.9,78.5,77.5,78.0,2167,76.3,78.5,77.27272727,62.64722228,55.58167065,41.45056739,0
2083,3135378,241508362,77.3,77.5,76.6,76.9,1627,76.5,78.5,20.0,48.43148152,53.19827427,62.73185978,0
2084,7659471,586228780,76.9,77.3,76.2,76.2,2569,76.2,78.5,0.0,32.28765434,46.22806763,74.1088942,0
2085,8935780,677302694,75.7,76.2,75.5,75.5,4184,75.5,78.5,0.0,21.5251029,37.99374605,70.93103236,0
2086,5611330,432741696,75.6,78.0,75.5,77.6,3189,75.5,78.5,70.0,37.68340193,37.89029801,38.30409017,0
2087,3976624,309185319,77.2,78.1,77.0,77.7,1746,75.5,78.5,73.33333333,49.5667124,41.78243614,26.21388362,0
2088,2238756,173931736,78.0,78.0,77.2,77.7,1171,75.5,78.5,73.33333333,57.48891938,47.01793055,26.0759529,0
2089,2019168,157629813,77.5,78.3,77.4,78.1,1254,75.5,78.5,86.66666667,67.21483514,53.75023208,26.82102597,0
2090,3167275,247745759,77.0,78.6,77.0,78.2,1750,75.5,78.6,87.09677419,73.84214816,60.44753744,33.65831601,0
2091,2954125,232081859,77.8,78.8,77.8,78.6,1354,75.5,78.8,93.93939394,80.54123009,67.14543499,40.3538448,0
2092,3977052,313559177,78.2,79.2,78.0,78.8,2243,75.5,79.2,89.18918919,83.42388312,72.57158437,50.86698686,0
2093,4156090,327219627,78.5,79.1,78.2,78.8,1382,75.5,79.2,89.18918919,85.34565181,76.82960685,59.79751692,0
2094,4221741,328480072,78.1,78.7,77.3,77.3,1506,75.5,79.2,48.64864865,73.11331742,75.59084371,80.54589627,0
2095,3176447,248394893,77.3,78.5,77.3,78.3,1425,77.0,79.2,59.09090909,68.43918131,73.20695624,82.7425061,1
2096,1373133,107965350,78.3,78.9,78.1,78.9,582,77.0,79.2,86.36363636,74.41399966,73.60930405,71.99991282,1
2097,2463916,193926003,78.8,78.9,78.4,78.9,615,77.0,79.2,86.36363636,78.3972119,75.20527333,68.8213962,1
2098,2305545,181524222,78.2,79.0,78.1,78.9,1111,77.0,79.2,86.36363636,81.05268672,77.15441113,69.35785994,1
2099,3716371,293774730,79.0,79.4,78.7,79.1,740,77.3,79.4,85.71428571,82.60655305,78.97179177,71.7022692,0
2100,4465792,353360568,79.0,79.4,78.9,79.3,1592,77.3,79.4,95.23809524,86.81706711,81.58688355,71.12651642,0
2101,5533754,414805240,74.9,75.5,74.6,75.3,1932,74.6,79.4,14.58333333,62.73915585,75.30430765,100.4346112,0
2102,4037671,299669486,74.5,75.0,73.5,74.0,2021,73.5,79.4,8.474576271,44.65096266,65.08652599,105.9576526,0
2103,5178396,379143237,73.8,74.0,72.9,72.9,2714,72.9,79.4,0.0,29.76730844,53.31345347,100.4057435,0
2104,2270422,165919670,73.1,73.6,72.9,72.9,1030,72.9,79.4,0.0,19.84487229,42.15725975,86.78203465,1
2105,1797218,131708280,73.0,73.5,73.0,73.5,1037,72.9,79.4,9.230769231,16.30683794,33.54045248,68.00768155,1
2106,2979427,218892638,73.5,74.0,73.2,73.9,1787,72.9,79.4,15.38461538,15.99943042,27.69344512,51.08147453,1
2107,2249229,165119224,74.0,74.1,73.1,73.3,1005,72.9,79.4,6.153846154,12.717569,22.70148642,42.66932125,1
2108,3048845,222306031,73.3,73.3,72.6,73.1,1597,72.6,79.4,7.352941176,10.92935972,18.77744419,34.47361311,1
2109,2931274,214062482,73.1,73.2,72.7,73.1,1316,72.6,75.5,17.24137931,13.03336625,16.86275154,24.52152212,0
2110,2946970,215072694,73.1,73.3,72.8,73.2,1310,72.6,75.0,25.0,17.02224417,16.91591575,16.70325891,1
2111,3273924,237620651,73.4,73.4,72.1,72.5,1953,72.1,74.1,20.0,18.01482945,17.28222032,15.81700206,1
2112,1751613,127466396,73.1,73.1,72.4,73.1,959,72.1,74.1,50.0,28.67655296,21.0803312,5.887887667,0
2113,1879093,136610268,73.1,73.1,72.5,72.7,1210,72.1,74.1,30.0,29.11770198,23.75945479,13.04296042,0
2114,1509658,109698791,72.7,73.0,72.4,72.7,911,72.1,74.1,30.0,29.41180132,25.6435703,18.10710826,1
2115,3691385,267888720,72.7,72.9,72.3,72.6,1620,72.1,74.1,25.0,27.94120088,26.40944716,23.34593972,0
2116,3254315,235011789,72.5,72.8,72.0,72.1,1852,72.0,73.4,7.142857143,21.00841963,24.60910465,31.81047469,1
2117,5059973,362389940,72.4,72.4,71.2,71.6,2477,71.2,73.4,18.18181818,20.06621915,23.09480948,29.15199015,0
2118,3801285,271599177,71.7,72.0,71.1,71.7,1762,71.1,73.4,26.08695652,22.07313161,22.75425019,24.11648736,0
2119,1588788,113925466,71.7,72.1,71.5,71.6,930,71.1,73.4,21.73913043,21.96179788,22.49009942,23.5467025,0
2120,4083288,292869544,71.6,71.9,71.5,71.7,1094,71.1,73.1,30.0,24.64119859,23.20713248,20.33900025,0
2121,3471829,248415764,71.7,71.8,71.3,71.8,2117,71.1,73.1,35.0,28.09413239,24.83613245,18.32013256,1
2122,1611767,115453466,71.8,71.9,71.5,71.6,1035,71.1,73.0,26.31578947,27.50135142,25.72453877,22.17091348,1
2123,1606159,115060421,71.6,71.8,71.5,71.7,817,71.1,72.9,33.33333333,29.44534539,26.96480765,22.00373215,1
2124,1855409,132623916,71.8,71.8,71.3,71.4,1009,71.1,72.8,17.64705882,25.5125832,26.48073283,28.41703209,1
2125,2821356,200789709,71.4,71.4,71.0,71.1,1471,71.0,72.4,7.142857143,19.38934118,24.11693561,33.57212448,0
2126,3598916,254916536,71.1,71.1,70.5,70.9,1752,70.5,72.1,25.0,21.25956079,23.16447734,26.97431044,0
2127,8452836,594201335,70.9,71.0,69.8,70.2,3942,69.8,72.1,17.39130435,19.97014197,22.09969888,26.3588127,0
2128,6475390,453960322,70.1,70.4,69.9,70.4,2309,69.8,71.9,28.57142857,22.83723751,22.34554509,21.36216026,0
2129,3921945,278539970,70.9,71.4,70.7,71.0,2091,69.8,71.9,57.14285714,34.27244405,26.32117808,10.41864613,0
2130,4235484,302117146,71.4,71.6,71.0,71.4,2139,69.8,71.9,76.19047619,48.24512143,33.6291592,4.397234726,0
2131,3742965,269040667,71.4,72.2,71.1,71.8,2145,69.8,72.2,83.33333333,59.94119207,42.39983682,7.317126327,0
2132,3973808,285718492,72.2,72.2,71.5,72.1,1860,69.8,72.2,95.83333333,71.90523915,52.23497093,12.89443448,0
2133,3071035,221552630,71.9,72.5,71.7,72.5,1781,69.8,72.5,100.0,81.27015944,61.9133671,23.19978243,0
2134,2436375,176669250,72.5,72.7,72.3,72.6,2057,69.8,72.7,96.55172414,86.36401434,70.06358285,37.46271986,1
2135,3733849,272769349,72.7,73.3,72.5,73.1,2638,69.8,73.3,94.28571429,89.00458099,76.37724889,51.1225847,0
2136,1574692,114584469,73.2,73.2,72.3,72.4,1077,69.9,73.3,73.52941176,83.84619125,78.86689634,68.90830654,0
2137,1838086,133391844,72.4,72.9,72.1,72.7,1170,70.7,73.3,76.92307692,81.53848647,79.75742639,76.19530622,1
2138,2290041,167244477,72.5,73.2,72.5,73.2,625,71.0,73.3,95.65217391,86.24304895,81.91930057,73.27180382,1
2139,853231,62045172,72.6,72.9,72.6,72.9,593,71.1,73.3,81.81818182,84.76809324,82.86889813,79.07050791,0
2140,669966,48718899,72.8,72.9,72.5,72.8,586,71.5,73.3,72.22222222,80.58613623,82.1079775,85.15166003,1
2141,2447784,177134073,72.5,72.8,72.0,72.0,1524,71.7,73.3,18.75,59.97409082,74.73001527,104.2418642,1
2142,2334492,168710665,71.8,72.7,71.8,72.3,1548,71.8,73.3,33.33333333,51.09383833,66.85128962,98.36619222,1
2143,2412544,175196012,72.0,72.9,72.0,72.9,1458,71.8,73.3,73.33333333,58.50700333,64.06986086,75.19557592,0
2144,2581398,188251475,72.9,73.2,72.3,73.2,1727,71.8,73.2,100.0,72.33800222,66.82590798,55.8017195,0
2145,1861429,136340280,73.2,73.4,72.9,73.4,1044,71.8,73.4,100.0,81.55866815,71.73682803,52.09314781,0
2146,2127315,156564077,73.3,73.9,73.2,73.6,1396,71.8,73.9,85.71428571,82.943874,75.47251002,60.52978207,0
2147,2334119,172587306,73.8,74.1,73.6,74.1,1621,71.8,74.1,100.0,88.62924933,79.85808979,62.31577071,0
2148,3082178,228954172,74.1,74.5,73.8,74.1,2181,71.8,74.5,85.18518519,87.48122795,82.39913585,72.23495164,0
2149,1357420,99755824,74.1,74.1,73.0,73.9,892,71.8,74.5,77.77777778,84.24674456,83.01500542,80.55152713,1
2150,1975364,146594736,73.9,74.4,73.4,74.3,1063,71.8,74.5,92.59259259,87.0286939,84.35290158,79.00131693,0
2151,2572968,191372219,74.4,74.5,74.2,74.4,1391,72.0,74.5,96.0,90.01912927,86.24164414,78.68667389,0
2152,1758753,130567818,74.1,74.5,74.0,74.1,818,72.3,74.5,81.81818182,87.28548012,86.58958947,85.19780817,0
2153,2641571,195943704,74.4,74.4,74.0,74.1,1405,72.9,74.5,75.0,83.19032008,85.45649967,89.98885886,0
2154,2579742,191310691,74.2,74.3,74.0,74.2,603,73.0,74.5,80.0,82.12688005,84.34662647,88.78611929,0
2155,2466094,181035203,74.2,74.2,73.0,73.1,1238,73.0,74.5,6.666666667,56.97347559,75.22224284,111.7197773,0
2156,2845132,208480111,73.2,73.5,73.0,73.4,1531,73.0,74.5,26.66666667,46.87120595,65.77189721,103.5732797,0
2157,2737313,199585205,73.0,73.3,72.8,72.8,1277,72.8,74.5,0.0,31.24747063,54.26375502,100.2963238,0
2158,1943701,142210291,72.8,73.5,72.7,73.2,1520,72.7,74.5,27.77777778,30.09090635,46.20613879,78.43660369,0
2159,3529505,256925258,73.0,73.2,72.3,73.2,1896,72.3,74.5,40.90909091,33.69696787,42.03641515,58.71530972,0
2160,1562515,114043091,73.2,73.2,72.7,72.9,1100,72.3,74.5,27.27272727,31.55555434,38.54279488,52.51727597,0
2161,2198438,159230881,72.8,72.9,72.2,72.5,1204,72.2,74.4,13.63636364,25.58249077,34.22269351,51.50309899,1
2162,3342968,243929942,72.5,73.6,72.2,73.3,2206,72.2,74.3,52.38095238,34.51531131,34.32023278,33.93007571,1
2163,3940617,287801949,72.8,73.5,72.6,72.7,1837,72.2,74.2,25.0,31.34354087,33.32800214,37.29692468,0
2164,3434783,250714859,72.5,73.4,72.5,72.5,2512,72.2,73.6,21.42857143,28.03855106,31.56485178,38.61745322,1
2165,16468395,1187018288,72.0,73.2,71.6,71.8,4121,71.6,73.6,10.0,22.0257007,28.38513475,41.10400285,0
2166,4052575,289842682,71.1,72.2,71.1,72.0,2551,71.1,73.6,36.0,26.68380047,27.81802333,30.08646904,0
2167,4771789,339099577,71.5,71.9,70.6,70.6,2575,70.6,73.6,0.0,17.78920031,24.47508232,37.84684634,0
2168,3348052,237500986,70.7,71.3,70.7,71.1,1701,70.6,73.6,16.66666667,17.41502243,22.12172902,31.53514221,1
2169,2625384,187397963,71.2,71.6,71.1,71.6,1794,70.6,73.6,33.33333333,22.72112607,22.32152804,21.52233198,1
2170,1760990,126173473,71.0,72.0,71.0,72.0,1291,70.6,73.6,46.66666667,30.70297293,25.115343,13.94008314,1
2171,2340851,168005652,71.8,72.2,71.4,71.9,1333,70.6,73.5,44.82758621,35.41117736,28.54728779,14.81950865,1
2172,1128242,81406570,71.5,72.5,71.5,72.3,617,70.6,73.4,60.71428571,43.84554681,33.64670746,13.24902877,0
2173,2950537,213342689,71.7,72.8,71.7,72.4,1042,70.6,73.2,69.23076923,52.30728762,39.86690085,14.98612731,1
2174,4311144,314600086,72.6,73.4,72.0,73.0,2387,70.6,73.4,85.71428571,63.44295365,47.72558511,16.29084804,0
2175,4006995,289885380,72.5,72.9,71.8,72.7,1695,70.6,73.4,75.0,67.29530243,54.24882422,28.1558678,0
2176,2831435,204938541,72.3,72.8,71.9,72.1,1797,70.7,73.4,51.85185185,62.14748557,56.88171134,46.35016287,1
2177,2111150,152935171,72.1,72.6,72.1,72.5,1190,71.0,73.4,62.5,62.26499038,58.67613769,51.49843229,0
2178,3625880,263757440,72.0,73.3,72.0,73.0,2017,71.0,73.4,83.33333333,69.28777137,62.21334891,48.06450401,1
2179,4258127,311941074,72.6,73.7,72.6,73.7,1588,71.4,73.7,100.0,79.52518091,67.98395958,44.90151691,0
2180,4336918,312464951,72.7,73.0,71.6,72.5,2358,71.5,73.7,45.45454545,68.16830243,68.04540719,67.79961673,0
2181,5748960,409246717,72.2,72.3,70.7,71.5,2981,70.7,73.7,26.66666667,54.33442384,63.47507941,81.75639055,0
2182,2186160,156436444,71.4,72.2,70.9,72.2,1076,70.7,73.7,50.0,52.88961589,59.94659157,74.06054293,1
2183,2912662,207561193,71.7,71.7,70.8,71.7,1488,70.7,73.7,33.33333333,46.37085504,55.42134606,73.5223281,0
2184,2945415,213575282,71.7,72.9,71.5,72.9,1786,70.7,73.7,73.33333333,55.3583478,55.40034664,55.48434432,0
2185,2572842,187694177,72.9,73.2,72.5,72.9,1437,70.7,73.7,73.33333333,61.35000965,57.38356764,49.45068364,0
2186,1655258,120937634,72.9,73.2,72.5,73.2,1029,70.7,73.7,83.33333333,68.67778421,61.1483065,46.08935108,1
2187,948254,69366142,72.9,73.3,72.9,72.9,584,70.7,73.7,73.33333333,70.22963392,64.17541564,52.06697908,0
2188,3357950,245579730,72.0,73.7,72.0,73.4,1801,70.7,73.7,90.0,76.81975594,68.39019574,51.53107533,0
2189,1589183,116936748,73.4,73.9,73.1,73.9,905,70.7,73.9,100.0,84.54650396,73.77563181,52.23388752,0
2190,1761828,129282453,74.0,74.0,72.9,73.4,1175,70.8,74.0,81.25,83.44766931,76.99964431,64.10359432,1
2191,1985534,145865887,73.8,73.9,72.9,73.7,1348,70.8,74.0,90.625,85.84011287,79.94646717,68.15917575,0
2192,1435412,105903714,73.8,73.9,73.4,73.9,942,71.5,74.0,96.0,89.22674192,83.03989208,70.66619242,0
2193,1005410,74092553,73.9,74.0,73.3,73.8,754,72.0,74.0,90.0,89.48449461,85.18809292,76.59528955,1
2194,3668969,272315692,73.8,74.5,73.6,74.4,2172,72.0,74.5,96.0,91.65632974,87.34417186,78.71985611,0
2195,2958136,217146145,74.5,74.5,73.0,73.9,1923,72.0,74.5,76.0,86.43755316,87.04196563,88.25079057,0
2196,3647465,270791097,73.9,74.7,73.5,74.5,2408,72.0,74.7,92.59259259,88.48923297,87.52438808,85.59469829,1
2197,3015692,225545710,74.5,76.0,74.0,74.3,1623,72.9,76.0,45.16129032,74.04658542,83.03178719,101.0021907,0
2198,2941378,215820680,74.1,74.2,73.1,73.5,2150,72.9,76.0,19.35483871,55.81600318,73.95985919,110.2475712,1
2199,2966839,217931166,73.6,74.0,73.0,74.0,1985,72.9,76.0,35.48387097,49.03862578,65.65278139,98.8810926,0
2200,3425088,250476047,74.0,74.0,72.8,73.1,2111,72.8,76.0,9.375,35.81741719,55.70765999,95.48814559,0
2201,15296401,1115669169,73.4,74.6,72.5,72.5,2936,72.5,76.0,0.0,23.87827812,45.09786603,87.53704185,0
2202,5492547,397622560,73.2,73.3,72.1,72.5,3077,72.1,76.0,10.25641026,19.3376555,36.51112919,70.85807656,0
2203,4554852,328846135,72.2,72.8,72.0,72.2,2119,72.0,76.0,5.0,14.558437,29.19356513,58.46382138,0
2204,1175778,85185699,72.6,72.7,72.2,72.4,875,72.0,76.0,10.0,13.038958,23.80869608,45.34817225,0
2205,2370575,170580850,72.4,72.4,71.8,71.8,1257,71.8,76.0,0.0,8.692638667,18.77001028,38.9247535,0
2206,731744,53025752,72.4,72.8,72.0,72.8,493,71.8,74.6,35.71428571,17.69985435,18.41329164,19.84016621,1
2207,724813,52374435,72.1,72.4,72.0,72.4,502,71.8,74.6,21.42857143,18.94276004,18.5897811,17.88382323,1
2208,1115437,80831321,72.5,72.6,72.1,72.6,630,71.8,74.6,28.57142857,22.15231622,19.77729281,15.02724599,1
2209,2679833,194213050,72.8,72.8,72.2,72.5,1772,71.8,74.6,25.0,23.10154415,20.88537659,16.45304147,1
2210,1460200,106101300,72.8,72.9,72.3,72.9,1138,71.8,73.3,73.33333333,39.84547388,27.20540902,1.925279301,0
2211,2385548,172384828,72.5,72.8,72.1,72.4,1350,71.8,72.9,54.54545455,44.74546743,33.05209516,9.665350602,1
2212,1983154,144127661,72.8,72.8,72.4,72.7,1138,71.8,72.9,81.81818182,57.10303889,41.0690764,9.001151417,0
2213,2708318,195818482,72.3,72.6,72.1,72.3,1701,71.8,72.9,45.45454545,53.22020775,45.11945352,28.91794506,1
2214,4825231,350351016,72.7,73.2,72.2,72.6,2563,72.0,73.2,50.0,52.14680516,47.46190407,38.09210187,0
2215,2210810,160604104,72.3,72.8,72.3,72.8,1043,72.0,73.2,66.66666667,56.986759,50.63685571,37.93704913,1
2216,4317681,311985969,72.9,72.9,71.9,72.0,1477,71.9,73.2,7.692307692,40.55527523,47.27632888,60.71843619,0
2217,575650,41638325,72.4,72.6,72.3,72.3,503,71.9,73.2,30.76923077,37.29326041,43.94863939,57.25939736,0
2218,2522887,182706190,72.3,72.7,72.1,72.7,1159,71.9,73.2,61.53846154,45.37499412,44.42409097,42.52228467,1
2219,1158189,83495937,72.1,72.6,72.0,72.0,663,71.9,73.2,7.692307692,32.81409864,40.55409353,56.03408329,1
2220,774213,55808349,72.1,72.2,71.9,72.0,382,71.9,73.2,7.692307692,24.44016833,35.18278513,56.66801873,1
2221,1384399,99853563,72.3,72.4,71.9,72.1,818,71.9,73.2,15.38461538,21.42165068,30.59574031,48.94391957,1
2222,7813492,585202792,72.5,76.4,72.3,76.4,1932,71.9,76.4,100.0,47.61443379,36.26863814,13.57704684,0
2223,2778416,202190068,73.6,73.6,72.3,72.4,1401,71.9,76.4,11.11111111,35.44665956,35.99464528,37.09061671,0
2224,1741330,125837170,72.9,72.9,72.1,72.3,844,71.9,76.4,8.888888889,26.59406934,32.86111996,45.39522122,1
2225,1408650,102120490,72.0,72.8,72.0,72.3,877,71.9,76.4,8.888888889,20.69234252,28.80486082,45.02989741,0
2226,2039423,149700395,72.9,73.7,72.9,73.7,1389,71.9,76.4,40.0,27.12822835,28.24598333,30.48149329,0
2227,2276118,165987314,73.5,73.5,72.5,73.1,1180,71.9,76.4,26.66666667,26.97437445,27.8221137,29.5175922,0
2228,3030600,221222900,73.2,73.6,72.6,72.9,1919,71.9,76.4,22.22222222,25.39032371,27.01151704,30.25390369,0
2229,2512217,182755113,72.7,73.1,72.5,72.9,1500,71.9,76.4,22.22222222,24.33428988,26.11910799,29.6887442,0
2230,2289450,166683302,72.7,73.3,72.5,72.7,1343,72.0,76.4,15.90909091,21.52589022,24.5880354,30.71232575,1
2231,2369583,172872761,72.6,73.2,72.6,73.1,472,72.0,73.7,64.70588235,35.91922093,28.36509724,13.25684986,0
2232,1937097,141861634,73.3,73.4,73.0,73.2,923,72.0,73.7,70.58823529,47.47555905,34.73525118,9.254635433,0
2233,2310631,168141296,73.3,73.3,72.6,72.6,1172,72.0,73.7,35.29411765,43.41507858,37.62852698,26.05542378,0
2234,2181596,158469341,73.0,73.0,72.3,72.6,916,72.3,73.7,21.42857143,36.08624287,37.11443228,39.1708111,1
2235,3931519,285702887,72.5,72.9,72.5,72.7,1830,72.3,73.6,30.76923077,34.3139055,36.18092335,39.91495905,0
2236,1774780,128896959,72.9,72.9,72.5,72.5,677,72.3,73.6,15.38461538,28.00414213,33.45532961,44.35770457,1
2237,4228009,305474446,72.4,72.6,71.9,72.4,1832,71.9,73.4,33.33333333,29.7805392,32.23039947,37.13012002,0
2238,3064930,221389029,72.4,72.6,72.0,72.0,1624,71.9,73.4,6.666666667,22.07591502,28.84557132,42.38488392,0
2239,3066905,221104517,71.9,72.3,71.9,72.3,1951,71.9,73.4,26.66666667,23.60616557,27.09910274,34.08497707,1
2240,2970612,214862102,72.2,72.6,72.0,72.2,1801,71.9,73.4,20.0,22.40411038,25.53410528,31.7940951,1
2241,5246837,377744124,72.3,72.5,71.7,71.9,1905,71.7,73.3,12.5,19.10274025,23.39031694,31.96547032,0
2242,7057504,505883548,71.8,72.0,71.4,71.5,2707,71.4,73.0,6.25,14.8184935,20.53304246,31.96214038,0
2243,5603337,401004821,71.5,71.8,71.4,71.6,2754,71.4,72.9,13.33333333,14.32344011,18.46317501,26.74264481,0
2244,4869272,352104984,72.4,72.5,72.0,72.0,2556,71.4,72.9,40.0,22.88229341,19.93621448,14.04405661,0
2245,3903326,281657045,72.1,72.4,71.8,71.8,1959,71.4,72.6,33.33333333,26.36597338,22.07946745,13.50645557,1
2246,5704240,407166099,72.2,72.2,70.9,71.0,3367,70.9,72.6,5.882352941,19.5380999,21.23234493,24.62083499,0
2247,5450305,387307197,71.1,71.5,70.8,71.1,3083,70.8,72.6,16.66666667,18.58095549,20.34854845,23.88373437,0
2248,2574574,183580519,71.1,71.6,71.1,71.2,1403,70.8,72.6,22.22222222,19.79471107,20.16393599,20.90238583,1
2249,2347218,167712145,71.6,71.7,71.3,71.5,1493,70.8,72.5,41.17647059,26.92196424,22.41661207,13.40590774,1
2250,1773436,126882051,71.5,71.7,71.5,71.5,643,70.8,72.5,41.17647059,31.67346636,25.50223017,13.15975779,1
2251,2596530,186398360,71.8,72.3,71.4,71.6,1278,70.8,72.5,47.05882353,36.80191875,29.26879303,14.20254159,1
2252,4014762,287614805,71.9,72.0,71.4,71.5,2449,70.8,72.5,41.17647059,38.26010269,32.26589625,20.27748336,0
2253,3946757,281898143,71.5,71.6,71.2,71.5,2204,70.8,72.4,43.75,40.09006846,34.87395365,24.44172404,1
2254,3572956,256119412,71.5,72.1,71.4,72.1,1638,70.8,72.3,86.66666667,55.6156012,41.78783617,14.13230611,1
2255,3682211,264367458,71.8,72.0,71.6,71.6,2117,70.8,72.3,53.33333333,54.85484524,46.14350586,28.72082709,1
2256,3655872,262491647,71.6,72.1,71.4,72.1,1901,71.1,72.3,83.33333333,64.34767461,52.21156211,27.93933711,0
2257,3890533,279668672,71.6,72.2,71.5,72.0,1990,71.2,72.3,72.72727273,67.14087398,57.1879994,37.28225024,1
2258,2540927,182304644,72.0,72.1,71.6,71.9,1562,71.2,72.3,63.63636364,65.97270387,60.11623422,48.40329493,0
2259,2269217,162953097,71.6,72.0,71.6,71.7,1628,71.2,72.3,45.45454545,59.13331773,59.78859539,61.09915071,1
2260,3215721,231041312,71.7,72.1,71.7,71.8,1605,71.2,72.2,60.0,59.42221182,59.66646753,60.15497896,0
2261,2423386,173834192,71.9,72.0,71.5,71.7,1655,71.2,72.2,50.0,56.28147455,58.53813654,63.05146052,1
2262,4329273,309359945,71.7,71.8,71.3,71.3,2874,71.3,72.2,0.0,37.52098303,51.5324187,79.55529004,0
2263,4283936,305574406,71.3,71.5,71.2,71.3,2748,71.2,72.2,10.0,28.34732202,43.80405314,74.71751538,0
2264,1614420,115823340,71.3,72.0,71.3,72.0,1061,71.2,72.2,80.0,45.56488135,44.39099588,42.04322494,1
2265,3755925,269230912,71.7,72.1,71.5,71.5,2027,71.2,72.2,30.0,40.37658756,43.05285977,48.40540419,1
2266,2835700,204003863,71.7,72.1,71.7,71.9,910,71.2,72.1,77.77777778,52.84365097,46.31645684,33.26206858,1
2267,1724121,124669460,71.9,72.5,71.9,72.5,1250,71.2,72.5,100.0,68.56243398,53.73178255,24.0704797,1
2268,1301310,94606100,72.5,72.9,72.5,72.6,767,71.2,72.9,82.35294118,73.15926971,60.20761161,34.30429539,1
2269,2108728,153422490,72.6,72.9,72.6,72.9,973,71.2,72.9,100.0,82.10617981,67.50713434,38.3090434,0
2270,2281135,166916166,73.0,73.4,72.9,73.3,1135,71.2,73.4,95.45454545,86.55563502,73.85663457,48.45863366,0
2271,1827716,133823668,73.2,73.4,73.0,73.3,952,71.2,73.4,95.45454545,89.5219385,79.07840255,58.19133063,0
2272,1855333,135905109,73.2,73.5,73.0,73.0,950,71.3,73.5,77.27272727,85.43886809,81.19855773,72.717937,0
2273,1941628,142140344,73.1,73.4,73.0,73.0,950,71.5,73.5,75.0,81.95924539,81.45212028,80.43787006,0
2274,1425119,104311889,73.1,73.3,73.1,73.1,805,71.7,73.5,77.77777778,80.56542286,81.15655447,82.33881771,0
2275,1828054,134210668,73.1,73.7,73.1,73.7,1095,71.9,73.7,100.0,87.04361524,83.11890806,75.26949371,0
2276,2581404,191192896,73.7,74.3,73.7,74.3,1271,72.5,74.3,100.0,91.36241016,85.86674209,74.87540596,0
2277,2543207,187719063,74.3,74.4,73.3,73.3,1492,72.6,74.4,38.88888889,73.8712364,81.8682402,97.86224779,1
2278,1094007,80351709,73.8,73.9,73.3,73.3,605,72.9,74.4,26.66666667,58.13637982,73.95762007,105.6001006,0
2279,2580655,188593815,73.3,73.5,72.6,72.6,1482,72.6,74.4,0.0,38.75758655,62.22427556,109.1576536,1
2280,2614155,191313338,73.0,73.7,73.0,73.0,1425,72.6,74.4,22.22222222,33.24579844,52.56478319,91.20275269,0
2281,1264351,92828224,73.1,73.6,73.1,73.6,814,72.6,74.4,55.55555556,40.68238415,48.60398351,64.44718223,1
2282,2110677,155782888,73.6,74.0,73.5,73.8,1090,72.6,74.4,66.66666667,49.34381165,48.85059289,47.86415536,0
2283,1649647,121939741,73.9,74.1,73.8,73.8,975,72.6,74.4,66.66666667,55.11809666,50.93976081,42.58308912,1
2284,1882521,139588501,74.0,74.3,73.8,74.3,787,72.6,74.4,94.44444444,68.22687925,56.70213363,33.65264237,0
2285,1214558,90289641,74.3,74.5,74.2,74.3,742,72.6,74.5,89.47368421,75.30914757,62.90447161,38.09511968,0
2286,1004426,74785034,74.3,74.7,74.2,74.7,711,72.6,74.7,100.0,83.53943171,69.78279164,42.2695115,0
2287,1682319,125531933,74.7,74.7,74.4,74.6,1079,72.6,74.7,95.23809524,87.43898622,75.66818984,52.12659706,0
2288,3059465,228348325,74.6,74.9,74.4,74.7,1079,73.0,74.9,89.47368421,88.11721889,79.81786619,63.21916079,1
2289,931760,69334955,74.7,74.7,74.2,74.2,643,73.1,74.9,61.11111111,79.11518296,79.58363844,80.52054941,1
2290,1140145,84637853,74.3,74.3,74.1,74.2,471,73.5,74.9,50.0,69.41012197,76.19246629,89.75715491,0
2291,1599857,119238344,74.2,74.7,74.2,74.7,893,73.8,74.9,81.81818182,73.54614192,75.31035817,78.83879065,0
2292,2175505,162663218,74.7,74.9,74.6,74.8,1502,73.8,74.9,90.90909091,79.33379158,76.65150264,71.28692475,0
2293,2687531,201776125,74.8,75.2,74.8,75.0,1390,74.1,75.2,81.81818182,80.16192166,77.82164231,73.14108361,0
2294,2375377,179361417,75.2,75.8,75.1,75.8,1415,74.1,75.8,100.0,86.77461444,80.80596636,68.86867018,0
2295,4050720,306858497,75.8,76.3,75.0,75.3,1472,74.1,76.3,54.54545455,76.03156114,79.21449795,85.58037157,0
2296,4882279,370400120,75.3,76.0,75.3,75.8,2135,74.1,76.3,77.27272727,76.44528319,78.29142636,81.98371272,0
2297,2553512,194303150,75.8,76.2,75.8,76.0,1103,74.1,76.3,86.36363636,79.75140091,78.77808455,76.83145181,0
2298,2179635,165304299,76.0,76.1,75.7,75.8,1159,74.1,76.3,77.27272727,78.92517637,78.82711515,78.63099273,0
2299,2302096,172890200,75.6,75.6,74.9,75.0,1332,74.2,76.3,38.0952381,65.31519694,74.32314242,92.33903336,0
2300,1979367,149915639,75.0,76.0,75.0,76.0,1057,74.6,76.3,82.35294118,70.99444502,73.21357662,77.65183981,0
2301,1746255,131709041,75.9,75.9,75.1,75.2,1005,74.8,76.3,26.66666667,56.2185189,67.54855738,90.20863433,0
2302,2802738,211241912,75.2,75.8,75.1,75.3,1340,74.9,76.3,28.57142857,47.00282213,60.69997896,88.09429263,0
2303,4130975,313427100,75.8,76.4,75.4,75.9,2429,74.9,76.4,66.66666667,53.55743697,58.31913163,67.84252095,0
2304,2300384,174036142,75.9,76.0,75.4,75.6,1366,74.9,76.4,46.66666667,51.26051354,55.96625893,65.37774973,0
2305,3409683,258430995,75.4,76.2,75.4,75.8,2050,74.9,76.4,60.0,54.17367569,55.36873119,57.75884218,0
2306,1841271,140159938,75.5,76.3,75.5,76.3,957,74.9,76.4,93.33333333,67.22689491,59.32145243,43.51056747,0
2307,1823592,138002991,76.0,76.1,75.5,75.5,1041,74.9,76.4,40.0,58.15126327,58.93138937,60.49164158,0
2308,2172463,164611856,75.9,76.2,75.6,75.6,1266,75.0,76.4,42.85714286,53.05322313,56.97200063,64.80955562,0
2309,2400954,181924011,75.7,76.2,75.6,75.6,1256,75.1,76.4,38.46153846,48.18932824,54.04444317,65.75467301,0
2310,4429226,338159162,76.0,76.7,75.8,76.7,2684,75.1,76.7,100.0,65.45955216,57.8494795,42.62933417,0
2311,2361699,179824931,76.5,76.7,75.8,76.4,1080,75.4,76.7,76.92307692,69.28072708,61.65989536,46.41823191,0
2312,3467281,266747246,76.8,77.1,76.0,76.8,2276,75.4,77.1,82.35294118,73.63813178,65.65264083,49.68165894,0
2313,1368333,104891637,77.0,77.2,76.2,76.4,1058,75.4,77.2,55.55555556,67.61060637,66.30529601,63.69467529,0
2314,823491,63170803,76.8,77.0,76.4,77.0,679,75.5,77.2,88.23529412,74.48550229,69.03203144,58.12508974,0
2315,5755616,439732016,77.0,77.0,76.2,76.4,481,75.5,77.2,52.94117647,67.30406035,68.45604107,70.76000253,0
2316,3602807,278529813,76.9,77.5,76.8,77.5,1768,75.6,77.5,100.0,78.2027069,71.70492968,58.70937525,1
2317,3569293,278307889,77.9,78.2,77.6,78.2,1722,75.6,78.2,100.0,85.46847127,76.29277688,57.9413881,0
2318,4226793,329643406,77.0,78.5,77.0,78.5,1842,75.8,78.5,100.0,90.31231418,80.96595598,62.27323958,0
2319,870394,68105401,77.9,78.5,77.9,78.2,478,75.8,78.5,88.88888889,89.83783908,83.92325035,72.09407287,0
2320,984804,77122211,78.0,78.6,77.8,78.5,597,76.0,78.6,96.15384615,91.94317477,86.59655849,75.90332592,0
2321,918606,71755768,77.9,78.5,77.9,78.0,720,76.2,78.6,75.0,86.29544985,86.49618894,86.89766713,0
2322,1376276,107516979,78.0,78.3,77.9,78.2,706,76.2,78.6,83.33333333,85.30807768,86.10015185,87.68430021,0
2323,1183292,92296976,78.2,78.3,77.8,78.0,452,76.2,78.6,75.0,81.87205178,84.69078516,90.32825192,0
2324,1084654,84331432,77.7,77.9,77.5,77.9,598,76.8,78.6,61.11111111,74.95173823,81.44443618,94.4298321,0
2325,1552051,120336069,77.7,77.8,77.3,77.5,628,77.0,78.6,31.25,60.38449215,74.42445484,102.5043802,1
2326,2280201,175467310,77.5,77.5,76.7,77.0,1368,76.7,78.6,15.78947368,45.519486,64.78946523,103.3294237,0
2327,3967863,300458369,77.0,77.0,75.2,75.4,1921,75.2,78.6,5.882352941,32.30710831,53.96201292,97.27182214,0
2328,3703697,281487134,75.4,76.7,75.4,75.8,1615,75.2,78.6,17.64705882,27.42042515,45.114817,80.50360069,0
2329,4276885,325256229,75.8,76.4,75.8,76.0,1583,75.2,78.5,24.24242424,26.36109151,38.86357517,63.86854248,0
2330,7952664,568347131,72.1,72.1,71.1,71.4,4192,71.1,78.3,4.166666667,18.9629499,32.23003341,58.76420044,0
2331,4069108,291309372,71.3,72.0,71.2,71.9,2146,71.1,78.3,11.11111111,16.3456703,26.93524571,48.11439652,0
2332,3081001,220410672,71.9,71.9,71.4,71.4,1597,71.1,77.9,4.411764706,12.36770177,22.07939773,41.50278965,1
2333,2251474,162007761,71.8,72.2,71.7,72.0,1185,71.1,77.8,13.43283582,12.72274645,18.96051397,31.436049,1
2334,1806550,130112516,72.0,72.2,71.8,72.0,895,71.1,77.5,14.0625,13.16933097,17.03011964,24.75169697,1
2335,2008270,144958971,72.0,72.4,71.9,72.2,1104,71.1,77.0,18.6440678,14.99424324,16.35149417,19.06599603,1
2336,2242992,161618713,72.5,72.5,71.6,71.6,1366,71.1,76.7,8.928571429,12.97235264,15.22511366,19.73063571,1
2337,2062527,148299392,71.6,72.1,71.6,71.8,1241,71.1,76.4,13.20754717,13.05075082,14.50032605,17.39947651,1
2338,1390200,99851737,71.8,72.0,71.6,71.8,1110,71.1,72.5,50.0,25.36716721,18.12260643,3.633484882,1
2339,1434638,102855393,71.6,71.8,71.6,71.6,995,71.2,72.5,30.76923077,27.16785506,21.13768931,9.077357806,0
2340,2463640,176253505,71.8,71.8,71.4,71.6,1445,71.4,72.5,18.18181818,24.17250944,22.14929602,18.10286919,1
2341,3098011,221540981,71.6,71.8,71.3,71.5,2150,71.3,72.5,16.66666667,21.67056185,21.98971796,22.62803019,1
2342,2188980,156282656,71.2,71.6,71.2,71.4,1434,71.2,72.5,15.38461538,19.57524636,21.18489409,24.40418956,1
2343,4357747,309685326,71.1,71.3,70.8,71.0,2296,70.8,72.5,11.76470588,16.97173287,19.78050702,25.39805532,0
2344,2436092,173621473,71.0,71.6,71.0,71.3,1435,70.8,72.5,29.41176471,21.11841015,20.22647473,18.44260389,1
2345,2406839,171514180,71.1,71.6,71.1,71.3,1348,70.8,72.1,38.46153846,26.89945292,22.45080079,13.55349654,1
2346,2745944,196165668,71.2,71.7,71.1,71.7,1743,70.8,72.0,75.0,42.93296861,29.27819006,1.96863297,0
2347,1733400,123957800,71.8,71.8,71.4,71.5,1128,70.8,71.8,70.0,51.95531241,36.83723085,6.601067722,1
2348,1157549,82947428,71.2,72.0,71.2,71.7,750,70.8,72.0,75.0,59.63687494,44.43711221,14.03758675,1
2349,1752781,125779332,71.7,72.0,71.5,71.7,1225,70.8,72.0,75.0,64.75791663,51.21071368,24.11630779,1
2350,2354808,168300526,71.5,71.8,71.3,71.3,1470,70.8,72.0,41.66666667,57.06083331,53.16075356,45.36059406,1
2351,1710397,121991560,71.3,71.6,71.2,71.4,1014,70.8,72.0,50.0,54.7072222,53.67624311,51.61428491,1
2352,2268455,161844809,71.2,71.6,71.1,71.4,1177,71.0,72.0,40.0,49.8048148,52.385767,57.54767141,1
2353,1411967,100920726,71.4,71.7,71.2,71.4,818,71.1,72.0,33.33333333,44.31432098,49.695285,60.45721303,1
2354,1146389,81951727,71.3,71.7,71.3,71.5,675,71.1,72.0,44.44444444,44.35769547,47.91608849,55.03287452,0
2355,1392232,99790575,71.5,71.8,71.4,71.7,988,71.1,72.0,66.66666667,51.7940192,49.20873206,44.03815777,0
2356,1224960,88056807,71.9,72.1,71.6,72.1,736,71.1,72.1,100.0,67.86267947,55.42671453,30.55478465,0
2357,1276904,91469364,71.8,72.0,71.5,72.0,887,71.1,72.1,90.0,75.24178631,62.03173846,35.61164274,1
2358,1751000,125240500,71.5,71.8,71.3,71.5,919,71.1,72.1,40.0,63.49452421,62.51933371,60.5689527,1
2359,3553072,254134068,72.0,72.0,71.5,71.5,985,71.1,72.1,40.0,55.66301614,60.23389452,69.37565127,1
2360,890246,63882712,71.7,71.9,71.7,71.7,522,71.1,72.1,60.0,57.10867743,59.19215549,63.35911161,0
2361,2083065,150373200,71.9,72.4,71.7,72.4,1201,71.2,72.4,100.0,71.40578495,63.26336531,46.97852602,0
2362,2269191,165552916,72.7,73.2,72.5,73.2,1124,71.3,73.2,100.0,80.93718997,69.15464019,45.58954065,1
2363,845148,61694429,73.0,73.2,72.8,73.2,585,71.3,73.2,100.0,87.29145998,75.20024679,51.01782041,0
2364,1098081,79972691,73.2,73.2,72.6,72.6,737,71.3,73.2,68.42105263,81.0013242,77.13393926,69.39916938,0
2365,1404681,102428375,72.4,73.2,72.3,73.1,1080,71.3,73.2,94.73684211,85.57983017,79.94923623,68.68804835,1
2366,1742040,127137725,72.8,73.1,72.6,73.1,1051,71.3,73.2,94.73684211,88.63216748,82.84354664,71.26630498,1
2367,1635809,119543833,73.1,73.4,72.8,73.0,1058,71.5,73.4,78.94736842,85.40390113,83.69699814,80.28319216,1
2368,1368158,99981970,73.0,73.3,72.7,73.3,964,71.7,73.4,94.11764706,88.3084831,85.23415979,79.08551317,0
2369,1599112,117293624,73.3,73.5,73.0,73.5,916,71.7,73.5,100.0,92.2056554,87.55799166,78.26266418,0
2370,1858794,136219756,73.5,73.5,72.7,73.3,1156,72.3,73.5,83.33333333,89.24821471,88.12139935,85.86776861,0
2371,2171034,158843183,73.0,73.5,72.8,72.8,1393,72.3,73.5,41.66666667,73.3876987,83.2101658,102.8551,1
2372,1853434,136080267,73.2,73.5,73.1,73.5,1344,72.3,73.5,100.0,82.2584658,82.89293246,84.1618658,0
2373,1862954,136797701,73.5,73.7,73.0,73.7,1098,72.3,73.7,100.0,88.17231053,84.65272515,77.6135544,0
2374,2038890,150481660,73.7,74.1,73.4,74.0,1490,72.6,74.1,93.33333333,89.89265147,86.39936726,79.41279884,0
2375,1415377,104449356,74.0,74.0,73.5,73.9,876,72.7,74.1,85.71428571,88.49986288,87.09953247,84.29887163,0
2376,2405815,178315222,73.7,74.2,73.7,74.2,608,72.7,74.2,100.0,92.33324192,88.84410228,81.86582301,0
2377,1476948,108901652,74.1,74.1,73.4,73.6,933,72.7,74.2,60.0,81.55549461,86.41456639,96.13270995,0
2378,3409374,250473385,73.6,74.1,73.0,73.5,1566,72.7,74.2,53.33333333,72.14810752,81.6590801,100.6810253,1
2379,1989962,145202626,73.6,73.8,72.7,73.0,1468,72.7,74.2,20.0,54.76540501,72.69452174,108.5527552,1
2380,1641140,119613620,73.0,73.2,72.7,72.7,1138,72.7,74.2,0.0,36.51027001,60.6331045,108.8787735,1
2381,1351935,98241669,73.2,73.2,72.5,72.5,1065,72.5,74.2,0.0,24.34018001,48.535463,96.92602899,0
2382,2075530,151117094,73.2,73.4,72.5,73.4,1614,72.5,74.2,52.94117647,33.87384549,43.64825716,63.1970805,1
2383,2831684,205777232,72.7,73.0,72.5,72.8,1660,72.5,74.2,17.64705882,28.4649166,38.58714364,58.83159772,1
2384,2406370,173905195,72.2,72.5,72.1,72.3,1346,72.1,74.2,9.523809524,22.15121424,33.10850051,55.02307304,1
2385,3352041,242225253,72.2,72.6,71.9,72.5,957,71.9,74.1,27.27272727,23.85838525,30.02512876,42.35861577,1
2386,969404,70230427,72.2,72.6,72.2,72.5,427,71.9,74.1,27.27272727,24.99649926,28.34891893,35.05375826,1
2387,2588885,187188067,72.2,72.6,72.2,72.2,1394,71.9,73.8,15.78947368,21.92749073,26.20844286,34.77034712,1
2388,2668031,192739132,72.2,72.7,72.0,72.1,1876,71.9,73.4,13.33333333,19.0627716,23.82655244,33.35411412,1
2389,4582979,330678373,72.5,72.5,72.0,72.1,2905,71.9,73.4,13.33333333,17.15295885,21.60202124,30.50014604,0
2390,5015009,362675344,72.4,72.5,72.1,72.1,1349,71.9,73.4,13.33333333,15.87975034,19.69459761,27.32429214,0
2391,5536034,399925296,72.4,72.5,72.1,72.3,2589,71.9,73.0,36.36363636,22.70771235,20.69896919,16.68148287,0
2392,2888073,210115601,72.4,72.9,72.3,72.9,1930,71.9,72.9,100.0,48.47180823,29.9565822,-7.073869855,1
2393,1969233,144155193,73.0,73.4,72.9,73.4,1145,71.9,73.4,100.0,65.64787215,41.85367885,-5.734707748,0
2394,1270858,93443641,73.4,73.7,73.3,73.6,841,72.0,73.7,94.11764706,75.13779712,52.94838494,8.569560585,0
2395,1761842,129967765,73.7,73.9,73.6,73.9,1043,72.0,73.9,100.0,83.42519808,63.10732266,22.47157181,1
2396,1441066,105909661,73.9,73.9,73.0,73.4,1018,72.0,73.9,73.68421053,80.17820223,68.79761585,46.03644308,0
2397,1802796,132156323,73.4,73.5,73.1,73.4,713,72.0,73.9,73.68421053,78.01353833,71.86959001,59.58169337,0
2398,1432728,104962376,73.7,73.7,72.9,73.3,764,72.1,73.9,66.66666667,74.23124777,72.65680926,69.50793224,0
2399,1513222,110698792,73.5,73.5,73.0,73.1,756,72.1,73.9,55.55555556,68.00601704,71.10654519,77.30760149,1
2400,1918610,140611830,73.6,73.7,73.0,73.2,1076,72.3,73.9,56.25,64.08734469,68.76681169,78.12574568,0
2401,4466510,326364300,73.1,73.2,72.9,73.2,1145,72.9,73.9,30.0,52.72489646,63.41950661,84.80872692,0
2402,3611917,264422998,73.7,73.7,73.0,73.0,1222,72.9,73.9,10.0,38.48326431,55.10742584,88.35574892,0
2403,1908286,139869628,73.1,73.5,73.1,73.3,966,72.9,73.9,40.0,38.98884287,49.73456485,71.22600882,1
2404,2634145,193944292,73.5,73.8,73.4,73.8,1586,72.9,73.9,90.0,55.99256191,51.82056387,43.47656779,0
2405,2621929,193566746,73.8,74.0,73.5,74.0,1346,72.9,74.0,100.0,70.66170794,58.10094523,32.9794198,0
2406,4981966,366797983,73.9,74.0,73.6,73.8,1000,72.9,74.0,81.81818182,74.38053257,63.52747434,41.82135789,0
2407,3966423,295614335,74.0,75.0,73.9,74.9,2119,72.9,75.0,95.23809524,81.33305346,69.46266738,45.72189523,0
2408,3345594,252211492,74.9,75.8,74.9,75.7,1771,72.9,75.8,96.55172414,86.40594368,75.11042615,52.51939108,0
2409,2219714,167380048,75.6,75.7,74.9,75.7,1337,72.9,75.8,96.55172414,89.7878705,80.0029076,60.4329818,1
2410,2587776,194427944,75.9,75.9,74.7,75.3,1656,73.0,75.9,79.31034483,86.29536194,82.10039238,73.71045326,0
2411,2841314,210079136,74.7,74.9,73.6,73.7,1715,73.1,75.9,21.42857143,64.67309844,76.2912944,99.52768632,1
2412,3058417,223636968,73.4,73.4,73.0,73.1,1543,73.0,75.9,3.448275862,44.26482425,65.61580435,108.3177646,1
2413,1972756,145047438,73.9,73.9,73.2,73.4,917,73.0,75.9,13.79310345,34.10758398,55.11306423,97.12402472,1
2414,3939550,288337771,73.4,73.5,73.0,73.5,872,73.0,75.9,17.24137931,28.48551576,46.23721474,81.7406127,0
2415,2163700,159151426,73.1,73.9,73.1,73.6,1122,73.0,75.9,20.68965517,25.88689556,39.45377501,66.58753391,1
2416,2445116,181577643,74.0,74.7,73.9,74.6,1485,73.0,75.9,55.17241379,35.64873497,38.18542833,43.25881505,1
2417,2667328,197802397,74.6,74.7,73.7,74.0,1339,73.0,75.9,34.48275862,35.26007619,37.21031095,41.11078048,1
2418,2317649,172429509,74.1,75.0,73.9,75.0,1401,73.0,75.9,68.96551724,46.49522321,40.3052817,27.9253987,0
2419,2696625,200074224,74.9,74.9,73.9,74.3,1572,73.0,75.0,65.0,52.66348214,44.42468185,27.94708127,0
2420,12763692,936877957,74.2,74.6,73.1,73.2,2483,73.0,75.0,10.0,38.44232142,42.43056171,50.40704227,0
2421,1688988,124627812,73.5,74.0,73.5,73.9,795,73.0,75.0,45.0,40.62821428,41.82977923,44.23290913,1
2422,1470658,108346492,73.6,73.8,73.5,73.5,842,73.0,75.0,25.0,35.41880952,39.69278933,48.24074894,0
2423,1882100,137759547,73.5,73.6,73.1,73.1,813,73.1,75.0,0.0,23.61253968,34.33270611,55.77303898,0
2424,833026,61153405,73.0,73.7,73.0,73.4,555,73.0,75.0,20.0,22.40835979,30.357924,46.25705244,0
2425,1147419,84405218,73.4,73.8,73.2,73.5,618,73.0,75.0,25.0,23.27223986,27.99602929,37.44360815,0
2426,1113424,81641471,73.8,73.8,73.2,73.2,710,73.0,75.0,10.0,18.84815991,24.94673949,37.14389867,0
2427,1915372,140081262,73.3,73.3,73.0,73.1,1180,73.0,74.9,5.263157895,14.3198259,21.40443496,35.57365309,1
2428,1179650,86306372,73.3,73.6,73.0,73.0,625,73.0,74.6,0.0,9.546550601,17.45180684,33.26231933,0
2429,3605634,262906682,73.3,73.3,72.7,72.8,1705,72.7,74.0,7.692307692,8.928469632,14.61069444,25.97514405,0
2430,4379177,316856759,72.8,72.8,72.2,72.2,2559,72.2,73.8,0.0,5.952313088,11.72456732,23.26907579,0
2431,1329692,96149563,72.3,72.5,72.1,72.2,805,72.1,73.8,5.882352941,5.928993039,9.792709228,17.52014161,1
2432,1871917,136412241,72.6,73.0,72.5,72.8,1111,72.1,73.8,41.17647059,17.67815222,12.42119023,1.907266233,1
2433,3186477,231928621,73.3,73.3,72.6,72.6,1541,72.1,73.8,29.41176471,21.58935638,15.47724561,3.253024068,0
2434,4620702,333754657,72.3,72.5,72.1,72.2,2232,72.1,73.8,5.882352941,16.35368857,15.76939326,14.60080265,0
2435,5196016,374995750,72.2,72.4,71.9,72.4,2403,71.9,73.6,29.41176471,20.70638061,17.41505571,10.83240591,0
2436,2942651,213409617,72.3,72.9,72.3,72.5,1463,71.9,73.6,35.29411765,25.56895963,20.13302368,9.261151803,0
2437,1796973,130359031,72.7,72.7,72.4,72.5,827,71.9,73.3,42.85714286,31.33168737,23.86591158,8.93436,1
2438,3769988,273873820,72.7,72.9,72.6,72.6,836,71.9,73.3,50.0,37.55445825,28.42876047,10.17736491,1
2439,1672389,121589249,72.6,72.9,72.5,72.9,615,71.9,73.3,71.42857143,48.84582931,35.23445008,8.01169163,0
2440,1608415,117082595,72.9,73.0,72.7,72.8,856,71.9,73.3,64.28571429,53.99245763,41.48711927,16.47644253,1
2441,766212,55880436,72.8,73.2,72.7,73.0,424,71.9,73.3,78.57142857,62.18544795,48.38656216,20.78879058,1
2442,683326,49884223,73.0,73.2,72.8,73.0,341,71.9,73.2,84.61538462,69.6620935,55.47840594,27.11103082,1
2443,1350145,98534723,73.3,73.3,72.8,73.0,716,71.9,73.3,78.57142857,72.63187186,61.19622791,38.32494002,0
2444,2661888,194651590,73.1,73.2,72.9,73.2,904,72.3,73.3,90.0,78.42124791,66.93790124,43.97120792,0
2445,2178668,157890826,73.1,73.1,72.1,72.1,946,72.1,73.3,0.0,52.28083194,62.05221148,81.59497055,0
2446,1855627,134007253,72.6,72.6,72.1,72.3,1116,72.1,73.3,16.66666667,40.40944351,54.83795549,83.69497944,1
2447,1224306,88448747,72.2,72.5,72.1,72.3,732,72.1,73.3,16.66666667,32.49518456,47.39036518,77.18072641,1
2448,2323436,167349667,72.0,72.2,71.9,72.0,1062,71.9,73.3,7.142857143,24.04440876,39.60837971,70.7363216,0
2449,2122724,152693582,72.0,72.2,71.7,72.0,1038,71.7,73.3,18.75,22.27960584,33.83212175,56.93715357,1
2450,4545844,325117403,71.8,71.8,71.3,71.5,2132,71.3,73.3,10.0,18.18640389,28.61688246,49.47783961,0
2451,6280562,446594175,71.5,71.7,71.0,71.0,3676,71.0,73.3,0.0,12.12426926,23.11934473,45.10949567,0
2452,4703988,333928727,71.0,71.7,70.8,71.4,2366,70.8,73.2,25.0,16.41617951,20.88495632,29.82250995,0
2453,4174505,295854300,71.4,71.4,70.5,71.2,2259,70.5,73.1,26.92307692,19.91847865,20.5627971,21.851434,0
2454,3921170,277796705,70.7,71.3,70.6,70.9,2258,70.5,72.6,19.04761905,19.62819211,20.2512621,21.49740208,1
2455,4710275,332347269,70.7,70.7,70.3,70.7,3036,70.3,72.5,18.18181818,19.14606747,19.88286389,21.35645674,0
2456,4657751,328318281,70.7,70.7,70.3,70.3,2793,70.3,72.2,0.0,12.76404498,17.50992425,27.0016828,0
2457,3735061,263713233,70.2,70.9,70.2,70.9,2433,70.2,72.2,35.0,20.17602999,18.39862616,14.84381852,1
2458,2937050,207807450,70.7,71.0,70.5,70.7,1558,70.2,71.8,31.25,23.86735332,20.22153522,12.92989901,0
2459,8732721,602418634,69.0,69.9,68.7,69.0,4966,68.7,71.7,10.0,19.24490222,19.89599088,21.19816822,0
2460,5143017,354137076,69.0,69.4,68.6,68.6,2639,68.6,71.7,0.0,12.82993481,17.54063886,26.96204696,0
2461,5922436,399746662,68.5,68.6,66.6,67.8,3117,66.6,71.4,25.0,16.88662321,17.32263364,18.19465451,0
2462,4765869,322757340,67.3,68.5,67.2,67.9,2739,66.6,71.3,27.65957447,20.47760696,18.37429142,14.16766032,0
2463,3824199,258165132,67.6,67.9,67.3,67.6,1949,66.6,71.0,22.72727273,21.22749555,19.32535946,15.52108728,1
2464,6385387,431663016,67.4,67.9,67.4,67.7,2484,66.6,71.0,25.0,22.48499703,20.37857198,16.16572189,0
2465,4598647,308398066,67.5,67.5,66.9,67.0,2606,66.6,71.0,9.090909091,18.02030105,19.59248167,22.73684292,0
2466,3257657,218623057,66.9,67.4,66.7,67.4,1460,66.6,71.0,18.18181818,18.0741401,19.08636781,21.11082325,1
2467,2195125,148074450,67.1,67.7,67.1,67.4,1342,66.6,69.9,24.24242424,20.13023481,19.43432348,18.04250082,1
2468,4411048,296017617,67.1,67.4,67.0,67.0,2780,66.6,69.4,14.28571429,18.1820613,19.01690275,20.68658566,0
2469,2944575,198590393,67.0,67.8,67.0,67.2,1521,66.6,68.6,30.0,22.1213742,20.05172657,15.91243131,0
2470,3106362,210977191,67.2,68.3,67.2,68.2,1805,66.7,68.5,83.33333333,42.52536058,27.54293791,-2.421907439,0
2471,2345321,160012506,68.2,68.5,67.7,68.4,1423,66.7,68.5,94.44444444,59.83172187,38.30586589,-4.745846055,0
2472,2305333,157230333,68.4,68.4,68.0,68.4,1245,66.7,68.5,94.44444444,71.36929606,49.32700928,5.242435727,0
2473,3354113,230698197,68.2,69.3,68.2,68.9,1905,66.7,69.3,84.61538462,75.78465891,58.14622583,22.86935965,0
2474,6397888,433362984,68.2,68.4,67.4,67.6,3575,66.7,69.3,34.61538462,62.06156748,59.45133971,54.23088417,0
2475,3453981,233162006,67.5,67.9,67.3,67.4,2291,67.0,69.3,17.39130435,47.17147977,55.35805306,71.73119965,1
2476,7043655,469585595,67.3,67.3,66.2,66.7,4393,66.2,69.3,16.12903226,36.82399727,49.18003446,73.89210886,0
2477,5737657,379666319,66.2,66.8,65.8,66.8,3746,65.8,69.3,28.57142857,34.07314103,44.14440332,64.28692789,0
2478,6758715,444454584,66.0,66.3,65.1,66.0,4337,65.1,69.3,21.42857143,29.8582845,39.38236371,58.43052214,0
2479,5730771,376552727,65.6,66.1,65.3,66.1,2426,65.1,69.3,23.80952381,27.84203094,35.53558612,50.92269649,0
2480,6535414,426104102,65.2,65.5,65.0,65.0,4073,65.0,69.3,0.0,18.56135396,29.87750873,52.50981828,0
2481,4301181,280671798,65.4,65.8,65.0,65.6,3209,65.0,69.3,13.95348837,17.02539876,25.59347208,42.7296187,1
2482,4383692,289441473,65.4,66.6,65.3,66.6,2351,65.0,68.4,47.05882353,27.03654035,26.07449483,24.1504038,0
2483,4191434,279902814,67.1,67.2,66.6,66.8,2401,65.0,67.9,62.06896552,38.71401541,30.28766836,13.43497426,0
2484,4264838,281539700,66.8,66.8,65.3,66.2,2648,65.0,67.3,52.17391304,43.20064795,34.59199489,17.37468876,1
2485,4949768,321870632,65.3,65.7,64.5,65.0,3175,64.5,67.2,18.51851852,34.97327147,34.71908708,34.21071831,0
2486,5436336,357127433,64.7,66.4,64.6,66.3,2516,64.5,67.2,66.66666667,45.53773654,38.32530357,23.90043763,0
2487,3417670,226211350,66.1,66.6,65.6,66.3,1958,64.5,67.2,66.66666667,52.58071325,43.0771068,24.06989389,0
2488,7283857,470422305,65.9,65.9,64.0,64.5,4122,64.0,67.2,15.625,40.26214217,42.13878525,45.89207143,0
2489,13601550,817048650,62.0,62.8,58.2,62.5,7643,58.2,67.2,47.77777778,42.76735404,42.34830818,41.51021647,0
2490,7703250,473548299,62.5,62.8,60.9,60.9,4425,58.2,67.2,30.0,38.51156936,41.06939524,46.185047,0
2491,10820544,674424034,60.9,63.6,60.1,62.7,5586,58.2,67.2,50.0,42.34104624,41.49327891,39.79774424,0
2492,7424367,463903721,61.5,63.5,61.1,63.0,4100,58.2,66.8,55.81395349,46.83201532,43.27285771,36.15454249,0
2493,10144866,632884799,61.0,64.3,61.0,62.4,4959,58.2,66.6,50.0,47.88801021,44.81124188,38.65770521,0
2494,8857978,551035617,62.0,63.3,61.6,62.0,4393,58.2,66.6,45.23809524,47.00470522,45.54239633,42.61777854,0
2495,5811004,350995340,60.5,61.8,59.7,59.7,3038,58.2,66.6,17.85714286,37.2888511,42.79121458,53.79594155,1
2496,5113194,313922799,61.0,62.0,60.1,61.4,2877,58.2,65.9,41.55844156,38.71204792,41.43149236,46.87038125,0
2497,4698722,295911868,61.4,63.5,61.4,63.4,2665,58.2,64.3,85.24590164,54.22333249,45.69543907,28.63965223,0
2498,4159773,266799593,63.9,64.7,63.1,64.3,2150,59.7,64.7,92.0,66.815555,52.73547771,24.57532315,0
2499,3618101,233869838,64.9,65.0,63.6,64.9,1820,59.7,65.0,98.11320755,77.24810585,60.90635376,28.22284958,0
2500,3745201,235107199,63.1,63.2,62.1,62.5,1744,59.7,65.0,52.83018868,69.10880012,63.64050255,52.70390739,1
2501,3863946,243529673,63.0,63.4,62.3,63.3,1484,59.7,65.0,67.9245283,68.71404285,65.33168265,58.56696224,0
2502,2697938,167856524,62.7,62.7,62.0,62.0,1530,59.7,65.0,43.39622642,60.2747707,63.64604533,70.38859459,1
2503,4579919,289496230,63.0,64.0,62.1,63.2,2283,59.7,65.0,66.03773585,62.19575909,63.16261658,65.09633158,0
2504,3685547,234922056,63.3,64.5,62.9,64.5,2096,60.1,65.0,89.79591837,71.39581218,65.90701512,54.92942099,0
2505,4358270,281958850,64.3,64.9,64.0,64.6,2499,61.4,65.0,88.88888889,77.22683775,69.68028933,54.58719248,0
2506,2597846,166430264,64.5,64.5,63.7,64.0,1538,62.0,65.0,66.66666667,73.70678072,71.02245313,65.65379793,1
2507,1847598,118322107,64.0,64.3,63.8,64.1,1230,62.0,65.0,70.0,72.47118715,71.50536447,69.5737191,1
2508,1669109,107116633,64.0,64.6,63.9,64.5,879,62.0,64.9,86.20689655,77.04975695,73.35349529,65.96097198,1
2509,3488725,227499495,64.5,65.6,64.5,65.6,1676,62.0,65.6,100.0,84.69983797,77.13560952,62.00715262,1
2510,3190084,209690574,65.6,66.2,65.2,66.1,1936,62.0,66.2,97.61904762,89.00624118,81.09248674,65.26497785,1
2511,3520029,230168789,65.5,66.1,65.0,65.3,1683,62.1,66.2,78.04878049,85.35375429,82.51290926,76.83121919,1
2512,3293692,217796182,65.9,67.0,65.5,65.9,1523,62.9,67.0,73.17073171,81.29274676,82.10618842,83.73307175,0
2513,3244112,213625432,65.8,66.4,65.5,65.8,1024,63.7,67.0,63.63636364,75.40728572,79.87322085,88.80509113,1
2514,2958001,192374165,65.4,65.9,64.1,64.8,1817,63.7,67.0,33.33333333,61.38263492,73.70969221,98.36380679,1
2515,1909249,123679107,64.0,65.3,64.0,65.3,797,63.8,67.0,46.875,56.54675662,67.98871368,90.87262781,1
2516,2025755,131041975,64.7,65.4,64.4,64.5,1072,63.9,67.0,19.35483871,44.14945065,60.04229267,91.82797671,1
2517,1932607,125974915,64.9,65.5,64.7,65.5,860,64.0,67.0,50.0,46.09963376,55.3947397,73.98495157,1
2518,3159539,208953042,66.3,66.4,65.5,66.2,1859,64.0,67.0,73.33333333,55.17753362,55.32233767,55.61194578,0
2519,3351633,221590497,66.3,66.6,65.6,65.8,1830,64.0,67.0,60.0,56.78502241,55.80989925,53.85965293,0
2520,2713317,180226240,66.2,66.7,66.0,66.4,1323,64.0,67.0,80.0,64.52334828,58.71438226,47.09645023,0
2521,4465694,297486181,66.4,67.0,66.4,66.4,2308,64.0,67.0,80.0,69.68223218,62.37033224,47.74653234,0
2522,3844122,253922074,65.0,66.8,65.0,66.7,2108,64.0,67.0,90.0,76.45482146,67.06516198,48.28584302,0
2523,2290256,153183352,66.7,67.1,66.5,67.1,1463,64.0,67.1,100.0,84.3032143,72.81117942,49.82710965,0
2524,2475234,164496779,66.6,67.0,66.2,66.2,1368,64.4,67.1,66.66666667,78.42436509,74.68224131,67.19799375,1
2525,1859825,123589760,66.3,67.0,66.2,66.3,1223,64.7,67.1,66.66666667,74.50513228,74.62320497,74.85935034,0
2526,2034915,136202266,66.9,67.2,66.6,67.0,962,65.0,67.2,90.90909091,79.97311849,76.40650948,69.27329144,0
2527,1779125,120097238,67.3,67.7,67.2,67.4,893,65.0,67.7,88.88888889,82.94504196,78.5860203,69.86797699,1
2528,2331906,155681787,67.0,67.3,66.4,66.7,1260,65.0,67.7,62.96296296,76.28434896,77.81879652,80.88769165,1
2529,1418564,94687188,66.6,67.2,66.6,66.7,712,65.0,67.7,62.96296296,71.84388696,75.82716,83.79370608,0
2530,1571951,103648466,66.6,66.6,65.5,65.9,969,65.0,67.7,33.33333333,59.00703575,70.22045192,92.64728425,0
2531,1211710,79916760,66.7,66.7,65.7,65.8,606,65.5,67.7,13.63636364,43.88347838,61.44146074,96.55742546,0
2532,1761252,116301353,65.5,66.4,65.5,66.4,1021,65.5,67.7,40.90909091,42.89201589,55.25831246,79.99090559,1
2533,2576821,170883806,67.7,67.7,66.0,66.0,1499,65.5,67.7,22.72727273,36.17043484,48.89568658,74.34619008,0
2534,2681938,176986608,66.5,66.5,65.7,65.8,1463,65.5,67.7,13.63636364,28.65907777,42.15015031,69.1322954,1
2535,3047440,201198512,65.7,66.3,65.6,66.2,1110,65.5,67.7,31.81818182,29.71211245,38.00413769,54.58818817,0
2536,3082944,201946417,65.7,65.8,65.2,65.2,1697,65.2,67.7,0.0,19.80807497,31.93878345,56.20020041,1
2537,1669863,108558322,65.3,65.5,64.2,65.3,885,64.2,67.7,31.42857143,23.68157379,29.18638023,40.19599311,1
2538,2200345,145086735,65.6,66.4,65.5,65.8,1129,64.2,67.7,45.71428571,31.0258111,29.79952385,27.34694936,0
2539,1906075,125043420,65.7,66.2,65.2,65.3,1094,64.2,67.7,31.42857143,31.16006454,30.25303741,28.43898316,0
2540,2893500,188870346,65.5,65.8,65.0,65.2,1588,64.2,67.7,28.57142857,30.29718588,30.26775357,30.20888895,0
2541,6778025,439677925,65.2,65.9,64.7,64.7,1850,64.2,67.7,14.28571429,24.96002868,28.49851194,35.57547846,0
2542,2469517,161977733,65.7,66.0,65.0,65.1,1635,64.2,66.5,39.13043478,29.68349738,28.89350709,27.3135265,0
2543,2115462,139062136,65.6,66.0,65.5,65.5,1242,64.2,66.4,59.09090909,39.48596795,32.42432738,18.30104623,1
2544,3086756,205889852,66.8,67.0,66.1,67.0,1892,64.2,67.0,100.0,59.65731197,41.50198891,5.191342786,0
2545,4179000,279751589,67.5,67.6,66.6,66.7,2125,64.2,67.6,73.52941176,64.28134523,49.09510768,18.72263258,0
2546,1933063,129211307,66.6,67.0,66.6,66.7,1264,64.7,67.6,68.96551724,65.8427359,54.67765042,32.34747946,0
2547,2250095,150935176,66.9,67.4,66.5,67.2,1329,64.7,67.6,86.20689655,72.63078945,60.6620301,36.72451139,1
2548,2842623,192437564,67.4,68.0,67.2,67.9,1715,64.7,68.0,96.96969697,80.74375863,67.35593961,40.58030157,0
2549,3463223,236623063,68.1,68.5,68.0,68.5,1881,64.7,68.5,100.0,87.16250575,73.95812832,47.54937347,0
2550,3838603,262294936,68.6,68.8,68.0,68.0,1875,65.0,68.8,78.94736842,84.42412664,77.44679443,63.49213,1
2551,3508012,237689414,67.4,68.1,67.1,68.0,2306,65.5,68.8,75.75757576,81.53527635,78.80962173,73.35831251,0
2552,4730085,317387601,67.4,67.7,66.6,67.3,2893,66.1,68.8,44.44444444,69.17166571,75.59696973,88.44757776,0
2553,4284482,290336067,67.3,68.2,67.1,67.8,2039,66.5,68.8,56.52173913,64.95502352,72.04965432,86.23891594,0
2554,2484205,167496908,67.8,67.8,67.2,67.6,1433,66.5,68.8,47.82608696,59.245378,67.78156222,84.85393065,1
2555,3721148,248881316,67.6,67.7,66.6,66.7,1966,66.5,68.8,8.695652174,42.39546939,59.31953127,93.16765504,1
2556,5482779,364916548,67.0,67.2,66.4,66.4,1485,66.4,68.8,0.0,28.26364626,48.9675696,90.37541629,0
2557,2595719,173015173,66.6,67.1,66.4,66.6,1435,66.4,68.8,8.333333333,21.62020862,39.85178261,76.31493059,0
2558,2811966,187879422,67.0,67.4,66.6,66.6,1488,66.4,68.8,8.333333333,17.19125019,32.2982718,62.51231503,1
2559,3151327,211375361,67.1,67.4,66.7,67.0,1660,66.4,68.2,33.33333333,22.57194457,29.05616272,42.02459903,1
2560,3333731,224465154,67.0,67.8,66.7,67.4,1758,66.4,68.2,55.55555556,33.56648157,30.55960234,24.54584388,1
2561,4381742,298264892,67.7,68.3,67.7,68.0,1962,66.4,68.3,84.21052632,50.44782982,37.1890115,10.67137486,0
2562,5364210,370545994,68.3,69.6,68.1,69.2,3300,66.4,69.6,87.5,62.79855321,45.7255254,11.57946978,0
2563,6436095,449380546,69.4,70.6,69.0,70.6,3320,66.4,70.6,100.0,75.19903547,55.55002876,16.25201533,0
2564,4542419,317669473,70.8,70.9,69.4,69.4,2346,66.4,70.9,66.66666667,72.35491254,61.15165669,38.74514498,0
2565,4677191,327343909,69.7,70.3,69.6,70.3,2469,66.4,70.9,86.66666667,77.12549725,66.47627021,45.17781612,0
2566,5256216,365439438,70.3,70.3,69.1,69.7,2508,66.6,70.9,72.09302326,75.44800592,69.46684878,57.5045345,0
2567,4179681,288805553,69.6,69.6,68.8,69.2,2121,66.7,70.9,59.52380952,70.13994045,69.69121267,68.7937571,0
2568,3290961,226882897,69.2,69.3,68.8,68.8,1640,66.7,70.9,50.0,63.42662697,67.60301744,75.95579837,1
2569,2987408,205460980,68.9,69.1,68.5,68.6,1687,67.7,70.9,28.125,51.65941798,62.28848428,83.54661689,1
2570,9519597,659370393,68.8,69.5,68.7,69.0,3368,68.1,70.9,32.14285714,45.1538977,56.57695542,79.42307087,0
2571,6372112,419648744,65.8,66.5,65.2,66.2,2731,65.2,70.9,17.54385965,35.95055168,49.70148751,77.20335916,0
2572,8706361,571556493,66.2,66.3,65.2,66.0,3703,65.2,70.9,14.03508772,28.64539703,42.68279068,70.75757799,0
2573,2440474,160026076,66.0,66.1,65.2,65.3,1592,65.2,70.3,1.960784314,19.75052612,35.0387025,65.61505524,1
2574,1647370,107684688,66.0,66.0,65.0,65.1,1123,65.0,70.3,1.886792453,13.79594823,27.95778441,56.28145676,1
2575,1791386,116067134,65.0,65.4,64.5,64.9,1045,64.5,69.6,7.843137255,11.81167791,22.57574891,44.10389091,1
2576,5210850,334928326,65.0,65.0,64.0,64.0,3200,64.0,69.5,0.0,7.874451938,17.67531658,37.27704588,0
2577,3543385,226619260,63.9,64.3,63.8,64.0,2108,63.8,69.5,3.50877193,6.419225269,13.92328615,28.9314079,0
2578,2705756,172525284,63.7,64.1,63.5,63.7,1539,63.5,69.5,3.333333333,5.390594624,11.07905564,22.45597767,1
2579,3420239,217491836,63.4,63.9,63.3,63.5,1994,63.3,66.5,6.25,5.677063082,9.278391453,16.48104819,1
2580,3411424,215175112,63.4,64.0,62.6,62.6,2080,62.6,66.3,0.0,3.784708722,7.447163876,14.77207418,1
2581,5388980,332759426,62.3,62.3,61.0,61.6,3042,61.0,66.1,11.76470588,6.444707775,7.113011842,8.449619977,1
2582,3445785,213915399,62.0,62.5,61.8,61.9,2341,61.0,66.0,18.0,10.29647185,8.174165178,3.929551835,1
2583,2871949,179807766,62.0,63.2,62.0,62.9,1790,61.0,65.4,43.18181818,21.25825396,12.53552811,-4.909923604,0
2584,2819466,177994688,63.3,63.4,63.0,63.1,1376,61.0,65.0,52.5,31.67216931,18.91440851,-6.601113096,1
2585,3138816,196163971,63.1,63.3,62.2,62.2,2060,61.0,64.3,36.36363636,33.23599166,23.68826956,4.592825353,1
2586,2029556,127451659,62.5,63.3,62.4,62.6,1112,61.0,64.1,51.61290323,39.36162885,28.91272265,8.014910266,1
2587,2120244,132765772,63.2,63.2,62.3,62.6,1421,61.0,64.0,53.33333333,44.01886368,33.94810299,13.80658163,1
2588,2353494,146906959,63.0,63.1,62.1,62.5,1545,61.0,64.0,50.0,46.01257578,37.96959392,21.88363021,1
2589,3109043,193124252,62.5,62.7,61.9,62.0,2000,61.0,63.4,41.66666667,44.56393941,40.16770909,31.37524844,1
2590,1227474,76298512,62.1,62.3,62.1,62.1,867,61.8,63.4,18.75,35.95929294,38.76490371,44.37612523,1
2591,2220231,137654874,62.0,62.4,61.9,62.0,1441,61.9,63.4,6.666666667,26.19508418,34.57496386,51.33472323,1
2592,2115916,131213246,62.0,62.3,61.7,62.3,1212,61.7,63.4,35.29411765,29.22809534,32.79267436,39.92183239,1
2593,3239001,203849358,62.5,63.9,62.2,63.2,1708,61.7,63.9,68.18181818,42.21266962,35.93267278,23.37267909,1
2594,2630811,164831669,63.0,63.0,62.5,62.6,1246,61.7,63.9,40.90909091,41.77814338,37.88116298,30.08720217,1
2595,3302324,208211637,62.9,63.3,62.6,63.1,1427,61.7,63.9,63.63636364,49.0642168,41.60884759,26.69810916,1
2596,2435013,153070303,63.2,63.3,62.7,62.9,1476,61.7,63.9,54.54545455,50.89129605,44.70299707,32.32639912,1
2597,2667890,167677249,62.9,63.1,62.7,62.8,1578,61.7,63.9,50.0,50.59419737,46.6667305,38.81179678,1
2598,3543747,219755001,62.7,62.7,61.6,61.9,2383,61.6,63.9,13.04347826,38.077291,43.803584,55.25617001,1
2599,2265357,141294691,62.4,62.8,62.0,62.6,1365,61.6,63.9,43.47826087,39.87761429,42.49492743,47.72955372,1
2600,1337420,83380763,62.6,62.7,62.1,62.3,906,61.6,63.9,30.43478261,36.73000373,40.5732862,48.25985113,1
2601,3244032,201213679,62.4,62.5,61.8,61.8,2298,61.6,63.9,8.695652174,27.38521988,36.17726409,53.76135252,1
2602,1989870,123012310,61.9,62.1,61.7,61.8,1375,61.6,63.3,11.76470588,22.17838188,31.51097002,50.1761463,1
2603,3775244,232756928,61.9,61.9,61.4,61.5,2179,61.4,63.3,5.263157895,16.53997388,26.52063797,46.48196616,1
2604,2675273,164011402,61.5,61.6,61.2,61.3,1841,61.2,63.3,4.761904762,12.61395084,21.8850756,40.42732511,1
2605,6012514,370645854,61.8,62.4,61.3,61.3,1878,61.2,63.1,5.263157895,10.16368653,17.97794591,33.60646467,0
2606,3870112,237822482,61.7,61.9,61.1,61.3,1850,61.1,62.8,11.76470588,10.69735965,15.55108382,25.25853217,1
2607,4100021,250196862,61.4,61.5,60.8,61.0,2681,60.8,62.8,10.0,10.46490643,13.85569136,20.63726121,1
2608,2606724,159042819,61.2,61.5,60.8,60.8,1941,60.8,62.7,0.0,6.976604287,11.56266233,20.73477843,1
2609,2558345,155246572,60.8,61.0,60.5,60.8,1514,60.5,62.5,15.0,9.651069525,10.92546473,13.47425514,1
2610,5249516,324618616,61.8,62.4,61.5,61.6,2951,60.5,62.4,57.89473684,25.73229196,15.86107381,-3.881362503,0
2611,5601677,348809500,62.2,62.6,62.0,62.2,3088,60.5,62.6,80.95238095,44.13898829,25.2870453,-12.41684068,0
2612,2868314,177309650,62.0,62.2,61.6,62.1,1790,60.5,62.6,76.19047619,54.82281759,35.13230273,-4.248726986,0
2613,3976855,248871678,62.1,63.0,62.1,62.7,2385,60.5,63.0,88.0,65.88187839,45.38216129,4.382727071,0
2614,3173593,199507459,62.9,63.1,62.7,63.0,1709,60.5,63.1,96.15384615,75.97253431,55.5789523,14.79178826,1
2615,2326516,146067208,63.2,63.2,62.5,62.7,1298,60.5,63.2,81.48148148,77.80885004,62.98891821,33.34905456,1
2616,2608958,162280070,62.7,62.8,62.0,62.1,1239,60.5,63.2,59.25925926,71.62565311,65.86782984,54.35218331,1
2617,2353272,146860636,62.3,62.8,62.0,62.8,1465,60.5,63.2,85.18518519,76.14549714,69.29371894,55.59016255,0
2618,2035237,127257931,62.9,62.9,62.3,62.5,1118,61.5,63.2,58.82352941,70.37150789,69.65298193,68.21592999,1
2619,5871443,363681996,62.4,62.5,61.7,61.7,2065,61.6,63.2,6.25,48.99767193,62.76787859,90.30829192,0
2620,2416216,149548521,61.8,62.2,61.7,62.0,1295,61.6,63.2,25.0,40.99844795,55.51140171,84.53730923,1
2621,2504485,153959266,62.0,62.0,61.1,61.1,1427,61.1,63.2,0.0,27.33229864,46.11836735,83.69050479,1
2622,2687627,163764090,61.3,61.7,60.8,60.9,1681,60.8,63.2,4.166666667,19.61042131,37.28238534,72.6263134,1
2623,6541758,393107565,60.8,60.8,59.8,60.0,3620,59.8,63.2,5.882352941,15.03439852,29.86638973,59.53037216,0
2624,1679323,101411103,60.3,60.7,60.0,60.7,795,59.8,62.9,29.03225806,19.7003517,26.47771039,40.03242777,1
2625,1438706,88095116,60.8,61.5,60.8,61.5,791,59.8,62.9,54.83870968,31.41313769,28.12285283,21.54228309,1
2626,2671043,163806220,61.8,61.8,61.0,61.2,1235,59.8,62.9,45.16129032,35.99585524,30.74718696,20.24985041,1
2627,1780248,109076293,61.7,61.7,61.0,61.0,1061,59.8,62.5,44.44444444,38.81205164,33.43547519,22.68232229,1
2628,2638299,161669805,61.5,61.7,60.9,61.5,1330,59.8,62.2,70.83333333,49.4858122,38.78558753,17.38513817,1
2629,2949068,182326516,61.5,62.0,61.4,62.0,1936,59.8,62.0,100.0,66.3238748,47.96501662,11.24730025,1
2630,1985958,122451290,62.0,62.1,61.5,61.5,1106,59.8,62.1,73.91304348,68.85359769,54.92787698,27.07643554,1
2631,2512509,153813499,61.4,61.5,61.1,61.2,1355,59.8,62.1,60.86956522,66.19225354,58.68266916,43.66350042,1
2632,1870124,114254487,61.2,61.2,61.0,61.1,1058,60.0,62.1,52.38095238,61.58848648,59.65127494,55.77685184,1
2633,2036791,123571015,60.9,61.0,60.5,60.9,1383,60.5,62.1,25.0,49.39232432,56.23162473,69.91022555,1
2634,3850010,232850498,60.9,61.1,60.3,60.3,1676,60.3,62.1,0.0,32.92821622,48.46382189,79.53503325,1
2635,3805522,228400520,60.3,60.4,59.8,60.0,2449,59.8,62.1,8.695652174,24.85069487,40.59277955,72.07694892,1
2636,1544546,92925313,60.1,60.5,60.0,60.0,1008,59.8,62.1,8.695652174,19.46568064,33.55041325,61.71987847,1
2637,1802083,108707693,60.3,60.6,60.0,60.0,1061,59.8,62.1,8.695652174,15.87567115,27.65883255,51.22515534,1
2638,1301954,78443611,60.1,60.5,60.0,60.3,909,59.8,62.1,21.73913043,17.83015758,24.38260756,37.48750752,1
2639,2103704,126540104,60.4,60.5,60.0,60.0,1607,59.8,61.5,11.76470588,15.80834035,21.52451849,32.95687477,1
2640,4375572,263089002,60.0,60.5,59.9,60.2,1913,59.8,61.2,28.57142857,20.06270309,21.03724669,22.98633389,1
2641,1479890,89293432,60.4,60.5,60.2,60.4,922,59.8,61.1,46.15384615,28.75975078,23.61141472,13.3147426,1
2642,1247551,75185340,60.3,60.5,60.1,60.3,972,59.8,61.1,38.46153846,31.99368,26.40550315,15.22914943,1
2643,1746072,105614681,60.3,60.6,60.2,60.6,694,59.8,60.6,100.0,54.66245334,35.82448654,-1.851447044,0
2644,1865668,112635941,60.5,60.6,60.2,60.2,1285,59.9,60.6,42.85714286,50.72734984,40.79210764,20.92162324,1
2645,1670361,100430437,60.0,60.4,60.0,60.0,1038,59.9,60.6,14.28571429,38.58013799,40.05478443,43.0040773,1
2646,3901787,233864923,59.8,60.2,59.8,60.0,1473,59.8,60.6,25.0,34.05342533,38.05433139,46.05614352,1
2647,1641159,98697708,60.0,60.5,60.0,60.5,1266,59.8,60.6,87.5,51.86895022,42.65920433,24.23971257,1
2648,2382107,143815715,60.5,60.6,60.1,60.6,1861,59.8,60.6,100.0,67.91263348,51.07701405,17.40577519,1
2649,2007606,121025782,60.6,60.6,60.2,60.2,1335,59.8,60.6,50.0,61.94175565,54.69859458,40.21227245,1
2650,1529599,92532548,60.5,60.9,60.3,60.4,975,59.8,60.9,54.54545455,59.47632195,56.29117037,49.92086722,1
2651,2356191,142885286,60.6,60.8,60.5,60.5,1180,59.8,60.9,63.63636364,60.86300251,57.81511442,51.71933823,1
2652,2510686,152478411,60.7,61.0,60.5,60.9,1363,59.8,61.0,91.66666667,71.13089056,62.25370647,44.49933827,1
2653,2508481,153121988,60.9,61.2,60.9,61.0,1297,59.8,61.2,85.71428571,75.99202228,66.83314507,48.51539065,1
2654,3114565,190065164,61.0,61.3,60.8,61.3,1819,59.8,61.3,100.0,83.99468152,72.55365722,49.67160862,1
2655,2748751,168005263,61.3,61.3,61.0,61.0,1350,60.0,61.3,76.92307692,81.63747999,75.58159814,63.46983445,1
2656,2495285,152634064,61.0,61.4,61.0,61.0,1379,60.1,61.4,69.23076923,77.50190974,76.22170201,73.66128655,1
2657,4848171,297282698,61.5,61.8,60.9,61.4,2809,60.2,61.8,75.0,76.66793982,76.37044795,75.77546419,0
2658,4806841,293452758,61.4,61.5,60.8,61.0,2593,60.3,61.8,46.66666667,66.66751544,73.13613711,86.07338045,0
2659,3314160,202626988,61.0,61.4,61.0,61.1,1799,60.5,61.8,46.15384615,59.82962568,68.7006333,86.44264854,1
2660,3500427,213658267,61.1,61.5,60.8,60.9,1930,60.5,61.8,30.76923077,50.14282737,62.51469799,87.25843922,1
2661,3703977,224958153,61.0,61.2,60.5,60.8,2485,60.5,61.8,23.07692308,41.12085928,55.38341842,83.90853671,1
2662,3833772,233957058,61.0,61.4,60.8,61.2,2165,60.5,61.8,53.84615385,45.36262413,52.04315366,65.40421271,1
2663,2496068,151917838,61.2,61.2,60.7,60.7,1538,60.5,61.8,15.38461538,35.36995455,46.48542062,68.71635276,1
2664,2921601,177849732,61.1,61.2,60.7,61.0,2085,60.5,61.8,38.46153846,36.40048252,43.12377459,56.57035872,1
2665,2966490,181048188,61.1,61.2,60.8,61.2,1703,60.5,61.8,53.84615385,42.2157063,42.82108516,44.03184288,1
2666,3225923,197238198,61.2,61.4,60.9,61.2,1956,60.5,61.5,70.0,51.47713753,45.70643595,34.16503278,1
2667,16528550,1022347873,61.3,62.0,61.0,62.0,3301,60.5,62.0,100.0,67.65142502,53.02143231,23.76144688,0
2668,3945282,241954716,61.9,61.9,61.0,61.2,2280,60.5,62.0,46.66666667,60.65650557,55.56645673,45.38635904,1
2669,4248242,258446269,61.2,61.2,60.7,60.7,2376,60.5,62.0,13.33333333,44.88211482,52.00500943,66.25079863,1
2670,3283734,199011666,60.7,60.8,60.5,60.5,2229,60.5,62.0,0.0,29.92140988,44.64380958,74.08860897,1
2671,2672944,162859464,60.9,61.1,60.7,60.8,1847,60.5,62.0,20.0,26.61427326,38.63396414,62.6733459,1
2672,3252319,198331299,61.2,61.3,60.8,61.3,1866,60.5,62.0,53.33333333,35.52062661,37.59618496,41.74730166,1
2673,3276768,199571000,61.1,61.1,60.8,60.8,1880,60.5,62.0,20.0,30.34708441,35.17981811,44.84528552,1
2674,4140920,252937017,61.0,61.3,60.8,61.0,2072,60.5,62.0,33.33333333,31.34250072,33.90071231,39.01713551,1
2675,3248511,198383799,61.0,61.3,61.0,61.0,2112,60.5,62.0,33.33333333,32.00611159,33.26917874,35.79531304,1
2676,3910044,238329965,61.1,61.3,60.7,60.9,2341,60.5,61.9,28.57142857,30.86121725,32.46652491,35.67714023,1
2677,3619556,220736098,60.9,61.3,60.7,60.7,2300,60.5,61.3,25.0,28.90747817,31.280176,36.02557165,1
2678,2943238,178769795,60.7,60.9,60.6,60.8,1956,60.5,61.3,37.5,31.77165211,31.44400137,30.78869988,1
2679,4298726,263028691,61.0,61.6,60.9,61.3,2781,60.6,61.6,70.0,44.51443474,35.80081249,18.37356799,1
2680,2150297,131906373,61.3,61.5,61.2,61.4,1341,60.6,61.6,80.0,56.34295649,42.64819383,15.25866849,1
2681,4452239,271352274,61.5,61.6,60.6,60.6,2245,60.6,61.6,0.0,37.561971,40.95278622,47.73441666,1
2682,2949157,180600361,61.0,61.5,60.9,61.5,1541,60.6,61.6,90.0,55.041314,45.64896214,26.86425843,1
2683,2391109,146551948,61.5,61.5,61.1,61.1,1176,60.6,61.6,50.0,53.360876,48.21960009,37.93704829,1
2684,1699516,103820062,61.0,61.3,60.8,61.2,721,60.6,61.6,60.0,55.57391733,50.67103917,40.86528286,1
2685,3499702,212978580,61.2,61.2,60.7,60.7,1921,60.6,61.6,10.0,40.38261155,47.2415633,60.95946679,1
2686,1803039,109588040,60.7,61.0,60.7,60.8,1197,60.6,61.6,20.0,33.5884077,42.69051143,60.8947189,1
2687,2109838,128926667,60.9,61.3,60.8,61.3,1181,60.6,61.6,70.0,45.72560514,43.70220934,39.65541773,1
2688,1879281,115101884,61.3,61.5,61.0,61.4,1034,60.6,61.6,80.0,57.15040342,48.1849407,30.25401525,1
2689,4010458,247355992,61.4,62.0,61.3,61.9,2356,60.6,62.0,92.85714286,69.0526499,55.14084377,27.31723149,1
2690,3096804,190496766,61.8,61.8,61.2,61.2,1408,60.7,62.0,38.46153846,58.85561275,56.3791001,51.42607478,1
2691,3521263,215326649,61.2,61.3,61.0,61.2,1698,60.7,62.0,38.46153846,52.05758799,54.93859606,60.7006122,1
2692,2383681,145955020,61.2,61.6,60.8,61.4,1439,60.7,62.0,53.84615385,52.65377661,54.17698958,57.22341551,1
2693,2800807,171324586,61.1,61.4,61.0,61.3,1745,60.7,62.0,46.15384615,50.48713312,52.94703743,57.86684603,1
2694,2492626,152720425,61.1,61.5,61.0,61.4,1395,60.7,62.0,53.84615385,51.6068067,52.50029385,54.28726815,1
2695,5244714,323452411,61.4,62.0,61.3,62.0,2851,60.8,62.0,100.0,67.73787113,57.57948628,37.26271657,0
2696,2272692,140453449,62.0,62.0,61.5,62.0,1394,60.8,62.0,100.0,78.49191409,64.55029555,36.66705847,1
2697,4441808,275735530,61.9,62.4,61.6,62.0,2370,60.8,62.4,75.0,77.32794273,68.80951127,51.77264837,1
2698,5267624,329226712,62.2,62.8,62.1,62.8,2666,60.8,62.8,100.0,84.88529515,74.1681059,52.7337274,0
2699,3338295,208500295,62.8,62.9,62.1,62.2,2103,60.8,62.9,66.66666667,78.81241899,75.71621026,69.52379281,1
2700,5190627,321279055,62.0,62.6,61.3,61.3,2789,60.8,62.9,23.80952381,60.4781206,70.63684704,90.95429993,0
2701,2488637,152635931,61.3,61.7,61.1,61.3,1492,61.0,62.9,15.78947368,45.58190496,62.28519968,95.69178912,1
2702,2750330,168093414,61.3,61.6,61.0,61.0,1918,61.0,62.9,0.0,30.38793664,51.65277867,94.18246272,1
2703,5593285,339946417,61.1,61.2,60.3,60.3,3317,60.3,62.9,0.0,20.25862443,41.18806059,83.04693291,0
2704,2494743,151264910,60.5,60.9,60.4,60.4,1878,60.3,62.9,3.846153846,14.7878009,32.38797402,67.58832027,1
2705,4652495,281868387,61.0,61.3,60.3,60.4,2343,60.3,62.9,3.846153846,11.14058522,25.30551109,53.63536283,1
2706,3038142,184903585,60.6,61.2,60.5,60.8,1643,60.3,62.9,19.23076923,13.83731322,21.48277847,36.77370895,1
2707,3462620,209971752,60.8,61.0,60.4,60.6,2098,60.3,62.9,11.53846154,13.07102933,18.67886209,29.8945276,1
2708,4963182,300087601,60.9,60.9,60.3,60.3,2260,60.3,62.6,0.0,8.714019551,15.35724791,28.64370462,0
2709,4518550,272258405,60.3,60.7,60.1,60.2,2644,60.1,61.7,6.25,7.892679701,12.86905851,22.82181611,0
2710,6619558,397455162,60.0,60.2,60.0,60.0,3616,60.0,61.6,0.0,5.261786467,10.33330116,20.47633054,0
2711,3200916,192371017,60.1,60.6,60.0,60.0,2325,60.0,61.3,0.0,3.507857645,8.058153321,17.15874467,1
2712,4022535,241488958,60.0,60.3,59.8,60.1,2563,59.8,61.3,20.0,9.00523843,8.373848357,7.111068212,0
2713,4456396,267175023,60.2,60.2,59.8,59.9,2144,59.8,61.3,6.666666667,8.225714509,8.324470408,8.521982206,1
2714,2780322,166881847,60.0,60.1,59.9,60.0,1340,59.8,61.2,14.28571429,10.24571443,8.964885083,6.403226381,1
2715,2653217,159358382,60.0,60.3,59.9,60.2,1377,59.8,61.0,33.33333333,17.9415874,11.95711919,-0.011817234,1
2716,6911686,415188088,60.2,60.3,59.9,60.3,3638,59.8,60.9,45.45454545,27.11257342,17.00893727,-3.19833504,0
2717,3659847,220221478,60.3,60.4,60.0,60.2,2042,59.8,60.7,44.44444444,32.88986376,22.30257943,1.128010771,1
2718,3188454,191462855,60.1,60.2,60.0,60.0,1809,59.8,60.6,25.0,30.25990917,24.95502268,14.34524969,1
2719,4342096,261043145,60.0,60.4,60.0,60.0,2503,59.8,60.6,25.0,28.50660612,26.13888382,21.40343924,1
2720,5134668,309053282,60.1,60.5,60.1,60.2,2715,59.8,60.5,57.14285714,38.05202312,30.10993026,14.22574452,1
2721,5211457,316225583,60.4,60.9,60.4,60.8,2781,59.8,60.9,90.90909091,55.67104572,38.63030208,4.548814796,0
2722,5648024,344918974,61.0,61.5,60.6,61.5,3469,59.9,61.5,100.0,70.44736381,49.23598932,6.813240344,0
2723,13572338,836194171,61.9,62.0,61.1,61.8,4675,59.9,62.0,90.47619048,77.12363937,58.53187267,21.34833928,0
2724,6020964,373959878,62.0,62.3,61.8,62.0,3360,59.9,62.3,87.5,80.58242624,65.8820572,36.4813191,0
2725,5484520,342161061,62.3,62.7,62.1,62.4,2915,60.0,62.7,88.88888889,83.35124713,71.70512051,48.41286727,0
2726,6421168,398914806,62.4,62.5,61.8,62.0,3390,60.0,62.7,74.07407407,80.25885611,74.55636571,63.1513849,0
2727,4192340,260898504,61.8,62.6,61.5,62.6,2348,60.0,62.7,96.2962963,85.6046695,78.23913364,63.50806191,1
2728,5580139,347533927,62.7,62.7,62.0,62.1,2124,60.1,62.7,76.92307692,82.71080531,79.72969086,73.76746197,0
2729,3890520,243698959,62.1,62.9,62.1,62.9,2398,60.4,62.9,100.0,88.47387021,82.64441731,70.98551152,1
2730,5187522,326846805,63.0,63.3,62.6,63.3,2856,60.6,63.3,100.0,92.31591347,85.86824936,72.97292115,0
2731,4265449,269640934,63.3,63.5,63.1,63.1,2358,61.1,63.5,83.33333333,89.32172009,87.01940627,82.41477864,1
2732,4404411,276950151,63.4,63.4,62.6,62.9,2524,61.5,63.5,70.0,82.88114673,85.63998643,91.15766582,0
2733,2844215,178276991,62.7,62.9,62.6,62.6,1482,61.5,63.5,55.0,73.58743115,81.622468,97.6925417,1
2734,4316871,271496870,62.8,63.1,62.7,63.0,2248,61.5,63.5,75.0,74.05828743,79.10107448,89.18664857,1
2735,4685029,294874535,63.0,63.3,62.7,63.0,2701,61.5,63.5,75.0,74.37219162,77.52478019,83.82995733,0
2736,4835848,305815381,62.9,63.5,62.9,63.3,2368,62.0,63.5,86.66666667,78.47034997,77.83997012,76.57921042,0
2737,10069626,637967051,63.0,63.7,62.9,63.7,2835,62.1,63.7,100.0,85.64689998,80.44228007,70.03304026,0
2738,4861757,305894952,63.1,63.1,62.6,62.9,2649,62.6,63.7,27.27272727,66.18884241,75.69113419,94.69571773,0
2739,5753144,360276342,62.9,63.1,62.1,62.7,2726,62.1,63.7,37.5,56.62589494,69.33605444,94.75637343,0
2740,3287871,207524003,62.7,63.5,62.4,63.1,1435,62.1,63.7,62.5,58.58392996,65.75201295,80.08817891,1
2741,2503523,157895836,63.1,63.3,62.9,63.2,1369,62.1,63.7,68.75,61.97261997,64.49221529,69.53140592,1
2742,3679617,232066778,63.2,63.4,62.9,63.1,1999,62.1,63.7,62.5,62.14841332,63.71094796,66.83601726,1
2743,3186959,201804500,63.3,63.5,63.2,63.4,1796,62.1,63.7,81.25,68.51560888,65.3125016,58.90628705,1
2744,4595605,292126605,63.5,63.9,63.3,63.8,2312,62.1,63.9,94.44444444,77.15855407,69.26118576,53.46644914,0
2745,4751474,304525202,64.0,64.3,63.9,64.1,2431,62.1,64.3,90.90909091,81.74206635,73.42147929,56.78030517,0
2746,3385738,217256807,64.1,64.7,63.8,64.1,1595,62.1,64.7,76.92307692,80.13573654,75.65956504,66.70722203,1
2747,5193766,335826574,64.5,65.2,64.2,65.2,3222,62.1,65.2,100.0,86.75715769,79.35876259,64.56197238,0
2748,4149877,270588722,65.2,65.6,64.8,65.5,2248,62.4,65.6,96.875,90.1297718,82.94909899,68.58775338,0
2749,5665093,368907431,65.4,65.8,64.7,64.8,3031,62.9,65.8,65.51724138,81.92559499,82.60793099,83.97260299,0
2750,4830314,314565953,64.8,65.3,64.8,65.2,1790,62.9,65.8,79.31034483,81.05384494,82.08990231,84.16201705,0
2751,2736850,178289687,65.1,65.4,64.9,65.3,1703,63.2,65.8,80.76923077,80.95897355,81.71292605,83.22083106,1
2752,2564736,167513580,65.3,65.4,65.1,65.4,1795,63.3,65.8,84.0,81.97264903,81.79950038,81.45320307,1
2753,2712356,177063346,65.4,65.5,65.1,65.3,1524,63.8,65.8,75.0,79.64843269,81.08247782,83.95056807,1
2754,2958700,193651103,65.3,65.7,65.2,65.6,1597,63.8,65.8,90.0,83.09895513,81.75463692,79.06600051,0
2755,2997692,196737587,65.6,65.8,65.5,65.8,1638,64.2,65.8,100.0,88.73263675,84.08063686,74.77663709,0
2756,2380377,156494080,65.8,66.0,65.6,65.9,1515,64.7,66.0,92.30769231,89.92432194,86.02853189,78.23695179,0
2757,3473107,230129211,65.9,66.6,65.9,66.6,2125,64.7,66.6,100.0,93.28288129,88.44664835,78.77418248,0
2758,2262816,150609171,66.5,66.7,66.4,66.7,1435,64.8,66.7,100.0,95.52192086,90.80507252,81.37137585,1
2759,3393764,225348666,66.6,66.8,66.1,66.6,2117,64.9,66.8,89.47368421,93.50584198,91.70532901,88.10430307,0
2760,2352019,156058455,66.5,66.6,66.2,66.6,1243,65.1,66.8,88.23529412,91.74899269,91.71988357,91.66166533,0
2761,2055621,136397526,66.6,66.7,66.2,66.4,1287,65.1,66.8,76.47058824,86.65619121,90.03198611,96.78357593,0
2762,3947293,260308698,66.4,66.5,65.7,65.8,2330,65.2,66.8,37.5,70.27079414,83.44492212,109.7931781,1
2763,3646340,237772950,65.7,66.0,65.0,65.1,2106,65.0,66.8,5.555555556,48.69904794,71.86296406,118.1907963,1
2764,3950734,256992075,64.9,65.2,64.8,65.1,1879,64.8,66.8,15.0,37.46603196,60.39732003,106.2598962,1
2765,4242603,273413699,64.8,65.1,64.1,64.4,2165,64.1,66.8,11.11111111,28.68105835,49.8252328,92.11358171,0
2766,5113447,328335963,64.4,65.0,63.8,63.9,2535,63.8,66.8,3.333333333,20.23181667,39.96076076,79.41864893,0
2767,1834758,117836010,64.5,64.5,63.9,64.3,1069,63.8,66.8,16.66666667,19.04343334,32.98831829,60.87808818,1
2768,2989374,193401067,64.1,65.0,64.1,65.0,1428,63.8,66.7,41.37931034,26.48872567,30.82178741,39.4879109,1
2769,2748906,180310629,65.2,66.0,65.2,65.6,1493,63.8,66.7,62.06896552,38.34880562,33.33079348,23.29476921,0
2770,3311295,214110729,65.9,66.0,65.5,66.0,1732,63.8,66.5,81.48148148,52.72636424,39.79598374,13.93522273,1
2771,6231734,411334688,65.9,66.4,65.6,65.9,2979,63.8,66.4,80.76923077,62.07398642,47.22198463,17.51798106,0
2772,11082738,711073175,65.5,66.3,61.5,64.0,5145,61.5,66.4,51.02040816,58.38946033,50.94447653,36.05450893,0
2773,5692762,360785996,63.8,63.9,62.9,63.3,2615,61.5,66.4,36.73469388,51.17120485,51.02005264,50.71774821,0
2774,4880267,311772981,63.2,65.0,62.9,64.9,2214,61.5,66.4,69.3877551,57.24338827,53.09449785,44.79671701,0
2775,6845676,436755759,63.8,64.5,63.1,64.2,2623,61.5,66.4,55.10204082,56.52960578,54.23953383,49.65938991,0
2776,4470385,286227005,63.4,64.6,63.4,64.2,2196,61.5,66.4,55.10204082,56.05375079,54.84427281,52.42531686,0
2777,3495111,223279326,63.9,64.5,63.3,64.0,2092,61.5,66.4,51.02040816,54.37596992,54.68817185,55.31257571,1
2778,3853812,246808866,63.5,64.5,63.5,64.2,1902,61.5,66.4,55.10204082,54.61799355,54.66477908,54.75835015,1
2779,2609934,168162232,64.5,64.9,64.1,64.6,1199,61.5,66.4,63.26530612,57.50043107,55.60999641,51.82912709,0
2780,1880086,120548430,64.5,64.6,64.0,64.2,1285,61.5,66.3,56.25,57.08362072,56.10120451,54.13637211,0
2781,2165821,139208308,64.1,64.5,64.1,64.5,1342,62.9,65.0,76.19047619,63.45257254,58.55166052,48.74983649,0
2782,2693235,173278439,64.5,64.5,64.1,64.3,1207,62.9,65.0,66.66666667,64.52393725,60.54241943,52.5793838,0
2783,14275689,912484187,63.9,64.3,63.3,64.3,3373,63.1,64.9,66.66666667,65.23818039,62.10767308,55.84665848,0
2784,4700702,301999394,64.2,64.5,63.9,64.5,2072,63.3,64.9,75.0,68.49212026,64.23582214,55.72322591,0
2785,4205600,270447911,64.6,64.6,64.0,64.4,1962,63.3,64.9,68.75,68.57808017,65.68324149,59.89356411,0
2786,1275434,82261111,64.4,64.7,64.3,64.6,765,63.3,64.9,81.25,72.80205345,68.05617881,58.56442952,0
2787,2527028,163649523,64.6,65.0,64.4,65.0,1520,63.3,65.0,100.0,81.86803563,72.66013108,54.24432198,0
2788,1725448,112292696,65.0,65.3,64.8,65.3,998,63.3,65.3,100.0,87.91202375,77.74409531,57.40823841,1
2789,1561544,101719478,64.7,65.5,64.7,65.5,966,63.3,65.5,100.0,91.94134917,82.47651326,63.54684144,0
2790,2294150,149834950,65.3,65.6,65.0,65.6,1381,63.3,65.6,100.0,94.62756611,86.52686421,70.32546041,1
2791,1784516,116863236,65.8,65.8,65.2,65.5,898,63.3,65.8,88.0,92.41837741,88.49070194,80.63535101,0
2792,1799988,117861684,65.4,65.7,65.2,65.6,992,63.9,65.8,89.47368421,91.43681301,89.47273897,85.54459088,0
2793,2191065,143435603,65.4,65.6,65.2,65.6,1060,64.0,65.8,88.88888889,90.58750497,89.84432763,88.35797296,0
2794,2153539,141365074,65.5,65.8,65.4,65.6,1340,64.3,65.8,86.66666667,89.28055887,89.65640471,90.4080964,0
2795,2040624,133682260,65.5,65.8,65.3,65.5,1040,64.4,65.8,78.57142857,85.71084877,88.3412194,93.60196065,0
2796,3066976,201131573,65.2,65.9,65.2,65.9,1955,64.7,65.9,100.0,90.47389918,89.05211266,86.20853962,0
2797,1161028,75866232,65.3,65.5,65.2,65.4,806,64.7,65.9,58.33333333,79.76037723,85.95486752,98.34384809,0
2798,4771039,309133711,65.3,65.3,64.7,64.7,1375,64.7,65.9,0.0,53.17358482,75.02777328,118.7361502,1
2799,1963862,126578953,64.7,64.8,64.1,64.6,1185,64.1,65.9,27.77777778,44.70831581,64.92128746,105.3472308,1
2800,1976929,128510403,65.1,65.4,64.7,65.0,1197,64.1,65.9,50.0,46.47221054,58.77159515,83.37036438,1
2801,2984999,195307006,65.1,65.7,65.1,65.2,1857,64.1,65.9,61.11111111,51.35184406,56.29834479,66.19134624,1
2802,1718226,112503591,65.2,65.7,65.2,65.4,823,64.1,65.9,72.22222222,58.30863678,56.96844212,54.28805279,1
2803,2312249,151187010,65.5,65.6,65.1,65.4,1016,64.1,65.9,72.22222222,62.9464986,58.96112761,50.99038564,0
2804,1156482,75495369,65.4,65.5,65.1,65.1,715,64.1,65.9,55.55555556,60.48285092,59.46836871,57.43940431,0
2805,2135539,138723545,65.1,65.3,64.8,65.0,1303,64.1,65.7,56.25,59.07190061,59.33621268,59.86483682,0
2806,2036558,131902027,65.0,65.0,64.6,64.6,1090,64.1,65.7,31.25,49.79793374,56.15678637,68.87449162,1
2807,1394353,90070598,64.5,64.8,64.4,64.6,826,64.1,65.7,31.25,43.61528916,51.9762873,68.69828357,1
2808,1396770,90404700,64.7,65.0,64.6,64.7,708,64.4,65.7,23.07692308,36.76916713,46.90724724,67.18340746,0
2809,2216677,144322131,64.7,65.3,64.6,65.3,1093,64.4,65.7,69.23076923,47.58970117,47.13473188,46.22479332,0
2810,1357037,88253009,65.2,65.2,64.9,65.0,839,64.4,65.7,46.15384615,47.11108283,47.12684886,47.15838094,1
2811,1935874,125879884,65.1,65.2,64.8,65.0,1109,64.4,65.6,50.0,48.07405522,47.44258432,46.17964251,1
2812,2024141,131688127,65.0,65.2,65.0,65.1,1342,64.4,65.5,63.63636364,53.26149136,49.38222,41.62367727,1
2813,2467418,160332800,64.9,65.4,64.6,65.4,1177,64.4,65.4,100.0,68.84099424,55.86847808,29.92344575,0
2814,1608861,105128742,65.4,65.6,65.0,65.1,841,64.4,65.6,58.33333333,65.3384406,59.02513225,46.39851555,1
2815,2669598,173933120,65.1,65.4,65.0,65.3,1270,64.4,65.6,75.0,68.5589604,62.20307497,49.4913041,0
2816,3335504,217038317,65.3,65.5,64.9,65.1,2128,64.6,65.6,50.0,62.37264027,62.25959674,62.03350967,1
2817,3072189,199929452,65.1,65.3,64.9,65.2,2018,64.6,65.6,60.0,61.58176018,62.03365122,62.93743329,1
2818,3898677,254477397,65.0,65.6,65.0,65.4,2165,64.6,65.6,80.0,67.72117345,63.92949196,56.34612898,0
2819,3023945,197228967,65.1,65.4,65.0,65.4,1279,64.6,65.6,80.0,71.81411564,66.55769985,56.04486829,1
2820,5461784,356931008,65.1,65.5,65.0,65.3,2419,64.6,65.6,70.0,71.20941042,68.10827004,61.90598928,0
2821,6919850,451716997,65.3,65.5,65.0,65.4,3184,64.6,65.6,80.0,74.13960695,70.11871568,62.07693314,0
2822,8581878,559667552,65.1,65.4,65.0,65.1,4064,64.9,65.6,28.57142857,58.95021416,66.39588184,81.2872172,0
2823,13922970,857495618,61.9,62.4,60.9,61.6,7162,60.9,65.6,14.89361702,44.26468178,59.01881515,88.5270819,0
2824,4671079,286029631,61.6,61.7,61.0,61.1,3169,60.9,65.6,4.255319149,30.92822757,49.65528596,87.10940273,0
2825,6744445,409757750,61.3,61.4,60.2,60.7,3450,60.2,65.6,9.259259259,23.70523813,41.00527002,75.60533378,0
2826,3496282,211727080,60.7,60.9,60.4,60.5,2045,60.2,65.6,5.555555556,17.65534394,33.22196132,64.35519609,1
2827,3849823,232831453,60.5,60.6,60.3,60.6,1898,60.2,65.5,7.547169811,14.28595256,26.9099584,52.15797008,1
2828,2758604,167367365,60.6,60.8,60.5,60.6,1391,60.2,65.5,7.547169811,12.03969165,21.95320282,41.78022516,1
2829,3324203,202308103,60.7,61.5,60.6,61.5,1933,60.2,65.5,24.52830189,16.20256173,20.03632245,27.70384391,1
2830,3293483,200740211,61.3,61.4,60.5,61.4,1870,60.2,65.4,23.07692308,18.49401551,19.52222014,21.5786294,1
2831,3169115,193395712,61.0,61.3,60.8,61.2,1776,60.2,62.4,45.45454545,27.48085882,22.1750997,11.56358145,1
2832,4625146,282241992,61.3,61.5,60.5,61.3,2569,60.2,61.7,73.33333333,42.76501699,29.03840547,1.585182408,0
2833,1989790,121288935,61.3,61.3,60.7,60.9,1534,60.2,61.5,53.84615385,46.45872928,34.84518007,11.61808165,1
2834,2415319,146854720,60.9,61.1,60.5,60.9,1569,60.3,61.5,50.0,47.63915285,39.10983766,22.05120729,1
2835,1727119,105207321,61.0,61.2,60.7,61.2,1119,60.3,61.5,75.0,56.75943523,44.99303685,21.46024009,1
2836,2862338,175347379,61.2,61.5,60.8,61.5,2087,60.5,61.5,100.0,71.17295682,53.71967684,18.81311689,1
2837,1760370,108066460,61.4,61.7,61.2,61.4,1231,60.5,61.7,75.0,72.44863788,59.96266386,34.99071581,1
2838,2219943,135970666,61.4,61.5,61.0,61.4,1244,60.5,61.7,75.0,73.29909192,64.40813988,46.62623579,1
2839,4114528,250851866,61.1,61.4,60.7,61.1,2192,60.5,61.7,50.0,65.53272795,64.78300257,63.28355181,1
2840,5398818,329081846,61.1,61.4,60.6,61.1,2788,60.5,61.7,50.0,60.35515197,63.30705237,69.21085317,0
2841,5084043,309242373,61.0,61.2,60.6,61.2,3205,60.5,61.7,58.33333333,59.68121242,62.09843905,66.93289231,0
2842,7250470,438627290,60.8,61.0,60.2,60.7,4091,60.2,61.7,33.33333333,50.89858606,58.36515472,73.29829204,0
2843,4974847,300031922,60.7,60.7,60.1,60.4,2634,60.1,61.7,18.75,40.18239071,52.30423338,76.54791874,0
2844,3837329,231238332,60.4,60.6,60.0,60.4,2252,60.0,61.7,23.52941176,34.63139773,46.41328816,69.97706904,1
2845,3517538,212936164,60.4,60.9,60.3,60.9,1569,60.0,61.7,52.94117647,40.73465731,44.52041121,52.09191902,1
2846,3259549,197789961,60.9,60.9,60.5,60.8,1764,60.0,61.5,53.33333333,44.93421598,44.65834614,44.10660644,1
2847,3301797,200895522,60.8,61.1,60.6,61.1,1638,60.0,61.4,78.57142857,56.14662018,48.48777082,33.17007209,1
2848,2445611,149447780,61.1,61.2,60.9,61.2,1428,60.0,61.4,85.71428571,66.00250869,54.32601677,30.97303294,1
2849,3424408,209246864,61.2,61.4,60.8,61.4,2118,60.0,61.4,100.0,77.33500579,61.99567978,31.31702776,1
2850,5864459,359850411,61.3,61.6,60.9,61.6,1569,60.0,61.6,100.0,84.89000386,69.62712114,39.1013557,0
2851,4395578,267799854,61.3,61.5,60.7,60.7,2287,60.0,61.6,43.75,71.17666924,70.14363717,68.07757304,1
2852,3545030,214632968,60.7,60.9,60.4,60.6,2683,60.0,61.6,37.5,59.95111283,66.74612906,80.33616152,1
2853,3924865,237581698,60.7,60.8,60.4,60.6,2034,60.3,61.6,23.07692308,47.65971624,60.38399145,85.83254187,1
2854,3303837,200237974,60.8,60.8,60.5,60.6,1657,60.4,61.6,16.66666667,37.32869972,52.69889421,83.43928319,1
2855,2284726,138313922,60.5,60.7,60.4,60.7,1288,60.4,61.6,25.0,33.21913315,46.20564052,72.17865527,1
2856,2765272,167525728,60.8,60.9,60.4,60.9,1991,60.4,61.6,41.66666667,36.03497765,42.81541956,56.37630339,1
2857,3263439,197158765,60.6,60.6,60.3,60.4,1936,60.3,61.6,7.692307692,26.587421,37.40608671,59.04341813,1
2858,2578319,156136999,60.5,60.8,60.3,60.6,1812,60.3,61.6,23.07692308,25.41725503,33.40980948,49.39491839,1
2859,2260559,137269295,60.8,60.9,60.5,60.9,1098,60.3,61.5,50.0,33.61150335,33.47704077,33.20811561,1
2860,1889766,114789268,60.9,60.9,60.6,60.8,1421,60.3,60.9,83.33333333,50.18544668,39.04650941,16.76863486,1
2861,2618081,159412762,60.9,61.2,60.7,61.0,1750,60.3,61.2,77.77777778,59.38289038,45.82530306,18.71012844,1
2862,2754559,167681863,61.1,61.2,60.7,60.9,1469,60.3,61.2,66.66666667,61.81081581,51.15380731,29.83979032,1
2863,7521555,457237448,60.9,61.3,60.6,60.6,2518,60.3,61.3,30.0,51.20721054,51.17160839,51.10040408,0
2864,4302268,260663222,60.5,61.0,60.4,60.8,2510,60.3,61.3,50.0,50.80480703,51.04934127,51.53840975,1
2865,3337146,203351200,60.9,61.1,60.5,61.1,1555,60.3,61.3,80.0,60.53653802,54.21174018,41.56214452,0
2866,2742828,167674371,61.2,61.3,60.9,61.3,1255,60.3,61.3,100.0,73.69102534,60.70483524,34.73245502,1
2867,2560985,156747672,61.3,61.3,61.0,61.3,1686,60.4,61.3,100.0,82.46068356,67.95678468,38.94898691,1
2868,3179922,194754471,61.1,61.5,60.8,61.5,1952,60.4,61.5,100.0,88.30712238,74.74023058,47.60644698,0
2869,3612866,221010975,61.4,61.5,60.8,61.5,2223,60.4,61.5,100.0,92.20474825,80.56173647,57.27571291,0
2870,2351356,144051002,61.0,61.5,60.9,61.5,1095,60.4,61.5,100.0,94.8031655,85.30887948,66.32030744,1
2871,3221818,196538640,61.0,61.3,60.8,61.3,1726,60.4,61.5,81.81818182,90.47483761,87.03086552,80.14292135,0
2872,2476635,151538035,61.4,61.4,61.0,61.2,1468,60.4,61.5,72.72727273,84.55898265,86.20690456,89.5027484,0
2873,1914726,117188891,61.3,61.4,61.0,61.3,1305,60.5,61.5,80.0,83.03932176,85.15104363,89.37448736,1
2874,4281231,262681079,61.2,61.6,61.0,61.5,2294,60.8,61.6,87.5,84.52621451,84.94276726,85.77587275,1
2875,3118762,192515807,61.6,62.0,61.5,61.7,2308,60.8,62.0,75.0,81.35080967,83.74544806,88.53472484,1
2876,1293485,79537951,61.7,61.7,61.3,61.7,1005,60.8,62.0,75.0,79.23387312,82.24158975,88.25702301,1
2877,3237564,198216603,61.1,61.6,60.7,61.6,1715,60.7,62.0,69.23076923,75.89950515,80.12756155,88.58367434,1
2878,2075138,127419289,61.8,61.8,61.1,61.5,1347,60.7,62.0,61.53846154,71.11249062,77.1225379,89.14263248,1
2879,1533788,94121829,61.5,61.8,61.2,61.3,976,60.7,62.0,46.15384615,62.79294246,72.34600609,91.45213335,1
2880,2166405,133221895,61.4,61.7,61.2,61.6,1425,60.7,62.0,69.23076923,64.93888472,69.87696563,79.75312746,0
2881,2416816,148580144,61.3,61.7,61.1,61.5,1711,60.7,62.0,61.53846154,63.80541032,67.85311386,75.94852094,1
2882,2264927,139078807,61.6,61.7,61.1,61.2,1311,60.7,62.0,38.46153846,55.35745304,63.68789359,80.34877469,1
2883,2495560,152748337,61.2,61.5,61.0,61.5,1564,60.7,62.0,61.53846154,57.4177892,61.59785879,69.95799797,1
2884,3713158,227244527,61.5,61.6,61.1,61.1,1159,60.7,61.8,36.36363636,50.39973826,57.86515195,72.79597933,1
2885,1301821,79821271,61.3,61.5,61.1,61.5,771,60.7,61.8,72.72727273,57.84224975,57.85751788,57.88805415,0
2886,1655888,101824262,61.1,61.6,61.1,61.6,784,61.0,61.8,75.0,63.56149983,59.7588452,52.15353593,1
2887,3117426,191909567,61.6,61.7,61.3,61.7,2149,61.0,61.8,87.5,71.54099989,63.68623009,47.97669051,0
2888,3078578,189288794,61.5,61.7,61.3,61.5,1774,61.0,61.7,71.42857143,71.50352373,66.29199464,55.86893645,1
2889,1678772,103203998,61.6,61.6,61.3,61.6,1119,61.0,61.7,85.71428571,76.24044439,69.60814456,56.34354489,1
2890,7158340,438776221,61.4,61.7,61.1,61.2,1815,61.0,61.7,28.57142857,60.35077245,66.52235386,78.86551666,0
2891,1986906,121802393,61.3,61.5,61.2,61.5,1228,61.0,61.7,71.42857143,64.04337211,65.69602661,69.0013356,0
2892,3243119,199381434,61.6,61.7,61.3,61.7,1543,61.1,61.7,100.0,76.02891474,69.14032265,55.36313848,1
2893,2358038,144778152,61.3,61.6,61.2,61.6,1119,61.1,61.7,83.33333333,78.46372094,72.24812208,59.81692437,1
2894,2560068,157911862,61.7,61.8,61.4,61.7,1571,61.1,61.8,85.71428571,80.88057586,75.12560668,63.6156683,1
2895,4460442,276082451,61.8,62.0,61.6,62.0,2169,61.1,62.0,100.0,87.25371724,79.1683102,62.99749611,1
2896,4917935,306885320,62.0,62.6,62.0,62.6,2139,61.1,62.6,100.0,91.50247816,83.27969952,66.83414223,0
2897,3591174,225385757,62.6,63.0,62.4,63.0,1789,61.1,63.0,100.0,94.33498544,86.96479483,72.2244136,1
2898,4287463,270498418,63.0,63.4,62.7,63.4,2182,61.1,63.4,100.0,96.22332363,90.05097109,77.70626603,1
2899,5653838,360386086,63.4,64.2,63.2,64.2,2934,61.2,64.2,100.0,97.48221575,92.52805265,82.61972644,0
2900,3767598,240916187,64.2,64.3,63.6,64.1,2303,61.2,64.3,93.5483871,96.17093953,93.74234828,88.88516576,0
2901,3714360,237362566,64.1,64.1,63.7,63.8,2373,61.2,64.3,83.87096774,92.07094894,93.18521516,95.41374761,0
2902,4325566,277101072,64.0,64.3,63.9,64.3,2309,61.4,64.3,100.0,94.71396596,93.69479876,91.65646437,0
2903,3800778,244724298,64.2,64.6,64.1,64.4,2542,61.6,64.6,93.33333333,94.25375508,93.88111753,93.13584244,0
2904,3572846,231226010,64.4,65.0,64.3,65.0,2158,62.0,65.0,100.0,96.16917006,94.64380171,91.59306501,0
2905,2120672,135899738,64.8,64.9,63.8,64.1,1713,62.4,65.0,65.38461538,85.90765183,91.73175175,103.3799516,0
2906,2881060,183123144,64.3,64.3,63.3,63.4,1529,62.7,65.0,30.43478261,67.41669542,83.62673297,116.0468081,1
2907,3376356,214399921,63.1,64.0,62.8,63.8,1885,62.8,65.0,45.45454545,60.09597877,75.78314824,107.1574872,1
2908,1566359,99679692,63.6,64.1,63.4,63.9,1371,62.8,65.0,50.0,56.73065251,69.43231633,94.83564397,1
2909,2025955,128507768,63.9,63.9,63.1,63.4,1455,62.8,65.0,27.27272727,46.9113441,61.92532559,91.95328856,0
2910,2566109,161298433,63.1,63.4,62.5,63.1,2922,62.5,65.0,24.0,39.2742294,54.37496019,84.57642177,1
2911,2220287,139020228,62.6,62.9,62.4,62.5,2206,62.4,65.0,3.846153846,27.46487088,45.40493042,81.2850495,1
2912,12652624,782849042,62.4,63.1,61.5,61.5,3505,61.5,65.0,0.0,18.30991392,36.37325825,72.49994692,0
2913,4113518,257115769,61.8,63.2,61.7,62.9,2450,61.5,64.9,41.17647059,25.93209948,32.892872,46.81441703,1
2914,3751703,236660988,62.9,63.4,62.3,63.4,2185,61.5,64.3,67.85714286,39.90711394,35.23095264,25.87863005,0
2915,1924780,121063004,63.0,63.3,62.5,62.9,1974,61.5,64.1,53.84615385,44.55346057,38.33845529,25.90844471,1
2916,2216562,138784565,62.5,62.9,62.3,62.6,2513,61.5,64.1,42.30769231,43.80487115,40.16059391,32.87203942,1
2917,3157674,199035573,62.6,63.6,62.4,63.6,2341,61.5,63.9,87.5,58.3699141,46.23036731,21.95127371,1
2918,2617797,165074152,63.6,63.6,62.8,62.9,2829,61.5,63.6,66.66666667,61.13549829,51.1987443,31.32523632,1
2919,2010802,126679274,63.2,63.2,62.8,63.2,1345,61.5,63.6,80.95238095,67.74112584,56.71287148,34.65636276,1
2920,1716054,107623993,63.0,63.2,62.6,62.6,3212,61.5,63.6,52.38095238,62.62106802,58.68227033,50.80467494,1
2921,3325767,208073101,62.6,62.9,62.4,62.5,3015,61.7,63.6,42.10526316,55.7824664,57.71566902,61.58207426,1
2922,2532225,158595193,62.4,63.0,62.3,62.9,1245,62.3,63.6,46.15384615,52.57292632,56.00142145,62.85841172,1
2923,3184296,200391262,63.0,63.2,62.6,62.9,1406,62.3,63.6,46.15384615,50.43323293,54.14535861,61.56960997,1
2924,3193054,201806404,63.1,63.4,62.9,63.3,1437,62.3,63.6,76.92307692,59.26318093,55.85129938,49.0275363,1
2925,3104411,196590169,63.0,63.5,62.9,63.5,1454,62.3,63.6,92.30769231,70.27801805,60.66020561,41.42458071,1
2926,2877713,181882847,62.8,63.6,62.8,63.5,1651,62.3,63.6,92.30769231,77.62124281,66.31388467,43.69916841,1
2927,3961480,252030463,63.4,63.9,63.2,63.8,1690,62.3,63.9,93.75,82.9974952,71.87508818,49.63027414,1
2928,2267273,144488253,63.8,63.9,63.5,63.8,827,62.3,63.9,93.75,86.58166347,76.77727995,57.1685129,1
2929,3186775,203429294,63.9,64.0,63.6,63.9,1685,62.3,64.0,94.11764706,89.093658,80.8827393,64.46090189,1
2930,2390572,152636209,64.0,64.0,63.6,63.9,1219,62.3,64.0,94.11764706,90.76832102,84.1779332,70.99715757,1
2931,2473983,157901512,63.9,64.0,63.5,64.0,1878,62.6,64.0,100.0,93.84554735,87.40047125,74.51031906,0
2932,3430652,220445175,64.0,64.5,63.9,64.3,1857,62.8,64.5,88.23529412,91.97546294,88.92546848,82.82547957,0
2933,3260612,210310096,64.3,64.7,64.0,64.6,1966,62.8,64.7,94.73684211,92.89592266,90.24895321,84.9550143,0
