data,volume,price,open,high,low,close,diff,times,result,Prediction_Result
107/03/07,30391219,7525601638,248.0,248.5,246.0,247.0,-3.00,10521,0,0.6427145708582834
107/03/08,20645694,5172732531,249.5,251.5,249.0,249.5,+2.50,8817,1,0.3712574850299401
107/03/09,22887063,5723277170,250.0,251.0,248.5,250.5,+1.00,7050,1,0.38323353293413176
107/03/12,25100615,6370529728,252.0,255.0,251.5,254.0,+3.50,10550,1,0.38922155688622756
107/03/13,34264883,8816553606,255.5,259.0,255.0,259.0,+5.00,11700,1,0.564870259481038
107/03/14,24254838,6220805864,256.5,257.5,255.5,257.0,-2.00,8518,0,0.34530938123752497
107/03/15,19396493,4965546715,258.0,258.0,255.0,255.0,-2.00,5945,0,0.2435129740518962
107/03/16,62989326,15930805360,253.0,256.0,249.5,255.0,0.00,18058,0,0.7465069860279441
107/03/19,22440766,5679567964,252.5,255.5,251.0,255.0,0.00,9888,0,0.40119760479041916
107/03/20,22335151,5640426203,253.0,254.0,251.5,253.0,-2.00,9334,0,0.37524950099800397
107/03/21,32977737,8325162114,255.0,255.0,251.0,252.5,-0.50,11575,0,0.5489021956087824
107/03/22,27000718,6797045014,254.5,254.5,249.5,251.5,-1.00,10475,0,0.42115768463073855
107/03/23,52974390,12994667867,245.0,247.0,244.0,245.0,-6.50,20513,0,0.6866267465069861
107/03/26,39487945,9582954454,241.5,244.5,241.5,243.5,-1.50,11404,0,0.42115768463073855
107/03/27,31100260,7732298021,248.0,251.0,247.0,251.0,+7.50,11698,1,0.716566866267465
107/03/28,29924411,7349468217,247.5,248.0,244.0,245.0,-6.00,13041,0,0.6427145708582834
107/03/29,36427345,8888435870,243.0,247.0,242.5,244.0,-1.00,12832,0,0.7005988023952096
107/03/30,16996346,4212690462,247.5,249.5,246.0,246.0,+2.00,7578,1,0.3912175648702595
107/03/31,3603912,893664176,247.5,249.0,246.5,247.5,+1.50,2409,1,0.44510978043912175
107/04/02,19029003,4702581241,248.5,249.0,245.0,246.5,-1.00,6951,0,0.36926147704590817
107/04/03,35813944,8710200224,243.0,244.5,242.0,244.0,-2.50,13270,0,0.7524950099800399
107/04/09,35465824,8716801768,248.0,248.0,243.5,245.0,+1.00,12437,1,0.7285429141716567
107/04/10,25268994,6231896018,244.5,249.0,243.5,245.5,+0.50,11912,1,0.42714570858283435
107/04/11,21777935,5391978180,246.5,248.5,246.5,248.0,+2.50,8813,1,0.34930139720558884
107/04/12,20476657,5028226522,248.5,248.5,244.0,245.0,-3.00,6898,0,0.3932135728542914
107/04/13,19946548,4885963546,246.0,246.0,244.0,244.5,-0.50,5549,0,0.2634730538922156
107/04/16,21608528,5251556179,243.0,244.0,242.0,243.5,-1.00,8436,0,0.5429141716566867
107/04/17,42756389,10232256860,243.0,243.5,237.5,238.0,-5.50,18381,0,0.592814371257485
107/04/18,44768048,10668587090,239.5,241.5,236.5,238.0,0.00,12132,0,0.4810379241516966
107/04/19,33230989,8081404960,242.0,244.5,241.0,244.5,+6.50,10987,1,0.5409181636726547
107/04/20,129890087,29837344632,228.0,231.5,228.0,229.0,-15.50,46349,0,0.45708582834331335
107/04/23,71901975,16282275410,226.5,227.5,225.0,226.5,-2.50,22048,0,0.3772455089820359
107/04/24,45206892,10233860296,225.0,227.5,225.0,227.0,+0.50,13970,1,0.47904191616766467
107/04/25,48975110,11032111105,225.5,226.0,224.0,225.0,-2.00,15136,0,0.3153692614770459
107/04/26,48176657,10766085521,225.0,225.5,221.0,222.0,-3.00,16253,0,0.5828343313373253
107/04/27,34443459,7679131764,225.0,225.5,221.0,223.5,+1.50,10859,1,0.2435129740518962
107/04/30,28500789,6448117416,224.5,228.0,222.5,227.0,+3.50,9480,1,0.4870259481037924
107/05/02,38436942,8633492540,227.0,227.5,222.5,223.0,-4.00,11445,0,0.4151696606786427
107/05/03,33507731,7399813831,221.0,222.5,220.0,220.5,-2.50,12287,0,0.6666666666666666
107/05/04,28477722,6330594053,221.0,224.0,220.5,223.0,+2.50,8445,1,0.5888223552894212
107/05/07,23751759,5309421525,225.0,225.5,221.5,223.5,+0.50,8951,1,0.718562874251497
107/05/08,40324763,9146327464,224.0,228.5,223.5,228.0,+4.50,13229,1,0.41317365269461076
107/05/09,35597934,8188991070,228.5,232.0,228.5,229.5,+1.50,12616,1,0.624750499001996
107/05/10,27530377,6337230710,231.0,231.5,229.0,229.5,0.00,11051,0,0.5508982035928144
107/05/11,30693910,7138428530,232.0,234.0,230.5,233.0,+3.50,11920,1,0.49101796407185627
107/05/14,23577637,5502726121,234.5,234.5,232.5,233.0,0.00,7666,0,0.8363273453093812
107/05/15,23771769,5493470187,233.5,234.0,229.5,230.5,-2.50,7810,0,0.908183632734531
107/05/16,14834107,3408682013,229.5,230.5,228.5,230.5,0.00,5398,0,0.17764471057884232
107/05/17,27702737,6322484836,231.0,231.5,226.5,226.5,-4.00,8428,0,0.4870259481037924
107/05/18,28187541,6327474145,225.5,227.5,223.5,223.5,-3.00,9720,0,0.46506986027944114
107/05/21,16417815,3751438835,225.0,230.0,225.0,229.0,+5.50,7591,1,0.4251497005988024
107/05/22,22422097,5175634112,230.0,233.5,229.0,229.0,0.00,6963,0,0.718562874251497
107/05/23,26737899,6146178621,231.5,231.5,228.5,228.5,-0.50,5059,0,0.3373253493013972
107/05/24,13450610,3082675140,229.5,230.0,228.5,229.0,+0.50,4240,1,0.17764471057884232
107/05/25,16486294,3769909946,228.5,229.5,228.0,228.5,-0.50,5474,0,0.21357285429141717
107/05/28,17673270,4020203060,229.5,230.0,226.5,227.0,-1.50,7239,0,0.5728542914171657
107/05/29,25770776,5782293276,226.5,226.5,223.5,225.0,-2.00,11400,0,0.4550898203592814
107/05/30,49667788,10997306304,224.0,224.0,220.5,221.0,-4.00,21406,0,0.36926147704590817
107/05/31,96587458,21553655265,221.5,224.0,220.5,224.0,+3.00,12737,1,0.3852295409181637
107/06/01,36652094,8209412370,224.5,226.5,224.0,224.0,0.00,7627,0,0.39520958083832336
107/06/04,31257480,7131988670,227.5,229.0,227.0,229.0,+5.00,9746,1,0.4091816367265469
107/06/05,27714384,6329201896,230.0,230.0,226.5,229.0,0.00,8509,0,0.48502994011976047
107/06/06,30375441,6961135060,229.0,230.0,227.0,230.0,+1.00,9758,1,0.41317365269461076
107/06/07,25277266,5809345446,231.0,231.5,228.0,230.0,0.00,9146,0,0.7025948103792415
107/06/08,24192851,5493234408,229.0,229.0,226.0,227.0,-3.00,7775,0,0.8423153692614771
107/06/11,22028933,4980629259,226.5,227.0,225.0,226.0,-1.00,6726,0,0.7065868263473054
107/06/12,30189360,6837374510,225.0,229.0,224.0,229.0,+3.00,8281,1,0.36127744510978044
107/06/13,36081120,8311856296,229.0,232.0,228.0,232.0,+3.00,10687,1,0.3393213572854291
107/06/14,36932041,8423126398,230.0,230.0,226.5,226.5,-5.50,12252,0,0.5828343313373253
107/06/15,49506679,11291127719,225.0,231.0,224.0,231.0,+4.50,10090,1,0.31137724550898205
107/06/19,61142624,13754800554,225.5,226.0,224.0,225.0,-6.00,19088,0,0.4151696606786427
107/06/20,40708701,9175159127,224.5,227.5,223.5,226.0,+1.00,13262,1,0.35528942115768464
107/06/21,32572707,7379769339,227.5,228.0,226.0,226.5,+0.50,9421,1,0.4151696606786427
107/06/22,44211409,9994644852,224.5,227.5,224.0,227.5,+1.00,14388,1,0.4171656686626746
107/06/25,49058211,10749795782,220.0,220.5,218.0,218.0,X0.00,17959,0,0.6606786427145709
107/06/26,43080346,9242648746,215.5,216.0,212.5,214.5,-3.50,15639,0,0.4810379241516966
107/06/27,40863414,8742004301,216.0,216.0,212.5,213.0,-1.50,12681,0,0.3313373253493014
107/06/28,38816780,8231075920,211.0,214.5,210.0,212.0,-1.00,10772,0,0.3273453093812375
107/06/29,36848680,7919779720,212.0,217.0,212.0,216.5,+4.50,8652,1,0.5429141716566867
107/07/02,33496442,7257081470,218.5,219.0,214.0,214.0,-2.50,8508,0,0.49101796407185627
107/07/03,28663220,6173115899,215.5,218.0,213.5,214.5,+0.50,7758,1,0.32934131736526945
107/07/04,15359295,3324927032,217.0,217.5,215.5,216.0,+1.50,5434,1,0.10978043912175649
107/07/05,18225416,3904832940,214.0,215.0,213.0,214.5,-1.50,5581,0,0.45109780439121755
107/07/06,31344962,6779063394,217.5,217.5,215.0,217.0,+2.50,8620,1,0.499001996007984
107/07/09,41165793,9100880393,219.5,223.0,218.5,221.5,+4.50,14795,1,0.3393213572854291
107/07/10,20196957,4498264914,223.0,224.0,222.0,222.0,+0.50,6922,1,0.5449101796407185
107/07/11,19854690,4355547100,220.0,220.0,218.0,220.0,-2.00,7437,0,0.590818363273453
107/07/12,23806051,5246628771,218.0,222.0,218.0,220.5,+0.50,7885,1,0.7964071856287425
107/07/13,30419311,6799894334,222.5,224.5,222.5,224.5,+4.00,11723,1,0.5808383233532934
107/07/16,16107254,3612296896,224.5,225.0,223.5,223.5,-1.00,6321,0,0.09381237524950099
107/07/17,22554436,5003028272,222.5,223.5,221.0,221.5,-2.00,8636,0,0.5848303393213573
107/07/18,45802658,10221407834,223.0,224.0,222.0,223.0,+1.50,12139,1,0.27944111776447106
107/07/19,43976216,9930715930,225.5,227.0,224.5,224.5,+1.50,12076,1,0.26147704590818366
107/07/20,103652023,24367904428,235.0,237.5,233.0,237.5,+13.00,39544,1,0.5389221556886228
107/07/23,52269877,12621500480,239.0,245.0,238.5,241.0,+3.50,19777,1,0.7405189620758483
107/07/24,27468267,6599675515,240.0,241.5,238.5,241.0,0.00,10574,0,0.6526946107784432
107/07/25,21530312,5173924310,239.0,241.0,239.0,240.5,-0.50,8491,0,0.7425149700598802
107/07/26,30856388,7435261120,241.0,242.5,239.5,241.0,+0.50,10235,1,0.7345309381237525
107/07/27,27129646,6605479210,242.0,244.5,241.0,244.5,+3.50,12493,1,0.5149700598802395
107/07/30,22803730,5585710909,244.5,245.5,244.0,245.5,+1.00,9953,1,0.4091816367265469
107/07/31,28202542,6912550610,243.5,246.0,242.0,246.0,+0.50,9460,1,0.4930139720558882
107/08/01,29777161,7375488342,247.0,248.0,246.5,248.0,+2.00,11667,1,0.6946107784431138
107/08/02,22775110,5611725541,249.0,249.5,243.5,244.5,-3.50,10343,0,0.43912175648702595
107/08/03,25165097,6205758662,246.0,248.0,245.0,247.0,+2.50,9585,1,0.3992015968063872
107/08/06,22364568,5487396854,245.0,247.0,244.0,245.5,-1.50,9732,0,0.35528942115768464
107/08/07,24352418,5922738042,245.0,245.5,241.5,241.5,-4.00,9665,0,0.3812375249500998
107/08/08,24382432,6011480272,245.0,247.5,244.5,247.5,+6.00,10247,1,0.3912175648702595
107/08/09,15128655,3740736404,247.0,248.0,246.0,247.0,-0.50,7127,0,0.4351297405189621
107/08/10,16125492,3961311040,246.5,247.0,244.5,245.0,-2.00,6558,0,0.37325349301397204
107/08/13,17881194,4302280285,241.5,243.0,239.0,240.5,-4.50,9875,0,0.7345309381237525
107/08/14,17488913,4262753253,245.0,245.0,242.5,243.5,+3.00,7415,1,0.4431137724550898
107/08/15,19236321,4642117523,244.5,244.5,239.5,241.5,-2.00,8920,0,0.46506986027944114
107/08/16,19155966,4587260340,238.0,241.5,238.0,239.0,-2.50,9397,0,0.5728542914171657
107/08/17,19634474,4707354383,239.5,241.0,239.0,239.5,+0.50,6680,1,0.716566866267465
107/08/20,17014437,4068729103,239.5,240.0,238.0,239.5,0.00,6640,0,0.562874251497006
107/08/21,13871127,3328215657,239.0,241.0,238.5,241.0,+1.50,5474,1,0.18163672654690619
107/08/22,12679240,3063201922,241.5,242.5,240.5,242.0,+1.00,5009,1,0.1936127744510978
107/08/23,17216240,4200671070,243.0,244.5,243.0,244.5,+2.50,5660,1,0.530938123752495
107/08/24,15446943,3772959070,245.5,246.0,243.0,243.5,-1.00,5099,0,0.25349301397205587
107/08/27,15579299,3825736755,246.0,246.5,244.5,245.0,+1.50,7858,1,0.41317365269461076
107/08/28,40410531,10075613779,248.5,250.0,248.0,249.5,+4.50,16881,1,0.5848303393213573
107/08/29,57633182,14784556456,253.5,259.0,253.5,259.0,+9.50,25668,1,0.5748502994011976
107/08/30,52622808,13914404873,264.5,268.0,262.5,263.5,+4.50,22862,1,0.49700598802395207
107/08/31,70000506,17920548387,257.5,259.0,254.0,256.0,-7.50,19019,0,0.716566866267465
107/09/03,34510555,8901193266,259.0,260.0,256.5,257.0,+1.00,11442,1,0.4491017964071856
107/09/04,41455615,10654493061,258.5,259.5,255.5,257.5,+0.50,9069,1,0.3872255489021956
107/09/05,52706459,13833360422,260.0,264.5,259.0,264.0,+6.50,16421,1,0.5389221556886228
107/09/06,39779488,10467251488,268.0,268.0,261.0,261.0,-3.00,11996,0,0.49500998003992014
107/09/07,44746728,11753033262,263.0,264.0,260.5,264.0,+3.00,15015,1,0.5169660678642715
107/09/10,62851599,16669866076,266.5,266.5,262.5,264.5,+0.50,15504,1,0.500998003992016
107/09/11,44981276,11709484991,263.0,263.5,258.0,260.0,-4.50,14768,0,0.5229540918163673
107/09/12,38415965,9987682900,261.0,262.0,258.0,260.5,+0.50,12104,1,0.5409181636726547
107/09/13,37959180,9721989110,260.0,260.0,253.5,255.0,-5.50,14987,0,0.46506986027944114
107/09/14,40034219,10379404959,257.0,261.5,257.0,261.0,+6.00,15690,1,0.624750499001996
107/09/17,25041358,6483537091,262.5,262.5,257.0,258.0,-3.00,10710,0,0.39520958083832336
107/09/18,34381152,8771502830,256.5,257.0,254.0,254.5,-3.50,11097,0,0.4251497005988024
107/09/19,69978711,18074954749,258.0,260.0,257.0,258.0,+3.50,14056,1,0.6666666666666666
107/09/20,35577071,9225009310,261.5,261.5,257.5,260.0,+2.00,9444,1,0.6167664670658682
107/09/21,36500974,9510363894,261.5,261.5,258.0,261.5,+1.50,10159,1,0.4311377245508982
107/09/25,24978062,6552894296,261.5,264.0,260.5,263.5,+2.00,10082,1,0.39520958083832336
107/09/26,25061115,6577367245,263.0,263.5,261.0,263.5,0.00,7007,0,0.3812375249500998
107/09/27,38495371,10185827315,264.0,266.0,262.0,265.0,+1.50,11536,1,0.44510978043912175
107/09/28,39645486,10412455506,266.0,266.0,260.0,262.5,-2.50,13060,0,0.4491017964071856
107/10/01,22409380,5882532290,262.0,264.0,261.0,263.0,+0.50,11914,1,0.40718562874251496
107/10/02,38391491,9926505357,262.0,263.0,257.0,257.5,-5.50,17095,0,0.5149700598802395
107/10/03,25228536,6527393860,257.5,260.0,257.0,260.0,+2.50,9992,1,0.3772455089820359
107/10/04,38009727,9690178362,257.0,257.5,254.0,254.0,-6.00,15094,0,0.4630738522954092
107/10/05,40396660,10101451270,250.0,253.0,248.5,250.0,-4.00,16031,0,0.48502994011976047
107/10/08,51083958,12426290240,245.5,246.5,241.0,243.5,-6.50,20745,0,0.7085828343313373
107/10/09,28933345,7051600725,243.5,245.0,242.0,244.0,+0.50,11743,1,0.6666666666666666
107/10/11,96033657,22115862239,233.5,233.5,227.0,227.5,-16.50,37543,0,0.5029940119760479
107/10/12,54439769,12650322522,231.0,237.0,229.0,237.0,+9.50,17980,1,0.7085828343313373
107/10/15,46471280,10766953220,234.0,234.0,230.5,230.5,-6.50,16558,0,0.6586826347305389
107/10/16,39129077,9155829047,229.5,237.0,229.0,237.0,+6.50,15182,1,0.5788423153692615
107/10/17,42887858,10318955161,241.5,243.0,238.0,238.5,+1.50,17550,1,0.624750499001996
107/10/18,27793430,6587887632,238.0,239.0,235.5,236.5,-2.00,10599,0,0.41317365269461076
107/10/19,29648460,6927405460,231.0,236.5,230.0,236.0,-0.50,12378,0,0.42115768463073855
107/10/22,29275777,6872467149,232.5,238.0,231.5,237.0,+1.00,10384,1,0.5548902195608783
107/10/23,36757745,8538586595,232.0,234.0,230.0,230.0,-7.00,13071,0,0.6307385229540918
107/10/24,45480950,10426514872,230.0,231.0,227.0,229.5,-0.50,17339,0,0.5848303393213573
107/10/25,75524118,16643542368,220.5,222.0,219.5,219.5,-10.00,27514,0,0.36726546906187624
107/10/26,54073644,11941421696,223.0,224.0,217.0,221.0,+1.50,17106,1,0.499001996007984
107/10/29,18463792,4107663616,223.0,224.0,221.0,222.5,+1.50,7679,1,0.4491017964071856
107/10/30,29085931,6487213284,221.0,225.0,220.5,223.0,+0.50,8574,1,0.5528942115768463
107/10/31,59933201,13844478353,228.0,234.0,228.0,234.0,+11.00,19183,1,0.6147704590818364
107/11/01,44514797,10480329245,236.0,237.0,233.0,235.5,+1.50,11435,1,0.3213572854291417
107/11/02,30785361,7249667833,236.5,236.5,233.5,236.5,+1.00,11223,1,0.47105788423153694
107/11/05,28157065,6592130635,233.0,235.5,232.0,235.0,-1.50,6994,0,0.3073852295409182
107/11/06,35501176,8311988968,234.0,235.5,232.5,234.5,-0.50,7013,0,0.5109780439121756
107/11/07,39842652,9337023278,233.0,236.0,232.5,234.0,-0.50,7387,0,0.4171656686626746
107/11/08,28086146,6645771069,237.5,237.5,236.0,236.5,+2.50,9461,1,0.3532934131736527
107/11/09,23792081,5526997792,234.5,234.5,231.0,231.0,-5.50,7886,0,0.9241516966067864
107/11/12,26202445,6101377163,230.0,234.5,230.0,231.5,+0.50,6252,1,0.4491017964071856
107/11/13,37565127,8504691960,224.5,228.0,224.5,227.5,-4.00,11507,0,0.4091816367265469
107/11/14,24565279,5639284241,230.0,231.0,228.5,228.5,+1.00,6007,1,0.6646706586826348
107/11/15,22230228,5124189444,229.5,232.0,228.5,231.0,+2.50,5996,1,0.5389221556886228
107/11/16,47138909,10696822542,229.0,229.0,225.0,226.0,-5.00,16009,0,0.47105788423153694
107/11/19,51034754,11355347628,225.0,225.0,221.0,222.0,-4.00,16289,0,0.437125748502994
107/11/20,45686756,9995960780,219.0,220.5,218.0,218.0,-4.00,16874,0,0.5708582834331337
107/11/21,38478343,8361178460,214.5,220.0,214.0,219.0,+1.00,13580,1,0.6307385229540918
107/11/22,22060610,4867686945,221.5,222.0,219.0,219.0,0.00,9095,0,0.5568862275449101
107/11/23,15553334,3406422046,220.5,220.5,217.0,218.5,-0.50,6164,0,0.15768463073852296
107/11/26,35267804,7847501792,219.0,224.0,218.5,223.0,+4.50,9422,1,0.5429141716566867
107/11/27,32676349,7239283641,220.0,224.5,219.0,224.0,+1.00,10170,1,0.5369261477045908
107/11/28,24759026,5560623349,222.5,227.0,222.0,226.5,+2.50,8316,1,0.9001996007984032
107/11/29,46206207,10629450003,231.5,231.5,229.0,229.0,+2.50,15849,1,0.5269461077844312
107/11/30,57352957,12995823319,229.5,231.0,225.5,225.5,-3.50,10931,0,0.34331337325349304
107/12/03,49612186,11579966474,231.0,235.0,231.0,235.0,+9.50,19747,1,0.624750499001996
107/12/04,41947162,9791147799,233.0,234.5,231.0,234.0,-1.00,12545,0,0.3013972055888224
107/12/05,45634576,10316394736,226.5,227.5,225.0,226.0,-8.00,15703,0,0.6167664670658682
107/12/06,40181112,8853295746,220.0,222.0,219.5,220.0,-6.00,15702,0,0.5089820359281437
107/12/07,31997568,7097739916,222.5,223.5,220.5,221.0,+1.00,8315,1,0.4431137724550898
107/12/10,26229461,5744814170,219.5,220.0,218.5,219.0,-2.00,8650,0,0.8063872255489022
107/12/11,27395220,6067551383,220.0,223.0,219.0,222.5,+3.50,8509,1,0.47904191616766467
107/12/12,32926379,7418108779,223.5,227.0,222.5,226.5,+4.00,9117,1,0.4431137724550898
107/12/13,32433141,7345479366,227.0,227.5,225.0,226.0,-0.50,8635,0,0.4171656686626746
107/12/14,43226159,9570070114,223.0,223.5,220.5,222.5,-3.50,10454,0,0.2315369261477046
107/12/17,18964952,4229977248,221.0,225.0,220.0,223.5,+1.00,6449,1,0.3652694610778443
107/12/18,30270541,6713448829,221.0,223.0,220.5,222.5,-1.00,10521,0,0.5349301397205589
107/12/19,23415082,5255393450,222.0,225.5,222.0,225.5,+3.00,7875,1,0.7624750499001997
107/12/20,38697116,8573665030,221.0,222.5,221.0,221.0,-4.50,10528,0,0.47704590818363274
107/12/21,46947532,10401202852,219.0,224.0,219.0,223.5,+2.50,9554,1,0.4750499001996008
107/12/22,5185247,1145814834,220.0,221.5,220.0,221.5,-2.00,2229,0,0.6686626746506986
107/12/24,23376100,5151549100,221.5,221.5,219.5,220.0,-1.50,6122,0,0.6127744510978044
107/12/25,19402777,4198767163,215.5,218.0,215.0,217.5,-2.50,8065,0,0.6906187624750499
107/12/26,16893259,3678108462,218.5,219.5,216.0,216.5,-1.00,6998,0,0.4251497005988024
107/12/27,21915484,4874845852,222.0,224.0,220.5,223.0,+6.50,9531,1,0.4311377245508982
107/12/28,30156773,6762447425,223.5,225.5,222.5,225.5,+2.50,10247,1,0.437125748502994
108/01/02,32900482,7276419230,226.5,226.5,219.0,219.5,-6.00,12329,0,0.6626746506986028
108/01/03,34615620,7459051790,214.0,218.0,214.0,215.5,-4.00,14549,0,0.5389221556886228
108/01/04,67043521,13987136785,211.5,211.5,206.5,208.0,-7.50,28786,0,0.21357285429141717
108/01/07,35695176,7591116569,212.0,214.0,211.0,213.0,+5.00,11224,1,0.36726546906187624
108/01/08,23794481,5019703557,212.0,212.5,210.0,211.0,-2.00,9377,0,0.36127744510978044
108/01/09,51255446,11006827093,212.0,216.5,211.0,215.5,+4.50,14098,1,0.4630738522954092
108/01/10,20832593,4491377349,216.0,216.5,214.5,216.0,+0.50,6018,1,0.6047904191616766
108/01/11,28658288,6296719320,219.0,220.5,218.0,220.5,+4.50,11198,1,0.780439121756487
108/01/14,17612296,3844735324,218.5,220.0,217.0,218.5,-2.00,6469,0,0.30538922155688625
108/01/15,42990923,9399209983,216.5,221.0,215.5,221.0,+2.50,11609,1,0.21956087824351297
108/01/16,30038282,6563789758,218.5,220.0,217.5,217.5,-3.50,8950,0,0.5528942115768463
108/01/17,21163986,4646131841,218.0,221.0,218.0,220.5,+3.00,8288,1,0.8203592814371258
108/01/18,52677569,11530053787,219.0,220.0,217.5,218.5,-2.00,15157,0,0.43313373253493015
108/01/21,32515866,7208829658,220.0,223.0,220.0,221.0,+2.50,10549,1,0.5768463073852296
108/01/22,30958483,6854867566,220.0,223.0,219.0,223.0,+2.00,8258,1,0.5269461077844312
108/01/23,18671213,4121110926,221.5,222.0,220.0,220.5,-2.50,7059,0,0.4411177644710579
108/01/24,31348924,6958753608,222.5,222.5,220.5,222.5,+2.00,6291,1,0.469061876247505
108/01/25,48039764,10870045150,226.5,227.0,225.0,226.0,+3.50,14979,1,0.40718562874251496
108/01/28,29134257,6665379096,229.5,229.5,228.0,229.0,+3.00,10189,1,0.5249500998003992
108/01/29,42566520,9486156460,222.5,225.0,222.0,222.5,-6.50,13344,0,0.20159680638722555
108/01/30,51889945,11453957730,220.5,221.5,220.0,221.0,-1.50,12858,0,0.4431137724550898
108/02/11,81360106,18546167132,228.0,229.0,226.5,228.0,+7.00,21689,1,0.4291417165668663
108/02/12,30125670,6921488930,230.0,230.0,229.0,230.0,+2.00,13313,1,0.4550898203592814
108/02/13,28634925,6575201825,232.0,232.0,228.5,229.0,-1.00,10230,0,0.5508982035928144
108/02/14,23647751,5392943977,229.5,230.0,226.0,227.0,-2.00,6873,0,0.8483033932135728
108/02/15,22369799,5093773373,229.0,229.0,226.5,227.0,0.00,5743,0,0.5568862275449101
108/02/18,18163916,4169729625,229.0,230.5,228.5,230.0,+3.00,7035,1,0.6127744510978044
108/02/19,18423023,4228108427,230.0,230.5,229.0,229.0,-1.00,6471,0,0.47704590818363274
108/02/20,31887710,7430197670,231.5,234.5,231.0,234.5,+5.50,14241,1,0.5409181636726547
108/02/21,34013489,8013908284,235.5,236.5,234.5,236.5,+2.00,11443,1,0.27345309381237526
108/02/22,22032163,5187054985,235.5,236.5,234.0,236.5,0.00,6913,0,0.780439121756487
108/02/25,25227138,5995746054,237.5,239.0,236.0,238.0,+1.50,8527,1,0.6926147704590818
108/02/26,24586789,5864298571,239.0,240.0,236.5,239.5,+1.50,7994,1,0.8063872255489022
108/02/27,37947889,9052540803,238.5,239.5,237.0,239.0,-0.50,9931,0,0.6347305389221557
108/03/04,45164513,10691130829,239.5,239.5,234.5,235.5,-3.50,13323,0,0.5848303393213573
108/03/05,23708407,5533050748,234.0,234.5,232.5,233.0,-2.50,8706,0,0.8642714570858283
108/03/06,20811226,4872352124,235.0,235.5,233.5,234.0,+1.00,7090,1,0.7844311377245509
108/03/07,17226192,4029782428,235.0,235.0,233.0,234.0,0.00,5768,0,0.3812375249500998
108/03/08,22535659,5183171608,231.0,231.5,229.0,230.0,-4.00,8931,0,0.7285429141716567
108/03/11,34282793,7835079913,228.0,230.5,227.5,230.5,+0.50,7451,1,0.4291417165668663
108/03/12,23839972,5601351324,233.0,237.0,232.5,235.5,+5.00,9253,1,0.6327345309381237
108/03/13,22493195,5308051755,234.0,237.0,234.0,237.0,+1.50,6269,1,0.6027944111776448
108/03/14,17281356,4077045380,239.0,239.0,234.0,234.5,-2.50,6564,0,0.4411177644710579
108/03/15,34542729,8231572752,237.0,239.5,235.5,239.0,+4.50,8872,1,0.48902195608782434
108/03/18,27040532,6493129050,239.5,241.0,239.0,241.0,+2.00,10690,1,0.6506986027944112
108/03/19,14620009,3496720720,239.0,240.5,238.0,240.5,-0.50,7105,0,0.5049900199600799
108/03/20,23055971,5563557011,242.0,242.0,239.5,242.0,+1.50,6757,1,0.7285429141716567
108/03/21,27514502,6710510004,242.5,245.5,241.0,245.5,+3.50,11071,1,0.6007984031936128
108/03/22,22996467,5680726299,248.0,248.5,244.5,248.5,+3.00,10485,1,0.40718562874251496
108/03/25,19273254,4662705968,240.5,243.5,240.5,241.5,-7.00,8468,0,0.6207584830339321
108/03/26,21053170,5109273236,243.0,244.0,241.0,244.0,+2.50,6630,1,0.5948103792415169
108/03/27,23622089,5703467700,242.0,242.5,240.5,241.5,-2.50,7603,0,0.6686626746506986
108/03/28,13998054,3379510718,240.5,242.5,240.0,242.0,+0.50,3948,1,0.2435129740518962
108/03/29,31024810,7568601014,243.0,245.5,240.5,245.5,+3.50,6712,1,0.562874251497006
108/04/01,35330656,8758161220,251.0,251.0,245.0,245.5,0.00,13292,0,0.7345309381237525
108/04/02,25189053,6226523038,249.5,249.5,246.0,246.0,+0.50,9171,1,0.36726546906187624
108/04/03,28581323,7075597562,249.0,249.0,246.5,246.5,+0.50,8067,1,0.42115768463073855
108/04/08,46426821,11682512762,251.0,253.0,250.5,253.0,+6.50,16430,1,0.6367265469061876
108/04/09,22745674,5760337782,253.0,254.0,252.0,254.0,+1.00,8323,1,0.39520958083832336
108/04/10,33174934,8403528302,253.0,254.5,252.0,254.0,0.00,9992,0,0.48902195608782434
108/04/11,25146840,6347861680,253.0,254.0,251.5,252.0,-2.00,8284,0,0.34930139720558884
108/04/12,13888148,3496444666,251.5,253.0,251.0,252.0,0.00,4931,0,0.18962075848303392
108/04/15,17257002,4403988510,255.0,256.0,254.0,255.5,+3.50,6739,1,0.4630738522954092
108/04/16,20231648,5185697928,257.0,257.0,255.5,257.0,+1.50,7676,1,0.2894211576846307
108/04/17,39037191,10202504410,260.0,263.0,259.5,261.5,+4.50,13486,1,0.5129740518962076
108/04/18,48525490,12836006732,264.0,266.0,263.5,264.5,+3.00,12208,1,0.4590818363273453
108/04/19,47698699,12712409558,269.0,269.5,263.5,264.5,0.00,14431,0,0.5029940119760479
108/04/22,24967393,6635995145,266.5,267.5,265.0,266.0,+1.50,8527,1,0.37325349301397204
108/04/23,26251847,7017363629,266.5,268.0,266.0,268.0,+2.00,9394,1,0.43912175648702595
108/04/24,37386755,10044241090,270.0,270.0,267.5,269.0,+1.00,9687,1,0.5109780439121756
108/04/25,36572455,9800038536,268.5,269.0,267.0,267.5,-1.50,7331,0,0.40119760479041916
108/04/26,51743804,13459329059,262.0,263.0,257.5,260.0,-7.50,16674,0,0.6007984031936128
108/04/29,32651618,8477117257,260.0,262.0,258.5,259.5,-0.50,10407,0,0.5828343313373253
108/04/30,40446419,10484399861,260.0,260.5,258.0,259.0,-0.50,10939,0,0.4151696606786427
108/05/02,27376394,7122135656,261.5,262.5,258.5,259.0,0.00,9110,0,0.43313373253493015
108/05/03,30200246,7940572444,262.0,265.0,260.5,265.0,+6.00,10068,1,0.6147704590818364
108/05/06,33688187,8717053470,260.0,260.0,258.0,259.0,-6.00,12535,0,0.6826347305389222
108/05/07,25686126,6719199455,259.5,263.0,259.0,262.5,+3.50,8339,1,0.3373253493013972
108/05/08,25902364,6750083504,260.0,261.5,259.5,260.0,-2.50,7905,0,0.2894211576846307
108/05/09,34166574,8798140796,259.5,259.5,256.0,256.5,-3.50,10995,0,0.41317365269461076
108/05/10,18868212,4844594484,257.0,259.0,255.0,256.0,-0.50,8009,0,0.3373253493013972
108/05/13,29317535,7374249589,253.0,254.0,249.5,250.5,-5.50,11974,0,0.6626746506986028
108/05/14,45620708,11345067455,247.5,251.0,245.0,248.5,-2.00,14283,0,0.6506986027944112
108/05/15,37223479,9327051888,251.0,252.0,249.0,249.0,+0.50,12041,1,0.5568862275449101
108/05/16,30331519,7520908612,248.5,249.5,246.0,247.0,-2.00,11402,0,0.6107784431137725
108/05/17,40006856,9775372898,249.0,249.0,241.5,241.5,-5.50,15217,0,0.49700598802395207
108/05/20,47097661,11303513908,242.5,243.0,238.0,238.0,-3.50,13099,0,0.4151696606786427
108/05/21,82872775,19418705158,233.5,236.0,232.5,234.0,-4.00,25418,0,0.5788423153692615
108/05/22,36289034,8669172710,236.5,240.5,235.5,238.0,+4.00,14019,1,0.6826347305389222
108/05/23,62258627,14379543985,233.5,233.5,230.0,230.0,-8.00,24974,0,0.4750499001996008
108/05/24,38226789,8866253632,230.0,234.0,230.0,233.0,+3.00,14586,1,0.5588822355289421
108/05/27,37447033,8697538216,234.0,235.0,231.0,231.0,-2.00,13895,0,0.5848303393213573
108/05/28,99322033,22910765567,232.0,232.0,230.5,230.5,-0.50,10122,0,0.2774451097804391
108/05/29,32260236,7385029780,228.0,230.5,227.0,229.5,-1.00,10233,0,0.4111776447105788
108/05/30,40375328,9292745636,230.0,231.5,229.0,231.0,+1.50,8772,1,0.45109780439121755
108/05/31,49163217,11559578381,232.0,237.5,231.0,235.5,+4.50,14365,1,0.500998003992016
108/06/03,36687092,8651389851,235.5,238.5,232.0,238.0,+2.50,8857,1,0.5249500998003992
108/06/04,24443428,5745045809,237.5,238.0,233.0,233.0,-5.00,11779,0,0.5049900199600799
108/06/05,35901584,8461930934,238.0,238.0,234.0,235.0,+2.00,12064,1,0.5948103792415169
108/06/06,34651731,8008768323,231.5,232.0,229.5,232.0,-3.00,14723,0,0.4491017964071856
108/06/10,35521888,8442986620,237.5,240.0,234.5,240.0,+8.00,15588,1,0.6906187624750499
108/06/11,34691670,8448805962,240.0,246.0,239.0,244.5,+4.50,13157,1,0.7504990019960079
108/06/12,30409556,7469805086,244.5,247.5,243.0,246.0,+1.50,11457,1,0.6447105788423154
108/06/13,33731724,8136137708,242.5,244.0,240.0,240.0,-6.00,13552,0,0.6986027944111777
108/06/14,35403556,8396819832,238.5,239.5,236.0,236.0,-4.00,14911,0,0.5069860279441117
108/06/17,51692012,12043369475,231.5,235.0,230.5,233.0,-3.00,20943,0,0.5389221556886228
108/06/18,28798087,6758454612,234.0,235.5,233.0,235.5,+2.50,9681,1,0.5409181636726547
108/06/19,50234372,12181979568,242.5,244.0,240.5,244.0,+8.50,20528,1,0.7085828343313373
108/06/20,39717291,9697726719,242.0,245.5,241.0,245.0,+1.00,13879,1,0.4251497005988024
108/06/21,62136304,15398139830,248.0,248.5,246.0,248.5,+3.50,19049,1,0.7425149700598802
108/06/24,43460507,10476936660,241.0,242.0,240.0,241.0,X0.00,17780,0,0.6626746506986028
108/06/25,29735283,7118002390,241.0,241.5,237.0,238.5,-2.50,11130,0,0.6047904191616766
108/06/26,28770041,6757991717,235.0,236.5,234.0,234.5,-4.00,13535,0,0.5209580838323353
108/06/27,42007834,10063332494,236.0,241.5,236.0,240.5,+6.00,14983,1,0.5109780439121756
108/06/28,28085212,6715488371,241.5,241.5,238.0,239.0,-1.50,8987,0,0.5049900199600799
108/07/01,66370875,16445222750,245.5,250.0,245.0,248.5,+9.50,29551,1,0.6347305389221557
108/07/02,26832202,6671951743,249.5,250.0,247.5,249.0,+0.50,12531,1,0.43313373253493015
108/07/03,29549774,7190777082,244.0,245.0,242.0,242.5,-6.50,16033,0,0.5808383233532934
108/07/04,18691240,4561556160,244.5,245.0,242.5,244.0,+1.50,8565,1,0.37325349301397204
108/07/05,27317074,6624379927,244.5,245.0,241.5,243.0,-1.00,9013,0,0.3093812375249501
108/07/08,29190909,7057462187,240.0,244.5,240.0,242.5,-0.50,10552,0,0.780439121756487
108/07/09,16538987,3998096596,241.5,243.0,240.5,242.0,-0.50,6486,0,0.34530938123752497
108/07/10,23812131,5839691357,243.0,247.0,243.0,247.0,+5.00,12366,1,0.3872255489021956
108/07/11,31296289,7809358257,250.0,250.0,247.5,250.0,+3.00,14360,1,0.6626746506986028
108/07/12,23868432,5984689000,252.0,252.0,249.5,250.5,+0.50,8363,1,0.3772455089820359
108/07/15,34264300,8663129910,251.0,254.5,249.5,254.5,+4.00,12174,1,0.6806387225548902
108/07/16,26141249,6678755679,254.0,256.5,253.5,256.0,+1.50,8994,1,0.3013972055888224
108/07/17,34346648,8686815824,254.0,254.0,251.0,252.0,-4.00,11106,0,0.4810379241516966
108/07/18,20908575,5300082470,252.0,254.5,251.5,254.0,+2.00,8245,1,0.36926147704590817
108/07/19,59879798,15573278932,259.5,261.0,259.0,259.0,+5.00,21827,1,0.5349301397205589
108/07/22,31863639,8385222407,263.0,264.0,262.0,264.0,+5.00,13424,1,0.7644710578842315
108/07/23,29273223,7734089131,265.5,266.5,262.5,264.0,0.00,12791,0,0.6347305389221557
108/07/24,24511039,6484708226,266.5,266.5,263.0,265.0,+1.00,10617,1,0.38323353293413176
108/07/25,30698545,8091922380,264.0,265.0,261.5,265.0,0.00,10643,0,0.6027944111776448
108/07/26,20768071,5434082968,261.0,262.5,261.0,261.0,-4.00,8850,0,0.38922155688622756
108/07/29,18473320,4822762518,260.0,262.0,259.5,261.0,0.00,6681,0,0.42714570858283435
108/07/30,22895612,5975389270,262.5,263.0,260.0,260.0,-1.00,7191,0,0.3413173652694611
108/07/31,36365601,9413416604,260.0,260.0,257.0,259.5,-0.50,10468,0,0.3812375249500998
108/08/01,30107526,7722031382,257.5,257.5,255.5,256.5,-3.00,11372,0,0.499001996007984
108/08/02,54165644,13627068452,252.0,253.5,250.5,251.5,-5.00,18096,0,0.8303393213572854
108/08/05,52835721,13092403583,251.0,252.0,245.5,246.5,-5.00,20136,0,0.7145708582834331
108/08/06,58916879,14440787992,240.0,250.0,240.0,248.5,+2.00,22358,1,0.6467065868263473
108/08/07,29435460,7305272500,250.0,250.5,246.5,248.0,-0.50,11208,0,0.6506986027944112
108/08/08,30140266,7599200564,248.0,254.0,248.0,253.5,+5.50,11228,1,0.592814371257485
108/08/12,24732603,6242935989,254.5,254.5,251.0,251.0,-2.50,8415,0,0.3872255489021956
108/08/13,25045107,6204239476,249.0,249.5,246.5,246.5,-4.50,11377,0,0.37325349301397204
108/08/14,36336703,9142333535,252.5,254.0,249.5,249.5,+3.00,13609,1,0.7524950099800399
108/08/15,28277412,6994442633,247.0,248.5,246.0,248.0,-1.50,10852,0,0.6167664670658682
108/08/16,25696715,6420744887,249.5,252.0,248.0,250.0,+2.00,8994,1,0.3273453093812375
108/08/19,25098514,6326683127,251.5,253.0,250.5,252.0,+2.00,9398,1,0.36926147704590817
108/08/20,20620494,5233263533,254.0,254.5,252.5,254.5,+2.50,8214,1,0.3532934131736527
108/08/21,20269296,5152545480,254.5,255.0,253.0,254.5,0.00,7383,0,0.3033932135728543
108/08/22,22136840,5659296700,257.0,257.5,254.0,254.0,-0.50,8794,0,0.34331337325349304
108/08/23,14772877,3748071178,253.5,254.5,253.0,254.0,0.00,5663,0,0.3193612774451098
108/08/26,31740620,7910873500,249.0,250.5,248.5,248.5,-5.50,13388,0,0.7644710578842315
108/08/27,53664951,13410582151,250.5,251.0,248.5,250.0,+1.50,8939,1,0.5189620758483033
108/08/28,15280882,3852096070,250.5,253.0,250.5,252.0,+2.00,6829,1,0.48502994011976047
108/08/29,20085767,5078703588,253.0,254.0,251.0,254.0,+2.00,6596,1,0.35129740518962077
108/08/30,35299201,9092482858,256.5,259.0,256.0,259.0,+5.00,13703,1,0.6966067864271457
108/09/02,14776854,3800453292,258.0,258.0,256.0,257.5,-1.50,7608,0,0.3652694610778443
108/09/03,26086495,6642868555,256.5,258.0,253.0,254.0,-3.50,11210,0,0.281437125748503
108/09/04,23697733,6081456520,254.0,258.0,254.0,257.5,+3.50,9291,1,0.3273453093812375
108/09/05,49041728,12869665251,263.0,263.0,260.5,263.0,+5.50,22796,1,0.499001996007984
108/09/06,26609515,7016868801,265.0,265.0,263.0,263.5,+0.50,11957,1,0.5049900199600799
108/09/09,17317833,4585545966,265.5,266.0,263.5,265.0,+1.50,8762,1,0.3932135728542914
108/09/10,30019866,7862297242,263.5,264.0,260.5,261.5,-3.50,11831,0,0.6506986027944112
108/09/11,36266015,9508884445,264.0,264.5,260.5,263.0,+1.50,12058,1,0.46107784431137727
108/09/12,38792293,10198483555,265.0,265.0,261.5,262.5,-0.50,8282,0,0.47704590818363274
108/09/16,38913966,10258240252,262.0,265.5,261.5,265.5,+3.00,11120,1,0.4530938123752495
108/09/17,30069844,7979032930,266.5,266.5,264.5,265.0,-0.50,9222,0,0.47704590818363274
108/09/18,51360759,13754334364,267.0,269.5,266.5,267.0,+2.00,17993,1,0.5848303393213573
108/09/19,27165567,7216457755,268.0,268.0,264.0,265.0,X0.00,10194,0,0.5508982035928144
108/09/20,44555865,11785924559,266.0,266.5,264.0,264.0,-1.00,9109,0,0.45109780439121755
108/09/23,14220208,3749146092,264.0,264.0,263.0,264.0,0.00,5647,0,0.3333333333333333
108/09/24,24304943,6419420695,263.5,265.5,262.0,265.0,+1.00,9180,1,0.3413173652694611
108/09/25,23244163,6144037875,262.5,266.0,262.0,266.0,+1.00,7145,1,0.36127744510978044
108/09/26,34128103,9139219995,269.0,269.5,266.5,268.0,+2.00,11861,1,0.6706586826347305
108/09/27,44242817,12021629536,271.5,272.5,271.0,272.0,+4.00,16626,1,0.4870259481037924
108/10/01,75248890,20886838992,273.0,280.5,273.0,280.0,+8.00,26648,1,0.5109780439121756
108/10/02,30572953,8553297334,280.0,281.0,279.0,279.5,-0.50,12294,0,0.6686626746506986
108/10/03,35874864,9891620358,274.0,277.5,274.0,276.5,-3.00,12853,0,0.49500998003992014
108/10/04,35814613,9924872301,279.5,280.0,275.0,276.5,0.00,13780,0,0.5888223552894212
108/10/07,17750230,4944376000,279.0,279.5,277.5,278.0,+1.50,7757,1,0.31137724550898205
108/10/08,39868551,11341522526,283.5,286.5,282.5,286.5,+8.50,16721,1,0.4171656686626746
108/10/09,34895456,9890256397,283.5,286.0,282.0,282.0,-4.50,14567,0,0.5249500998003992
108/10/14,53403517,15508059122,291.5,291.5,288.5,290.0,+8.00,17812,1,0.6047904191616766
108/10/15,54754830,16088110873,293.5,296.0,292.0,293.5,+3.50,15485,1,0.5768463073852296
108/10/16,42917144,12670374493,298.0,298.0,293.5,296.5,+3.00,16650,1,0.4431137724550898
108/10/17,41920938,12296120182,295.0,295.5,292.0,293.5,-3.00,15170,0,0.41317365269461076
108/10/18,45460984,13299843176,293.0,295.5,291.0,293.0,-0.50,18000,0,0.499001996007984
108/10/21,35860365,10389254035,291.0,291.0,288.5,290.0,-3.00,14682,0,0.5748502994011976
108/10/22,26525020,7767636380,292.5,294.0,291.5,294.0,+4.00,10186,1,0.46706586826347307
108/10/23,30382408,8877572772,293.5,293.5,290.5,293.0,-1.00,11753,0,0.6586826347305389
108/10/24,29040827,8488069650,294.5,294.5,291.0,293.0,0.00,10649,0,0.6307385229540918
108/10/25,25082711,7362074526,294.5,294.5,292.5,293.5,+0.50,11064,1,0.5229540918163673
108/10/28,20216561,5958714595,295.0,295.5,294.0,294.5,+1.00,9257,1,0.37325349301397204
108/10/29,37130131,11044649541,297.0,298.5,296.5,298.5,+4.00,14060,1,0.49500998003992014
108/10/30,32370342,9646551600,298.5,299.5,296.5,299.5,+1.00,11084,1,0.5029940119760479
108/10/31,43123514,12921309531,300.0,301.5,298.5,298.5,-1.00,12997,0,0.405189620758483
108/11/01,30216678,8998151212,299.5,299.5,296.5,299.0,+0.50,10241,1,0.5948103792415169
108/11/04,45155671,13767873778,302.5,308.0,301.0,307.0,+8.00,18475,1,0.5229540918163673
108/11/05,32253184,9965563625,307.5,310.5,307.0,310.5,+3.50,13698,1,0.5888223552894212
108/11/06,22149743,6864516290,309.0,311.5,308.0,311.0,+0.50,9660,1,0.44510978043912175
108/11/07,28453659,8769417841,310.0,310.0,306.5,309.0,-2.00,12277,0,0.6087824351297405
108/11/08,26230542,8040782450,308.5,309.0,305.5,305.5,-3.50,12740,0,0.5528942115768463
108/11/11,35285583,10660082266,305.0,305.0,300.0,301.0,-4.50,15246,0,0.5948103792415169
108/11/12,19016708,5774255431,302.5,305.0,302.0,305.0,+4.00,8957,1,0.39520958083832336
108/11/13,18422438,5583245970,303.0,304.0,301.5,304.0,-1.00,6039,0,0.3333333333333333
108/11/14,15734835,4776767840,304.5,305.0,302.0,303.5,-0.50,6219,0,0.2894211576846307
108/11/15,29038445,8891701115,305.5,307.5,304.5,307.0,+3.50,8672,1,0.5049900199600799
108/11/18,18741325,5796331075,308.5,311.0,307.0,311.0,+4.00,8420,1,0.37325349301397204
108/11/19,33096197,10365611120,312.5,315.0,311.0,315.0,+4.00,11121,1,0.49700598802395207
108/11/20,24538973,7681229345,314.0,314.0,312.0,313.5,-1.50,9143,0,0.4491017964071856
108/11/21,30163833,9329845096,309.5,311.0,307.0,311.0,-2.50,11638,0,0.5808383233532934
108/11/22,26492984,8188665024,310.0,310.5,308.0,309.0,-2.00,9407,0,0.45708582834331335
108/11/25,19855177,6133713443,310.5,310.5,307.0,307.0,-2.00,8067,0,0.3373253493013972
108/11/26,101916622,31332308518,310.0,310.5,307.0,307.0,0.00,10321,0,0.32335329341317365
108/11/27,18527648,5732316828,307.5,311.5,307.5,311.0,+4.00,7916,1,0.36327345309381237
108/11/28,19718982,6111322584,310.0,312.0,308.5,309.5,-1.50,9289,0,0.3712574850299401
108/11/29,32423561,9922872967,309.0,309.5,305.0,305.0,-4.50,15368,0,0.5608782435129741
108/12/02,25516807,7844458306,307.0,308.0,306.5,307.5,+2.50,8465,1,0.4491017964071856
108/12/03,27686319,8472595177,305.0,307.0,305.0,307.0,-0.50,9206,0,0.4251497005988024
108/12/04,34911686,10652239802,305.0,306.0,304.0,306.0,-1.00,9989,0,0.48902195608782434
108/12/05,39349842,12240671524,309.0,312.0,309.0,312.0,+6.00,13587,1,0.4870259481037924
108/12/06,18402703,5771010050,315.0,316.0,311.0,313.0,+1.00,8974,1,0.4031936127744511
108/12/09,23556081,7433484496,314.0,316.5,314.0,316.0,+3.00,10583,1,0.48303393213572854
108/12/10,20847594,6540475540,315.0,315.5,312.5,313.5,-2.50,8702,0,0.37924151696606784
108/12/11,34329148,10866410212,314.0,319.0,313.0,319.0,+5.50,11689,1,0.5029940119760479
108/12/12,52801851,17446169339,325.0,334.5,324.0,331.5,+12.50,22555,1,0.5029940119760479
108/12/13,60843939,20697194061,340.0,343.0,338.0,339.0,+7.50,23025,1,0.5129740518962076
108/12/16,48340188,16272523200,336.5,338.5,336.0,336.0,-3.00,16938,0,0.5608782435129741
108/12/17,41428458,14153896438,335.0,345.0,335.0,345.0,+9.00,16808,1,0.4491017964071856
108/12/18,42486841,14594689501,341.5,345.0,341.5,344.5,-0.50,15836,0,0.405189620758483
108/12/19,55667012,18774880620,340.0,342.0,335.0,335.0,X0.00,28105,0,0.5528942115768463
108/12/20,86280459,28483237354,332.0,333.0,328.5,329.0,-6.00,28112,0,0.469061876247505
108/12/23,26911340,8923609754,329.5,334.0,329.5,334.0,+5.00,12310,1,0.530938123752495
108/12/24,13783907,4591661991,334.0,334.5,332.0,332.0,-2.00,7887,0,0.36127744510978044
108/12/25,12262954,4075131136,332.0,334.5,331.0,333.0,+1.00,7597,1,0.3872255489021956
108/12/26,11427884,3803665702,333.0,334.0,331.5,333.0,0.00,6439,0,0.437125748502994
108/12/27,16677806,5624251712,335.0,338.0,335.0,338.0,+5.00,8660,1,0.4151696606786427
108/12/30,21591263,7270827164,338.0,339.0,334.0,334.5,-3.50,10468,0,0.4870259481037924
108/12/31,22950517,7614538961,331.0,333.5,331.0,331.0,-3.50,12253,0,0.5049900199600799
109/01/02,33282120,11224165450,332.5,339.0,332.5,339.0,+8.00,17160,1,0.45109780439121755
109/01/03,42023268,14295651580,344.0,345.0,335.5,339.5,+0.50,20545,1,0.4750499001996008
109/01/06,45677057,15210531318,333.0,334.5,332.0,332.0,-7.50,22944,0,0.47904191616766467
109/01/07,51746181,17053282011,332.5,333.0,326.5,329.5,-2.50,22362,0,0.5029940119760479
109/01/08,37913748,12484410088,325.0,333.0,325.0,329.5,0.00,18228,0,0.5189620758483033
109/01/09,32397504,10890847940,335.0,337.5,333.5,337.5,+8.00,16793,1,0.5528942115768463
109/01/10,27880115,9432320316,340.5,341.0,336.0,339.5,+2.00,13296,1,0.49500998003992014
109/01/13,30663332,10455852739,342.0,342.0,339.0,341.5,+2.00,13457,1,0.6387225548902196
109/01/14,30368993,10488360978,345.5,346.0,344.5,346.0,+4.50,16339,1,0.5988023952095808
109/01/15,54575274,18590754206,345.0,345.0,337.5,340.0,-6.00,20392,0,0.5988023952095808
109/01/16,58217420,19431133895,330.0,336.5,330.0,334.5,-5.50,24721,0,0.5329341317365269
109/01/17,53908097,17977119406,334.0,335.5,332.0,333.0,-1.50,23954,0,0.5189620758483033
109/01/20,35551203,11865436839,334.0,335.5,333.0,333.0,0.00,15095,0,0.5129740518962076
109/01/30,126820049,40734449874,326.0,326.0,316.5,316.5,-16.50,55603,0,0.49500998003992014
109/01/31,62912055,20205365710,323.0,323.5,319.0,320.0,+3.50,22639,1,0.499001996007984
109/02/03,59711849,18782694826,315.0,316.5,312.0,315.0,-5.00,26483,0,0.5049900199600799
109/02/04,52208496,16882411296,319.0,326.0,318.0,325.0,+10.00,22587,1,0.5069860279441117
109/02/05,36601453,11985817083,329.0,329.5,324.5,327.5,+2.50,16656,1,0.4630738522954092
109/02/06,29659094,9803038836,329.5,332.5,329.0,332.5,+5.00,14246,1,0.5608782435129741
109/02/07,30055327,9869903253,330.0,330.5,326.0,328.0,-4.50,13075,0,0.5149700598802395
109/02/10,30814424,10024967927,321.5,328.0,321.0,327.5,-0.50,14825,0,0.5329341317365269
109/02/11,29062935,9629938182,330.5,332.5,330.0,331.5,+4.00,12766,1,0.5229540918163673
109/02/12,37612639,12593082711,333.5,336.0,333.0,335.0,+3.50,17394,1,0.4590818363273453
109/02/13,23217021,7805299096,338.0,338.0,335.0,335.0,0.00,12563,0,0.49101796407185627
109/02/14,18326683,6155862838,337.0,337.0,334.5,335.0,0.00,7881,0,0.3253493013972056
109/02/17,16145079,5354339726,331.5,333.0,330.5,331.5,-3.50,9747,0,0.4171656686626746
109/02/18,64662604,20957801150,324.5,326.5,322.0,322.0,-9.50,36520,0,0.5528942115768463
109/02/19,48856218,15881609046,322.5,327.0,322.0,326.5,+4.50,16003,1,0.49101796407185627
109/02/20,27061736,8832642641,328.0,329.0,325.0,325.5,-1.00,11695,0,0.5329341317365269
109/02/21,22974534,7463007621,325.5,326.5,323.0,325.0,-0.50,9342,0,0.42714570858283435
109/02/24,42946680,13754512932,319.5,321.5,319.5,320.0,-5.00,18902,0,0.47105788423153694
109/02/25,38674011,12425785349,320.0,323.5,317.5,322.0,+2.00,17366,1,0.4491017964071856
109/02/26,60768362,19341695595,317.0,320.5,316.5,318.5,-3.50,24310,0,0.5129740518962076
109/02/27,62401927,19756146876,319.0,320.0,315.0,316.0,-2.50,20633,0,0.5349301397205589
109/03/02,86372942,26864484400,308.0,317.0,308.0,311.0,-5.00,35320,0,0.5029940119760479
109/03/03,55169411,17534766696,318.5,320.0,316.0,317.5,+6.50,20713,1,0.5848303393213573
109/03/04,44745146,14304795666,322.0,322.0,317.0,320.5,+3.00,16118,1,0.47305389221556887
109/03/05,38223525,12392618100,325.0,326.0,323.0,323.0,+2.50,15107,1,0.47904191616766467
109/03/06,52807760,16733485610,320.0,320.5,315.0,315.0,-8.00,24175,0,0.499001996007984
109/03/09,88633277,27236002054,307.5,310.0,305.5,305.5,-9.50,44882,0,0.47904191616766467
109/03/10,74869130,22727941511,301.5,309.0,301.0,307.0,+1.50,30268,1,0.5129740518962076
109/03/11,64923710,19913151529,309.0,310.5,302.0,302.0,-5.00,27176,0,0.5189620758483033
109/03/12,114173351,33544278206,299.0,299.0,287.0,294.0,-8.00,56989,0,0.46506986027944114
109/03/13,151268148,42448997546,275.0,294.0,272.5,290.0,-4.00,71990,0,0.4251497005988024
109/03/16,103933228,29343288916,285.0,291.0,275.5,276.5,-13.50,51292,0,0.4750499001996008
109/03/17,122409651,32936712540,265.0,276.5,265.0,268.0,-8.50,57123,0,0.469061876247505
109/03/18,118620643,31555231792,269.5,272.5,260.0,260.0,-8.00,53985,0,0.46706586826347307
109/03/19,160811697,39559889553,252.0,253.0,235.5,248.0,X0.00,77302,0,0.5229540918163673
109/03/20,159179726,42110816042,258.5,270.0,256.0,270.0,+22.00,69829,1,0.4291417165668663
109/03/23,76963709,19851467203,257.0,262.5,252.0,255.0,-15.00,41621,0,0.6307385229540918
109/03/24,82377933,22207033614,268.0,274.0,266.0,267.5,+12.50,41077,1,0.5089820359281437
109/03/25,80514199,22368633590,276.5,280.0,274.0,277.0,+9.50,40932,1,0.5029940119760479
109/03/26,54189633,15108299935,279.5,280.0,275.5,280.0,+3.00,27648,1,0.5069860279441117
109/03/27,69320306,19324060590,284.0,286.0,273.0,273.0,-7.00,36025,0,0.5768463073852296
109/03/30,53403956,14205364184,263.5,269.0,262.5,267.5,-5.50,27779,0,0.500998003992016
109/03/31,53901923,14712557472,273.0,274.0,269.5,274.0,+6.50,20343,1,0.562874251497006
109/04/01,47572034,13022612818,276.5,276.5,271.5,271.5,-2.50,19580,0,0.5169660678642715
109/04/06,59712754,16324198154,273.0,275.5,270.0,275.5,+4.00,19971,1,0.5489021956087824
109/04/07,48887346,13817936851,283.5,284.0,280.5,283.0,+7.50,24281,1,0.47704590818363274
109/04/08,38698826,11016972354,285.0,285.5,283.0,285.0,+2.00,19126,1,0.4590818363273453
109/04/09,29276430,8346209654,287.5,288.0,282.5,283.0,-2.00,15271,0,0.6187624750499002
109/04/10,28206858,7894277586,280.0,282.0,279.0,279.5,-3.50,15833,0,0.5329341317365269
109/04/13,22196596,6202532380,278.5,281.5,278.5,278.5,-1.00,12809,0,0.41916167664670656
109/04/14,50196688,14268689661,281.0,285.5,280.0,285.0,+6.50,22214,1,0.5149700598802395
109/04/15,58561434,16819851630,287.0,288.5,286.0,287.5,+2.50,25696,1,0.48902195608782434
109/04/16,48257280,13813721932,283.0,288.5,283.0,286.5,-1.00,19084,0,0.5808383233532934
109/04/17,117447201,35719172728,303.5,308.5,300.5,306.5,+20.00,60873,1,0.46706586826347307
109/04/20,44586860,13605802989,308.0,309.0,302.5,304.0,-2.50,21791,0,0.437125748502994
109/04/21,61949357,18417786171,300.5,301.5,293.5,295.0,-9.00,39043,0,0.5349301397205589
109/04/22,43568580,12746170556,294.5,295.0,290.5,294.0,-1.00,25176,0,0.41916167664670656
109/04/23,39977278,11864085990,300.0,300.0,294.0,295.5,+1.50,18541,1,0.46506986027944114
109/04/24,26465090,7799075756,295.5,297.0,294.0,294.0,-1.50,13661,0,0.5688622754491018
109/04/27,38493406,11461378300,298.0,298.5,296.0,298.0,+4.00,15916,1,0.4291417165668663
109/04/28,37621165,11134919970,298.5,298.5,294.5,296.5,-1.50,18214,0,0.4471057884231537
109/04/29,46253301,13861245296,299.0,301.5,298.0,299.0,+2.50,21633,1,0.43313373253493015
109/04/30,58439085,17753466901,302.0,305.0,301.5,304.5,+5.50,26219,1,0.5169660678642715
109/05/04,72252861,21341931218,294.5,296.5,294.0,295.0,-9.50,37736,0,0.5508982035928144
109/05/05,23988405,7104774785,296.5,298.0,295.0,295.5,+0.50,13569,1,0.5129740518962076
109/05/06,35704479,10524838077,294.5,296.0,292.5,296.0,+0.50,16046,1,0.5788423153692615
109/05/07,28017198,8321170642,294.5,299.0,294.5,297.5,+1.50,13149,1,0.6007984031936128
109/05/08,35613893,10619091212,300.0,300.0,296.0,297.5,0.00,14345,0,0.6087824351297405
109/05/11,32379019,9729431840,300.0,301.5,298.5,301.0,+3.50,14920,1,0.5249500998003992
109/05/12,52494788,15553012596,297.5,298.5,295.0,295.0,-6.00,29073,0,0.49700598802395207
109/05/13,46158418,13619538824,293.0,297.0,292.5,297.0,+2.00,14555,1,0.5548902195608783
109/05/14,34480948,10119787160,293.0,295.0,292.5,293.0,-4.00,21482,0,0.4810379241516966
109/05/15,44304804,13170466660,297.5,298.5,294.5,298.0,+5.00,20071,1,0.5069860279441117
109/05/18,96872065,28216346996,291.0,293.5,290.0,290.0,-8.00,49640,0,0.4810379241516966
109/05/19,53083214,15527338138,294.0,294.0,291.5,291.5,+1.50,22033,1,0.49700598802395207
109/05/20,36789994,10772280152,293.0,294.0,291.0,294.0,+2.50,16906,1,0.5768463073852296
109/05/21,36299468,10782482962,296.0,298.0,295.0,297.5,+3.50,17064,1,0.5608782435129741
109/05/22,41138923,12025339565,294.5,295.0,291.0,292.0,-5.50,22345,0,0.3972055888223553
109/05/25,32942223,9568008388,290.5,293.0,288.5,292.0,0.00,14585,0,0.49700598802395207
109/05/26,35817481,10609868646,295.0,297.5,293.5,295.5,+3.50,19524,1,0.6187624750499002
109/05/27,23375959,6932934823,297.0,298.0,295.5,296.5,+1.00,11244,1,0.3852295409181637
109/05/28,32395568,9575118830,298.5,298.5,293.0,294.0,-2.50,13208,0,0.562874251497006
109/05/29,96611181,28172174547,292.0,292.5,290.0,292.0,-2.00,21037,0,0.4291417165668663
109/06/01,37936214,11205227094,294.0,296.5,293.5,295.5,+3.50,15502,1,0.4530938123752495
109/06/02,26663587,7908476089,296.0,297.5,296.0,296.5,+1.00,9743,1,0.47904191616766467
109/06/03,67894337,20354971677,300.0,301.0,298.0,301.0,+4.50,33062,1,0.562874251497006
109/06/04,47225322,14414983532,305.0,306.0,304.0,306.0,+5.00,24482,1,0.4530938123752495
109/06/05,44077262,13655618646,308.5,312.0,308.0,311.5,+5.50,24096,1,0.44510978043912175
109/06/08,52042921,16500836851,316.0,319.0,315.0,318.0,+6.50,28581,1,0.5089820359281437
109/06/09,37068082,11746874522,316.5,319.0,314.0,319.0,+1.00,19981,1,0.4870259481037924
109/06/10,42207259,13566733306,319.0,324.0,318.0,322.5,+3.50,22670,1,0.4351297405189621
109/06/11,50612255,16340456218,325.5,327.0,318.5,320.5,-2.00,27061,0,0.500998003992016
109/06/12,46970918,14811252573,313.0,317.5,312.5,316.0,-4.50,25263,0,0.44510978043912175
109/06/15,51032404,15955585136,316.0,317.5,308.5,309.5,-6.50,29255,0,0.5089820359281437
109/06/16,40725216,12823172756,317.0,317.0,314.0,315.0,+5.50,19377,1,0.46706586826347307
109/06/17,34692968,10922017056,316.5,317.0,313.5,315.0,0.00,16218,0,0.47904191616766467
109/06/18,35443474,11123108346,314.5,315.0,313.0,314.5,X0.00,11897,0,0.4471057884231537
109/06/19,48130280,15102300186,314.0,314.5,312.0,314.5,0.00,12915,0,0.4550898203592814
109/06/22,37374616,11722688924,314.5,316.5,312.0,312.0,-2.50,18836,0,0.49500998003992014
109/06/23,41300084,12981121544,316.0,316.5,312.5,315.0,+3.00,15959,1,0.37924151696606784
109/06/24,55464024,17641164202,319.0,320.0,316.0,317.5,+2.50,27086,1,0.5329341317365269
109/06/29,56672892,17695228688,314.0,315.0,310.0,312.0,-5.50,30558,0,0.5429141716566867
109/06/30,49241860,15386428040,313.5,314.0,311.0,313.0,+1.00,16165,1,0.49700598802395207
109/07/01,29685342,9400765756,315.0,318.0,314.0,317.5,+4.50,15617,1,0.5389221556886228
109/07/02,37789178,12119073560,319.0,322.0,318.0,322.0,+4.50,18355,1,0.48303393213572854
109/07/03,55656987,18280314743,327.0,330.5,326.5,329.5,+7.50,30235,1,0.5449101796407185
109/07/06,57256220,19200718243,332.5,338.0,332.0,338.0,+8.50,31866,1,0.5548902195608783
109/07/07,59046323,20143258406,343.5,346.0,338.0,338.5,+0.50,32076,1,0.5429141716566867
109/07/08,33813218,11522915649,337.5,342.5,337.5,341.0,+2.50,16673,1,0.5049900199600799
109/07/09,37410376,12912747970,346.0,347.0,343.0,345.0,+4.00,20205,1,0.48902195608782434
109/07/10,60902108,21298923681,352.5,353.0,345.5,348.5,+3.50,32227,1,0.5189620758483033
109/07/13,49459523,17425372488,351.0,354.5,350.5,354.5,+6.00,23217,1,0.5189620758483033
109/07/14,63030150,22602878292,355.0,364.0,354.5,363.5,+9.00,30996,1,0.4930139720558882
109/07/15,75105362,27486789803,366.0,370.0,361.0,363.0,-0.50,37607,0,0.5109780439121756
109/07/16,68582512,24506038172,359.0,361.0,353.5,357.5,-5.50,35598,0,0.5329341317365269
109/07/17,66403485,24244495853,361.0,369.0,360.0,367.0,+9.50,36729,1,0.5249500998003992
109/07/20,44940238,16487970674,370.0,370.0,362.5,366.0,-1.00,23335,0,0.48902195608782434
109/07/21,64440128,24491627162,372.5,387.0,371.5,383.0,+17.00,40266,1,0.500998003992016
109/07/22,43959670,16844625030,381.0,386.0,379.0,384.0,+1.00,25530,1,0.46706586826347307
109/07/23,45397282,17302637512,382.0,383.0,379.0,381.5,-2.50,22916,0,0.48502994011976047
109/07/24,90988734,35368857726,390.0,395.0,382.0,386.0,+4.50,45099,1,0.4810379241516966
109/07/27,103315640,43637877952,420.5,424.5,416.5,424.5,+38.50,49294,1,0.47704590818363274
109/07/28,172157746,77804668620,464.0,466.5,428.5,435.0,+10.50,92239,1,0.4311377245508982
109/07/29,88641166,37649278004,428.0,431.5,419.5,422.0,-13.00,53111,0,0.47904191616766467
109/07/30,69936949,30329225735,436.5,441.0,428.5,434.0,+12.00,36627,1,0.530938123752495
109/07/31,50484674,21567922126,426.0,432.0,425.5,425.5,-8.50,27653,0,0.5469061876247505
109/08/03,77288571,32339719000,420.5,424.0,415.0,416.0,-9.50,43360,0,0.499001996007984
109/08/04,41697445,17600499460,421.5,425.5,418.5,425.5,+9.50,22250,1,0.4411177644710579
109/08/05,47460834,20356413204,430.5,433.5,426.0,429.0,+3.50,24715,1,0.499001996007984
109/08/06,43443627,18877761758,437.5,438.0,431.0,435.0,+6.00,22414,1,0.4471057884231537
109/08/07,37611388,16218241255,433.5,434.0,428.0,433.0,-2.00,19739,0,0.5369261477045908
109/08/10,36067500,15674843876,427.5,437.5,427.5,435.5,+2.50,21342,1,0.49500998003992014
109/08/11,34545313,14918017903,432.0,435.0,429.0,429.0,-6.50,20297,0,0.5449101796407185
109/08/12,53980474,22721731886,422.0,423.5,419.0,419.0,-10.00,32761,0,0.5289421157684631
109/08/13,45669335,19514322038,428.0,429.0,424.5,429.0,+10.00,21499,1,0.47305389221556887
109/08/14,24259947,10332447763,424.0,428.0,423.0,427.0,-2.00,12642,0,0.4750499001996008
109/08/17,34607731,14930831216,427.0,435.0,425.5,435.0,+8.00,20823,1,0.5349301397205589
109/08/18,45504160,19824413320,440.0,440.5,432.0,433.0,-2.00,21119,0,0.469061876247505
109/08/19,31486800,13574970200,436.0,436.5,427.5,427.5,-5.50,18279,0,0.5668662674650699
109/08/20,75155235,31353886930,427.0,427.5,401.0,415.0,-12.50,45670,0,0.5109780439121756
109/08/21,41956467,17770610338,421.5,427.0,420.0,424.5,+9.50,23059,1,0.47305389221556887
109/08/24,49199406,21139093710,427.5,434.5,425.0,428.0,+3.50,24672,1,0.5149700598802395
109/08/25,37024899,16076146369,433.5,436.0,430.5,434.5,+6.50,22035,1,0.47904191616766467
109/08/26,41406340,18169230108,435.5,442.0,435.0,442.0,+7.50,25305,1,0.4590818363273453
109/08/27,57206712,25658355402,448.0,453.5,444.0,444.0,+2.00,31575,1,0.5169660678642715
109/08/28,57039210,24868453700,440.0,440.5,431.0,435.0,-9.00,35253,0,0.5349301397205589
109/08/31,88569538,38106113563,437.0,439.5,426.5,426.5,-8.50,28294,0,0.47305389221556887
109/09/01,50129577,21681382412,430.0,435.0,428.0,435.0,+8.50,17137,1,0.562874251497006
109/09/02,42013407,18268716092,441.0,441.0,430.5,433.0,-2.00,20242,0,0.5069860279441117
109/09/03,40683617,17768951582,439.5,439.5,433.5,436.0,+3.00,17810,1,0.47904191616766467
109/09/04,51349911,22051596821,427.0,432.5,427.0,429.0,-7.00,27893,0,0.5429141716566867
109/09/07,39854584,17060627028,428.0,432.5,425.0,426.0,-3.00,20003,0,0.5089820359281437
109/09/08,23714670,10208232440,428.0,433.0,427.5,431.0,+5.00,12440,1,0.4291417165668663
109/09/09,40727362,17312991408,425.0,428.0,423.0,427.0,-4.00,21740,0,0.4311377245508982
109/09/10,35281921,15275112115,432.5,435.0,430.5,435.0,+8.00,18244,1,0.5528942115768463
109/09/11,34893469,15171902036,435.5,436.5,432.5,436.5,+1.50,14647,1,0.5129740518962076
109/09/14,39325833,17282659859,436.0,442.0,435.5,441.0,+4.50,19854,1,0.5249500998003992
109/09/15,39661449,17608049536,440.5,447.0,439.5,445.0,+4.00,21845,1,0.4630738522954092
109/09/16,70608238,32379722344,460.0,462.0,455.5,458.0,+13.00,38172,1,0.5209580838323353
109/09/17,44420506,20006793320,453.0,455.0,446.5,448.5,X0.00,26718,0,0.47704590818363274
109/09/18,52999922,23598268654,447.0,449.5,443.0,444.0,-4.50,20849,0,0.5169660678642715
109/09/21,40193920,17842486882,443.5,450.0,440.0,440.0,-4.00,25834,0,0.46706586826347307
109/09/22,36842639,16140184501,440.0,441.0,436.0,437.0,-3.00,22692,0,0.49101796407185627
109/09/23,47426963,20592831368,436.0,438.5,432.0,433.5,-3.50,27828,0,0.5169660678642715
109/09/24,82510381,35076048246,425.5,429.0,423.0,423.0,-10.50,54922,0,0.499001996007984
109/09/25,41263269,17522224043,427.0,428.0,421.0,424.0,+1.00,23290,1,0.4630738522954092
109/09/28,34427479,14758341446,427.0,431.5,424.5,431.5,+7.50,19286,1,0.564870259481038
109/09/29,42730502,18419905574,432.5,435.0,428.0,431.0,-0.50,18647,0,0.48303393213572854
109/09/30,28859204,12496613056,430.5,435.0,430.5,433.0,+2.00,14203,1,0.5688622754491018
109/10/05,33238832,14450407588,438.0,438.0,431.5,432.5,-0.50,18148,0,0.5688622754491018
109/10/06,36276395,15935558262,441.5,442.0,437.5,439.5,+7.00,20189,1,0.5469061876247505
109/10/07,44691239,19693987093,435.0,445.0,435.0,443.0,+3.50,24438,1,0.49500998003992014
109/10/08,60853811,27461867933,450.0,454.0,448.5,453.0,+10.00,37378,1,0.5109780439121756
109/10/12,67645223,31061721030,458.0,462.0,457.5,460.0,+7.00,36118,1,0.5409181636726547
109/10/13,46303738,21346346714,465.0,465.0,456.5,462.0,+2.00,25938,1,0.46706586826347307
109/10/14,52677241,24157138176,460.5,461.0,457.0,459.0,-3.00,22599,0,0.4810379241516966
109/10/15,49987278,22668836399,456.0,456.5,450.0,453.0,-6.00,23794,0,0.5109780439121756
109/10/16,48274801,21775749575,451.0,456.0,448.5,449.0,-4.00,26602,0,0.49101796407185627
109/10/19,34846906,15854021670,453.0,457.5,451.0,457.5,+8.50,17112,1,0.5169660678642715
109/10/20,26567638,12065806730,455.5,457.0,451.0,451.0,-6.50,12725,0,0.4431137724550898
109/10/21,29906921,13561798906,453.5,456.0,451.0,453.0,+2.00,15490,1,0.5209580838323353
109/10/22,25285547,11435937453,450.0,455.0,449.5,455.0,+2.00,10354,1,0.4291417165668663
109/10/23,18777385,8516604326,458.0,458.0,451.5,452.0,-3.00,9909,0,0.48303393213572854
109/10/26,15800622,7136001014,455.0,455.0,450.0,450.0,-2.00,17664,0,0.500998003992016
109/10/27,31795010,14213282507,447.5,448.5,445.5,447.0,-3.00,30644,0,0.5029940119760479
109/10/28,26221663,11660544725,445.0,447.0,443.0,444.0,-3.00,35598,0,0.4491017964071856
109/10/29,43075387,18832675652,436.5,439.5,435.5,437.0,-7.00,55027,0,0.47904191616766467
109/10/30,49770771,21614729093,437.0,437.0,432.0,432.0,-5.00,46871,0,0.5568862275449101
109/11/02,34539576,14901775161,433.0,435.5,428.0,435.5,+3.50,35704,1,0.5229540918163673
109/11/03,31461727,13852498196,439.5,443.0,438.0,441.0,+5.50,21031,1,0.5029940119760479
109/11/04,37929652,16969841989,444.5,451.5,443.0,450.0,+9.00,30087,1,0.4870259481037924
109/11/05,36539446,16404944484,451.5,451.5,445.5,451.0,+1.00,24764,1,0.4870259481037924
109/11/06,32644190,14788989058,455.0,455.5,450.0,452.5,+1.50,20999,1,0.5209580838323353
109/11/09,43415670,19865414906,458.0,460.0,454.0,458.5,+6.00,27868,1,0.47704590818363274
109/11/10,36786882,16610287996,452.0,454.5,448.5,451.0,-7.50,31009,0,0.48303393213572854
109/11/11,40355804,18326545251,448.5,457.0,448.5,457.0,+6.00,23150,1,0.47305389221556887
109/11/12,57993774,26690353577,463.0,463.5,457.5,458.0,+1.00,28011,1,0.5169660678642715
109/11/13,31483881,14478873331,459.0,462.0,456.5,462.0,+4.00,21663,1,0.5069860279441117
109/11/16,83380911,39658459663,470.0,484.5,469.0,484.0,+22.00,67363,1,0.49700598802395207
109/11/17,75763870,37446278783,502.0,506.0,485.5,485.5,+1.50,68560,1,0.5029940119760479
109/11/18,56607501,27883387314,490.0,497.0,486.5,497.0,+11.50,38186,1,0.5149700598802395
109/11/19,47345316,23320435165,499.0,499.0,490.0,490.0,-7.00,40198,0,0.4750499001996008
109/11/20,35242579,17191897556,486.0,490.0,486.0,488.0,-2.00,30557,0,0.5089820359281437
109/11/23,43708352,21661263304,494.5,498.5,492.0,496.5,+8.50,26794,1,0.4590818363273453
109/11/24,38630079,19113408398,499.5,500.0,491.5,492.0,-4.50,34407,0,0.530938123752495
109/11/25,47179640,23142083458,495.0,495.5,487.0,487.0,-5.00,40066,0,0.47305389221556887
109/11/26,31844322,15606951086,489.0,493.5,488.0,489.0,+2.00,19587,1,0.562874251497006
109/11/27,35196829,17205872680,487.5,492.0,486.5,489.0,0.00,21314,0,0.4930139720558882
109/11/30,149311778,72095050187,493.0,493.5,480.5,480.5,-8.50,49362,0,0.4251497005988024
109/12/01,38341265,18719729411,489.5,490.0,483.5,490.0,+9.50,24827,1,0.5129740518962076
109/12/02,60208035,29970556095,499.5,500.0,493.5,499.0,+9.00,35624,1,0.5149700598802395
109/12/03,36919644,18369786608,499.5,499.5,495.0,497.0,-2.00,25651,0,0.48303393213572854
109/12/04,54471042,27307472890,498.5,505.0,497.5,503.0,+6.00,35708,1,0.5349301397205589
109/12/07,45493551,23243392840,512.0,515.0,506.0,514.0,+11.00,34767,1,0.4870259481037924
109/12/08,41830257,21673267551,514.0,525.0,509.0,524.0,+10.00,35895,1,0.5029940119760479
109/12/09,46831705,24416275048,521.0,524.0,520.0,520.0,-4.00,31749,0,0.47704590818363274
109/12/10,43991133,22516917355,511.0,515.0,510.0,512.0,-8.00,49079,0,0.48902195608782434
109/12/11,51296611,26259941709,517.0,517.0,505.0,516.0,+4.00,50929,1,0.5129740518962076
109/12/14,30809747,15703026732,512.0,513.0,508.0,508.0,-8.00,33415,0,0.5169660678642715
109/12/15,43059899,21780400998,507.0,510.0,504.0,504.0,-4.00,43967,0,0.47305389221556887
109/12/16,53661282,27504184031,509.0,515.0,507.0,512.0,+8.00,30574,1,0.5049900199600799
109/12/17,39285785,20052530030,515.0,515.0,508.0,508.0,X0.00,34785,0,0.5189620758483033
109/12/18,40625502,20690792789,508.0,512.0,507.0,510.0,+2.00,20638,1,0.4810379241516966
109/12/21,35153138,18033402498,512.0,517.0,508.0,516.0,+6.00,21765,1,0.500998003992016
109/12/22,25632245,13125205685,512.0,516.0,509.0,509.0,-7.00,25973,0,0.4111776447105788
109/12/23,18320849,9321219765,508.0,511.0,506.0,509.0,0.00,16428,0,0.5149700598802395
109/12/24,15218008,7759366699,511.0,512.0,508.0,510.0,+1.00,12743,1,0.5349301397205589
109/12/25,12581145,6449612552,514.0,515.0,510.0,511.0,+1.00,14988,1,0.4530938123752495
109/12/28,19520886,10023145125,512.0,515.0,509.0,515.0,+4.00,16675,1,0.4870259481037924
109/12/29,20226736,10409159045,515.0,517.0,513.0,515.0,0.00,17187,0,0.4810379241516966
109/12/30,46705107,24306881615,516.0,525.0,514.0,525.0,+10.00,33173,1,0.48502994011976047
109/12/31,31173332,16437646054,526.0,530.0,524.0,530.0,+5.00,25138,1,0.5249500998003992
110/01/04,39489959,21127581248,530.0,540.0,528.0,536.0,+6.00,33316,1,0.5129740518962076
110/01/05,34839391,18761831567,536.0,542.0,535.0,542.0,+6.00,28512,1,0.5508982035928144
110/01/06,55614434,30572783229,555.0,555.0,541.0,549.0,+7.00,55462,1,0.5149700598802395
110/01/07,53392763,30018630685,554.0,570.0,553.0,565.0,+16.00,47905,1,0.5109780439121756
110/01/08,62957148,36339702855,580.0,580.0,571.0,580.0,+15.00,56426,1,0.49101796407185627
110/01/11,52771778,30535694908,577.0,584.0,574.0,584.0,+4.00,49539,1,0.5049900199600799
110/01/12,52605212,30958142918,583.0,597.0,582.0,591.0,+7.00,59595,1,0.5049900199600799
110/01/13,75707681,45419255149,595.0,605.0,593.0,605.0,+14.00,59966,1,0.5069860279441117
110/01/14,90309708,53477747672,587.0,597.0,587.0,592.0,-13.00,111849,0,0.47904191616766467
110/01/15,100998199,61876473170,621.0,625.0,601.0,601.0,+9.00,105961,1,0.47904191616766467
110/01/18,50388664,30406611574,608.0,608.0,594.0,607.0,+6.00,49008,1,0.5189620758483033
110/01/19,52947466,32934404720,618.0,632.0,613.0,627.0,+20.00,55490,1,0.5029940119760479
110/01/20,95484470,61279319857,633.0,650.0,631.0,647.0,+20.00,95577,1,0.4810379241516966
110/01/21,97590371,64624578866,640.0,679.0,640.0,673.0,+26.00,115004,1,0.4810379241516966
110/01/22,134238314,88023707664,649.0,665.0,649.0,649.0,-24.00,235186,0,0.4930139720558882
110/01/25,98608285,62583576696,642.0,646.0,626.0,633.0,-16.00,154134,0,0.4810379241516966
110/01/26,114797609,71638808826,632.0,640.0,610.0,617.0,-16.00,177764,0,0.46506986027944114
110/01/27,72823691,44931754892,618.0,625.0,611.0,615.0,-2.00,77274,0,0.5109780439121756
110/01/28,104181514,62647021616,600.0,608.0,598.0,601.0,-14.00,157835,0,0.4750499001996008
110/01/29,96875889,58399782288,619.0,619.0,591.0,591.0,-10.00,129394,0,0.4810379241516966
110/02/01,70161939,42004241697,595.0,612.0,587.0,611.0,+20.00,81346,1,0.5189620758483033
110/02/02,80724207,50938461582,629.0,638.0,622.0,632.0,+21.00,82687,1,0.49700598802395207
110/02/03,59763227,37926170035,638.0,642.0,630.0,630.0,-2.00,56515,0,0.500998003992016
110/02/04,47547873,29765963971,626.0,632.0,620.0,627.0,-3.00,44668,0,0.4870259481037924
110/02/05,57350831,36435290641,638.0,641.0,631.0,632.0,+5.00,51140,1,0.5189620758483033
110/02/17,115578402,76728732025,663.0,668.0,660.0,663.0,+31.00,91925,1,0.46506986027944114
110/02/18,54520341,36024245089,664.0,665.0,656.0,660.0,-3.00,49914,0,0.5189620758483033
110/02/19,51651844,33676514428,656.0,657.0,647.0,652.0,-8.00,63171,0,0.5089820359281437
110/02/22,39512078,25885948680,660.0,662.0,650.0,650.0,-2.00,47116,0,0.48502994011976047
110/02/23,52868029,33779796222,641.0,643.0,633.0,641.0,-9.00,73349,0,0.5029940119760479
110/02/24,80010637,50333904697,627.0,636.0,625.0,625.0,-16.00,138264,0,0.49500998003992014
110/02/25,45279276,28634410089,636.0,636.0,628.0,635.0,+10.00,46506,1,0.48303393213572854
110/02/26,137933162,84194194399,611.0,618.0,606.0,606.0,-29.00,212428,0,0.46107784431137727
110/03/02,57792973,35565213485,621.0,622.0,609.0,609.0,+3.00,71325,1,0.5149700598802395
110/03/03,61171387,37550028241,609.0,622.0,601.0,622.0,+13.00,57677,1,0.49500998003992014
110/03/04,75508388,45662897489,609.0,611.0,601.0,601.0,-21.00,143916,0,0.5069860279441117
110/03/05,85579527,50968119396,588.0,605.0,584.0,601.0,0.00,127693,0,0.48502994011976047
110/03/08,47676630,28737004484,608.0,610.0,598.0,598.0,-3.00,84570,0,0.48502994011976047
110/03/09,74471341,43957092621,585.0,595.0,585.0,595.0,-3.00,119867,0,0.5109780439121756
110/03/10,41735443,24904320192,601.0,601.0,593.0,597.0,+2.00,54196,1,0.45109780439121755
110/03/11,55462783,33584884382,596.0,612.0,595.0,609.0,+12.00,47948,1,0.5149700598802395
110/03/12,33876990,20780886905,615.0,618.0,609.0,614.0,+5.00,36145,1,0.5668662674650699
110/03/15,29767904,18194081208,614.0,614.0,609.0,611.0,-3.00,26753,0,0.5149700598802395
110/03/16,37780820,23074187740,610.0,613.0,607.0,613.0,+2.00,37573,1,0.4930139720558882
110/03/17,43942131,26638906800,612.0,612.0,602.0,604.0,X0.00,68585,0,0.47904191616766467
110/03/18,30223846,18286667342,606.0,609.0,602.0,602.0,-2.00,31677,0,0.5389221556886228
110/03/19,74960854,44407634402,594.0,598.0,591.0,591.0,-11.00,106938,0,0.5109780439121756
110/03/22,35931375,21250445678,588.0,598.0,586.0,593.0,+2.00,55005,1,0.5369261477045908
110/03/23,31933358,19057386513,597.0,603.0,593.0,594.0,+1.00,36423,1,0.5708582834331337
110/03/24,115318351,66559451738,571.0,582.0,571.0,576.0,-18.00,242138,0,0.46506986027944114
110/03/25,74225812,42594849855,572.0,581.0,570.0,575.0,-1.00,115951,0,0.5109780439121756
110/03/26,37937242,22271364837,582.0,592.0,580.0,590.0,+15.00,49718,1,0.5069860279441117
110/03/29,40573913,24302039570,599.0,602.0,596.0,599.0,+9.00,44500,1,0.46107784431137727
110/03/30,34686346,20661203325,600.0,600.0,592.0,597.0,-2.00,46755,0,0.5528942115768463
110/03/31,44454672,26217366895,596.0,597.0,587.0,587.0,-10.00,70527,0,0.47704590818363274
110/04/01,45972766,27520742963,598.0,602.0,594.0,602.0,+15.00,48170,1,0.4810379241516966
110/04/06,37664216,23045132094,615.0,616.0,608.0,610.0,+8.00,42422,1,0.48902195608782434
110/04/07,28140964,17175949080,614.0,614.0,608.0,610.0,0.00,28395,0,0.48303393213572854
110/04/08,26658283,16217570357,606.0,613.0,603.0,613.0,+3.00,32098,1,0.4491017964071856
110/04/09,31601619,19344167081,618.0,618.0,609.0,610.0,-3.00,28920,0,0.5548902195608783
110/04/12,23319822,14155495430,612.0,613.0,603.0,605.0,-5.00,33422,0,0.4311377245508982
110/04/13,27386926,16638680378,604.0,613.0,604.0,605.0,0.00,30438,0,0.4590818363273453
110/04/14,31144922,18868308243,608.0,612.0,600.0,612.0,+7.00,41234,1,0.5688622754491018
110/04/15,36394255,22332532476,612.0,619.0,607.0,619.0,+7.00,40541,1,0.5109780439121756
110/04/16,49952191,30335377876,610.0,611.0,603.0,610.0,-9.00,67601,0,0.5249500998003992
110/04/19,25234976,15224292755,605.0,607.0,601.0,603.0,-7.00,43094,0,0.4491017964071856
110/04/20,36655069,21969721089,598.0,602.0,595.0,602.0,-1.00,54247,0,0.5169660678642715
110/04/21,41893725,24933016553,599.0,599.0,592.0,592.0,-10.00,92840,0,0.46107784431137727
110/04/22,38094824,22626436436,596.0,598.0,591.0,591.0,-1.00,64897,0,0.5109780439121756
110/04/23,29004756,17336162729,592.0,602.0,590.0,602.0,+11.00,29147,1,0.5189620758483033
110/04/26,32426908,19673836650,605.0,610.0,603.0,610.0,+8.00,35286,1,0.5808383233532934
110/04/27,26761401,16274064043,608.0,611.0,605.0,610.0,0.00,25203,0,0.4491017964071856
110/04/28,24601487,14833592900,606.0,608.0,601.0,602.0,-8.00,32198,0,0.4311377245508982
110/04/29,35756460,21579514979,609.0,609.0,600.0,600.0,-2.00,30756,0,0.5389221556886228
110/05/03,46801189,27676378065,595.0,597.0,588.0,588.0,-12.00,104468,0,0.47704590818363274
110/05/04,45507479,26756714081,588.0,594.0,582.0,591.0,+3.00,69833,1,0.47904191616766467
110/05/05,31786592,18603594408,594.0,594.0,585.0,585.0,-6.00,52496,0,0.5508982035928144
110/05/06,33165446,19405281385,590.0,590.0,580.0,587.0,+2.00,69578,1,0.5588822355289421
110/05/07,28719597,17131817777,594.0,600.0,589.0,599.0,+12.00,30063,1,0.5129740518962076
110/05/10,21365583,12626811276,596.0,597.0,588.0,589.0,-10.00,43154,0,0.4411177644710579
110/05/11,66035839,37939364597,579.0,580.0,570.0,571.0,-18.00,184838,0,0.5109780439121756
110/05/12,138328672,76325765887,567.0,571.0,518.0,560.0,-11.00,223058,0,0.46107784431137727
110/05/13,71519430,39495488180,547.0,563.0,541.0,547.0,-13.00,105026,0,0.5149700598802395
110/05/14,38625148,21474513930,556.0,562.0,552.0,557.0,+10.00,52919,1,0.5189620758483033
110/05/17,58446847,32066868553,544.0,558.0,541.0,549.0,-8.00,76808,0,0.5149700598802395
110/05/18,44584258,25226153189,563.0,573.0,555.0,572.0,+23.00,52152,1,0.47704590818363274
110/05/19,29610174,16832735286,571.0,572.0,565.0,567.0,-5.00,34443,0,0.5069860279441117
110/05/20,36605692,20670883290,567.0,571.0,560.0,567.0,0.00,32301,0,0.5209580838323353
110/05/21,28009899,16016851343,572.0,577.0,568.0,573.0,+6.00,27050,1,0.46506986027944114
110/05/24,15981036,9090836697,570.0,572.0,566.0,568.0,-5.00,20189,0,0.5129740518962076
110/05/25,35445350,20525932956,576.0,584.0,573.0,583.0,+15.00,39032,1,0.5469061876247505
110/05/26,19555305,11433686898,587.0,588.0,581.0,585.0,+2.00,21034,1,0.3972055888223553
110/05/27,70061002,40643804852,580.0,582.0,573.0,582.0,-3.00,37545,0,0.5129740518962076
110/05/28,30720737,18082265480,587.0,592.0,582.0,590.0,+8.00,31581,1,0.5449101796407185
110/05/31,31557426,18751716595,595.0,597.0,590.0,597.0,+7.00,29798,1,0.5469061876247505
110/06/01,18405285,10985893229,598.0,599.0,595.0,598.0,+1.00,20318,1,0.40718562874251496
110/06/02,22416789,13362065937,600.0,600.0,593.0,595.0,-3.00,25170,0,0.41317365269461076
110/06/03,31703679,18939839664,600.0,600.0,596.0,596.0,+1.00,20749,1,0.5608782435129741
110/06/04,16072580,9521252157,591.0,595.0,590.0,595.0,-1.00,19112,0,0.47305389221556887
110/06/07,17729179,10471176330,594.0,595.0,583.0,592.0,-3.00,25364,0,0.48502994011976047
110/06/08,14083552,8312653665,590.0,595.0,588.0,589.0,-3.00,14051,0,0.5768463073852296
110/06/09,21575159,12618113390,586.0,588.0,583.0,586.0,-3.00,36405,0,0.44510978043912175
110/06/10,29741770,17696413894,591.0,599.0,587.0,599.0,+13.00,30487,1,0.5269461077844312
110/06/11,24940705,15011140567,602.0,603.0,600.0,602.0,+3.00,25271,1,0.4311377245508982
110/06/15,30245897,18415370774,607.0,609.0,606.0,609.0,+7.00,33515,1,0.5489021956087824
110/06/16,28624508,17401326587,608.0,608.0,605.0,605.0,-4.00,25816,0,0.4930139720558882
110/06/17,26477032,15924656516,601.0,606.0,598.0,606.0,X0.00,21061,0,0.4431137724550898
110/06/18,42036170,25373026235,608.0,608.0,601.0,603.0,-3.00,16899,0,0.45109780439121755
110/06/21,47339695,27749202661,590.0,594.0,583.0,583.0,-20.00,109204,0,0.4750499001996008
110/06/22,30578091,17786329582,585.0,588.0,578.0,578.0,-5.00,56057,0,0.5508982035928144
110/06/23,36386023,21500052844,583.0,598.0,581.0,595.0,+17.00,34454,1,0.5329341317365269
110/06/24,19322765,11435647488,598.0,598.0,588.0,590.0,-5.00,18494,0,0.437125748502994
110/06/25,19140086,11355715486,598.0,598.0,589.0,591.0,+1.00,16850,1,0.42714570858283435
110/06/28,15401977,9056869217,590.0,590.0,586.0,590.0,-1.00,20825,0,0.500998003992016
110/06/29,30837548,18350027611,598.0,598.0,591.0,595.0,+5.00,24078,1,0.5329341317365269
110/06/30,34021380,20301841661,599.0,599.0,595.0,595.0,0.00,20097,0,0.5548902195608783
110/07/01,18719706,11116195742,596.0,597.0,591.0,593.0,-2.00,20565,0,0.3932135728542914
110/07/02,19633718,11562140245,590.0,593.0,587.0,588.0,-5.00,24056,0,0.4311377245508982
110/07/05,30274105,17957255325,588.0,597.0,588.0,591.0,+3.00,21836,1,0.5189620758483033
110/07/06,13830591,8185167307,595.0,596.0,589.0,592.0,+1.00,15751,1,0.5469061876247505
110/07/07,17329148,10250342169,590.0,594.0,588.0,594.0,+2.00,18023,1,0.5229540918163673
110/07/08,21596183,12733045117,595.0,595.0,588.0,588.0,-6.00,23352,0,0.42714570858283435
110/07/09,30602492,17821338170,582.0,585.0,580.0,584.0,-4.00,51232,0,0.5489021956087824
110/07/12,33011596,19612592644,595.0,597.0,590.0,593.0,+9.00,28636,1,0.5588822355289421
110/07/13,54894335,33158730436,600.0,608.0,599.0,607.0,+14.00,60121,1,0.5189620758483033
110/07/14,39670241,24276719505,613.0,615.0,608.0,613.0,+6.00,43173,1,0.47704590818363274
110/07/15,23057868,14117908308,613.0,614.0,608.0,614.0,+1.00,29913,1,0.42714570858283435
110/07/16,61882128,36562482701,591.0,595.0,588.0,589.0,-25.00,86192,0,0.499001996007984
110/07/19,43248966,25135531384,583.0,584.0,578.0,582.0,-7.00,86753,0,0.4491017964071856
110/07/20,16352855,9502338666,579.0,584.0,579.0,581.0,-1.00,27956,0,0.45109780439121755
110/07/21,26476215,15440430690,586.0,586.0,580.0,585.0,+4.00,32757,1,0.45109780439121755
110/07/22,27075950,16014166571,589.0,594.0,587.0,591.0,+6.00,23365,1,0.4630738522954092
110/07/23,15705191,9206201715,592.0,592.0,583.0,585.0,-6.00,23635,0,0.500998003992016
110/07/26,22442745,13089591086,591.0,591.0,580.0,580.0,-5.00,37826,0,0.4231536926147705
110/07/27,18925325,10997959654,581.0,584.0,580.0,580.0,0.00,20197,0,0.4091816367265469
110/07/28,39744486,22884618824,576.0,579.0,573.0,579.0,-1.00,75078,0,0.48502994011976047
110/07/29,25014772,14525643464,585.0,585.0,577.0,583.0,+4.00,26868,1,0.4251497005988024
110/07/30,26141286,15170421873,581.0,582.0,578.0,580.0,-3.00,16353,0,0.4530938123752495
110/08/02,24948096,14593329483,583.0,590.0,580.0,590.0,+10.00,19791,1,0.47305389221556887
110/08/03,28104984,16655446605,594.0,594.0,590.0,594.0,+4.00,20221,1,0.49700598802395207
110/08/04,23714971,14132827829,598.0,598.0,594.0,596.0,+2.00,18228,1,0.47305389221556887
110/08/05,15673765,9343887536,598.0,598.0,593.0,596.0,0.00,15495,0,0.499001996007984
110/08/06,13994018,8275142201,596.0,596.0,588.0,591.0,-5.00,13742,0,0.5588822355289421
110/08/09,17611955,10366798182,590.0,595.0,583.0,595.0,+4.00,15068,1,0.5229540918163673
110/08/10,17620825,10435618093,596.0,596.0,589.0,591.0,-4.00,13983,0,0.5489021956087824
110/08/11,20311399,11943131619,590.0,590.0,585.0,590.0,-1.00,18548,0,0.4491017964071856
110/08/12,16031265,9383967628,586.0,588.0,584.0,586.0,-4.00,15202,0,0.47704590818363274
110/08/13,25440973,14769155709,585.0,585.0,579.0,581.0,-5.00,36198,0,0.4530938123752495
110/08/16,19949389,11612486234,582.0,586.0,578.0,584.0,+3.00,17055,1,0.4311377245508982
110/08/17,31845499,18475506150,580.0,582.0,578.0,580.0,-4.00,19184,0,0.5748502994011976
110/08/18,47063629,26855353529,568.0,575.0,566.0,574.0,-6.00,86118,0,0.47105788423153694
110/08/19,42133375,23766228074,573.0,573.0,559.0,559.0,-15.00,119048,0,0.46506986027944114
110/08/20,47741449,26565551162,560.0,563.0,551.0,552.0,-7.00,72684,0,0.48502994011976047
110/08/23,34775337,19688362857,560.0,572.0,559.0,566.0,+14.00,30421,1,0.5469061876247505
110/08/24,27397309,15697269609,574.0,575.0,571.0,572.0,+6.00,21032,1,0.4550898203592814
110/08/25,28867651,16769849402,579.0,585.0,574.0,585.0,+13.00,29096,1,0.5129740518962076
110/08/26,45027320,26834160811,601.0,603.0,591.0,594.0,+9.00,42735,1,0.4810379241516966
110/08/27,29459532,17596859741,596.0,600.0,593.0,599.0,+5.00,31217,1,0.5269461077844312
110/08/30,40606821,24425472555,602.0,605.0,599.0,605.0,+6.00,43096,1,0.4590818363273453
110/08/31,58916407,35867753009,604.0,614.0,598.0,614.0,+9.00,46791,1,0.5129740518962076
110/09/01,31242788,19126702297,614.0,614.0,608.0,613.0,-1.00,30125,0,0.5668662674650699
110/09/02,26715492,16341803689,613.0,615.0,607.0,607.0,-6.00,26153,0,0.437125748502994
110/09/03,53915006,33278648609,610.0,620.0,610.0,620.0,+13.00,62288,1,0.5069860279441117
110/09/06,59223061,37250623087,623.0,638.0,621.0,631.0,+11.00,77024,1,0.5089820359281437
110/09/07,27422775,17191259166,634.0,634.0,623.0,623.0,-8.00,29823,0,0.46506986027944114
110/09/08,38713621,23960375113,622.0,627.0,612.0,619.0,-4.00,38267,0,0.4930139720558882
110/09/09,19309522,11886107760,612.0,620.0,610.0,619.0,0.00,19569,0,0.44510978043912175
110/09/10,16740439,10365721937,615.0,623.0,614.0,622.0,+3.00,17067,1,0.5109780439121756
110/09/13,15809768,9734528161,619.0,620.0,613.0,615.0,-7.00,21779,0,0.41317365269461076
110/09/14,16024935,9849961184,618.0,618.0,612.0,613.0,-2.00,13569,0,0.49500998003992014
110/09/15,26041452,15872971715,610.0,613.0,607.0,607.0,-6.00,24839,0,0.43912175648702595
110/09/16,23315040,14030697248,603.0,607.0,599.0,600.0,X0.00,31437,0,0.42714570858283435
110/09/17,42383815,25510152115,600.0,610.0,599.0,600.0,0.00,18681,0,0.46706586826347307
110/09/22,42732169,25056693727,586.0,589.0,583.0,586.0,-14.00,70389,0,0.45109780439121755
110/09/23,22736266,13406035166,588.0,593.0,588.0,588.0,+2.00,22991,1,0.42115768463073855
110/09/24,17302848,10289114839,591.0,598.0,590.0,598.0,+10.00,15796,1,0.5249500998003992
110/09/27,20034221,11993300562,600.0,602.0,593.0,602.0,+4.00,16349,1,0.4111776447105788
110/09/28,17325896,10291543822,595.0,596.0,592.0,594.0,-8.00,16496,0,0.5389221556886228
110/09/29,51834124,30040354500,580.0,583.0,577.0,580.0,-14.00,95024,0,0.5069860279441117
110/09/30,36318623,21054651328,580.0,585.0,575.0,580.0,0.00,32973,0,0.5349301397205589
110/10/01,39006124,22368447571,579.0,579.0,571.0,574.0,-6.00,78088,0,0.49500998003992014
110/10/04,22288138,12741914919,574.0,575.0,569.0,572.0,-2.00,42147,0,0.41916167664670656
110/10/05,36063650,20406526124,562.0,572.0,560.0,572.0,0.00,56678,0,0.5369261477045908
110/10/06,33989379,19345468774,573.0,574.0,565.0,571.0,-1.00,53606,0,0.5508982035928144
110/10/07,28480400,16458019782,575.0,582.0,572.0,580.0,+9.00,23304,1,0.5029940119760479
110/10/08,22601904,13051944932,582.0,583.0,573.0,575.0,-5.00,24157,0,0.4111776447105788
110/10/12,27126088,15455194493,570.0,575.0,564.0,575.0,0.00,32210,0,0.45708582834331335
110/10/13,19267437,11006807040,572.0,575.0,570.0,571.0,-4.00,18050,0,0.4151696606786427
110/10/14,14270641,8213170376,579.0,579.0,573.0,573.0,+2.00,14814,1,0.5029940119760479
110/10/15,55305252,32878638999,592.0,600.0,586.0,600.0,+27.00,61088,1,0.5169660678642715
110/10/18,19753943,11802365489,604.0,604.0,590.0,590.0,-10.00,21353,0,0.4151696606786427
110/10/19,18709936,11196540994,598.0,600.0,593.0,600.0,+10.00,20482,1,0.3972055888223553
110/10/20,17537878,10527701553,603.0,604.0,597.0,598.0,-2.00,16410,0,0.5289421157684631
110/10/21,16882324,10116911921,602.0,603.0,595.0,596.0,-2.00,17599,0,0.4810379241516966
110/10/22,14236279,8520299817,600.0,602.0,594.0,600.0,+4.00,12812,1,0.5469061876247505
110/10/25,17724968,10518554968,597.0,597.0,590.0,593.0,-7.00,16139,0,0.5089820359281437
110/10/26,27047187,16169131795,595.0,600.0,593.0,599.0,+6.00,13081,1,0.46506986027944114
110/10/27,16260278,9708715733,598.0,599.0,594.0,599.0,0.00,12042,0,0.4550898203592814
110/10/28,16927154,10066068774,598.0,598.0,591.0,595.0,-4.00,15065,0,0.49101796407185627
110/10/29,27684673,16352758906,595.0,596.0,589.0,590.0,-5.00,19937,0,0.4930139720558882
110/11/01,17110357,10107402871,591.0,593.0,590.0,590.0,0.00,13798,0,0.5049900199600799
110/11/02,16544999,9808608554,594.0,597.0,590.0,592.0,+2.00,11662,1,0.4471057884231537
110/11/03,11404984,6773439607,597.0,597.0,592.0,592.0,0.00,8934,0,0.40718562874251496
110/11/04,18888245,11112246412,592.0,594.0,585.0,587.0,-5.00,22171,0,0.3852295409181637
110/11/05,35086799,20974569571,598.0,600.0,595.0,600.0,+13.00,31929,1,0.5409181636726547
110/11/08,20886897,12544595323,600.0,602.0,598.0,602.0,+2.00,17964,1,0.47105788423153694
110/11/09,42340785,25935652781,611.0,617.0,610.0,611.0,+9.00,42855,1,0.4590818363273453
110/11/10,18518512,11303615778,611.0,612.0,608.0,612.0,+1.00,19147,1,0.4351297405189621
110/11/11,20257792,12225622771,600.0,606.0,600.0,606.0,-6.00,16140,0,0.4091816367265469
110/11/12,21373014,12801799429,610.0,611.0,602.0,604.0,-2.00,13869,0,0.499001996007984
110/11/15,17140935,10434209332,609.0,611.0,607.0,608.0,+4.00,13140,1,0.5109780439121756
110/11/16,21776308,13285168416,612.0,612.0,608.0,610.0,+2.00,14487,1,0.46107784431137727
110/11/17,21829653,13330782804,615.0,615.0,608.0,610.0,0.00,14807,0,0.4471057884231537
110/11/18,22933191,14019057524,613.0,614.0,607.0,613.0,+3.00,15913,1,0.4311377245508982
110/11/19,38847820,24047156185,622.0,623.0,617.0,618.0,+5.00,32179,1,0.4870259481037924
110/11/22,23296854,14354639781,618.0,618.0,615.0,615.0,-3.00,14108,0,0.4810379241516966
110/11/23,20022520,12266300247,615.0,615.0,611.0,612.0,-3.00,15011,0,0.42714570858283435
110/11/24,22978524,13904268592,612.0,612.0,602.0,603.0,-9.00,23584,0,0.4251497005988024
110/11/25,14171433,8551663451,605.0,607.0,601.0,603.0,0.00,14137,0,0.564870259481038
110/11/26,27882175,16609442268,598.0,601.0,592.0,596.0,-7.00,47638,0,0.47904191616766467
110/11/29,24160615,14360266132,594.0,598.0,591.0,593.0,-3.00,23653,0,0.42714570858283435
110/11/30,69160408,41208103150,597.0,600.0,591.0,596.0,+3.00,24427,1,0.5049900199600799
110/12/01,30119408,18021861252,596.0,603.0,594.0,600.0,+4.00,15695,1,0.5409181636726547
110/12/02,48720976,29780012954,605.0,615.0,602.0,615.0,+15.00,40629,1,0.5049900199600799
110/12/03,27571974,16798271782,614.0,614.0,606.0,608.0,-7.00,16197,0,0.46706586826347307
110/12/06,24474913,14740969839,603.0,609.0,600.0,600.0,-8.00,19139,0,0.46706586826347307
110/12/07,21105883,12704452330,602.0,607.0,597.0,607.0,+7.00,22160,1,0.41916167664670656
110/12/08,22194708,13490034097,614.0,614.0,602.0,602.0,-5.00,15634,0,0.4351297405189621
110/12/09,12467833,7554386680,606.0,608.0,602.0,608.0,+6.00,9231,1,0.4431137724550898
110/12/10,11371659,6874539365,605.0,608.0,602.0,605.0,-3.00,9215,0,0.44510978043912175
110/12/13,17994933,10887156003,609.0,610.0,601.0,601.0,-4.00,12503,0,0.46107784431137727
110/12/14,22997961,13757424386,598.0,600.0,597.0,599.0,-2.00,21324,0,0.4091816367265469
110/12/15,22419040,13420958112,597.0,601.0,596.0,600.0,+1.00,19195,1,0.4590818363273453
110/12/16,22151282,13370280179,605.0,605.0,601.0,605.0,X0.00,15515,0,0.43313373253493015
110/12/17,30319495,18339763894,601.0,607.0,599.0,607.0,+2.00,11667,1,0.5508982035928144
110/12/20,22381761,13446342438,607.0,607.0,598.0,598.0,-9.00,18943,0,0.46107784431137727
110/12/21,17669559,10560361874,597.0,600.0,595.0,597.0,-1.00,17336,0,0.48303393213572854
110/12/22,10127887,6067689422,598.0,601.0,598.0,600.0,+3.00,8238,1,0.3712574850299401
110/12/23,16910501,10238270336,607.0,608.0,602.0,606.0,+6.00,12888,1,0.46506986027944114
110/12/24,12008673,7276331245,606.0,609.0,604.0,604.0,-2.00,10444,0,0.48902195608782434
110/12/27,16771900,10193462167,604.0,610.0,604.0,606.0,+2.00,16637,1,0.500998003992016
110/12/28,35156339,21569506434,610.0,615.0,610.0,615.0,+9.00,36241,1,0.5508982035928144
110/12/29,25604320,15788043027,615.0,619.0,614.0,616.0,+1.00,28804,1,0.4431137724550898
110/12/30,20522055,12654016133,619.0,620.0,615.0,615.0,-1.00,15565,0,0.4431137724550898
