volume,price,open,high,low,close,times,MinLow,MaxHigh,RSV,K,D,J,Prediction_Result
8448096,93837155,11.1,11.2,11.05,11.1,1989,11.05,11.7,7.692307692,21.75642568,32.45694104,53.85797176,0
6739642,74666436,11.05,11.15,11.05,11.05,1910,11.05,11.7,0.0,14.50428378,26.47272195,50.40959829,0
7786771,86119281,11.05,11.15,11.0,11.05,2200,11.0,11.7,7.142857143,12.0504749,21.66530627,40.894969,0
9389377,104968409,11.1,11.3,11.1,11.1,1964,11.0,11.7,14.28571429,12.7955547,18.70872241,30.53505784,0
4916150,54920402,11.15,11.2,11.1,11.2,1608,11.0,11.7,28.57142857,18.05417932,18.49054138,19.3632655,0
7035247,79182808,11.2,11.3,11.2,11.25,2360,11.0,11.4,62.5,32.86945288,23.28351188,4.111629882,0
5445006,61112410,11.25,11.3,11.15,11.25,1186,11.0,11.3,83.33333333,49.69074637,32.08592338,-3.123722602,1
8414498,94667687,11.3,11.4,11.15,11.15,2400,11.0,11.4,37.5,45.62716424,36.59967033,18.54468251,0
9651390,108077513,11.2,11.25,11.15,11.2,2005,11.0,11.4,50.0,47.08477616,40.09470561,26.1145645,0
9315991,103957901,11.2,11.25,11.1,11.1,1907,11.0,11.4,25.0,39.72318411,39.97086511,40.46622711,0
25569333,281172313,11.1,11.15,10.95,11.0,4128,10.95,11.4,11.11111111,30.18582644,36.70918555,49.75590377,0
5111183,56458542,11.05,11.1,11.0,11.0,1653,10.95,11.4,11.11111111,23.827588,32.4153197,49.59078311,0
5549518,61199086,11.0,11.1,11.0,11.0,1547,10.95,11.4,11.11111111,19.58876237,28.13980059,45.24187703,0
15579932,167669611,10.7,10.85,10.7,10.75,3676,10.7,11.4,7.142857143,15.44012729,23.90657616,40.83947389,0
10820206,115398023,10.7,10.8,10.55,10.6,2285,10.55,11.4,5.882352941,12.25420251,20.02245161,35.55894981,0
6425453,69002386,10.75,10.8,10.7,10.75,2101,10.55,11.4,23.52941176,16.01260559,18.68583627,24.03229762,0
2945047,31556695,10.75,10.75,10.65,10.7,754,10.55,11.25,21.42857143,17.81792754,18.39653336,19.553745,0
6168860,65586006,10.7,10.7,10.6,10.65,2163,10.55,11.25,14.28571429,16.64052312,17.81119661,20.1525436,0
6051960,64452563,10.65,10.7,10.6,10.65,1473,10.55,11.15,16.66666667,16.64923764,17.42387695,18.97315559,0
4541882,48836379,10.7,10.8,10.65,10.8,1087,10.55,11.1,45.45454545,26.25100691,20.36625361,8.596747001,0
2980257,32140240,10.8,10.85,10.7,10.75,1227,10.55,11.1,36.36363636,29.62188339,23.45146354,11.11062382,0
7686000,81285184,10.6,10.65,10.55,10.55,2633,10.55,10.85,0.0,19.74792226,22.21694978,27.15500481,0
6691289,71575216,10.6,10.8,10.6,10.75,2186,10.55,10.85,66.66666667,35.38750373,26.60713443,9.046395825,0
8374843,89018829,10.65,10.75,10.55,10.6,2265,10.55,10.85,16.66666667,29.14722471,27.45383119,24.06704415,0
9334867,98994747,10.7,10.7,10.5,10.5,2446,10.5,10.85,0.0,19.43148314,24.77971517,35.47617924,0
6909306,73258568,10.6,10.65,10.55,10.65,2013,10.5,10.85,42.85714286,27.24003638,25.59982224,22.31939397,0
6826900,72468196,10.65,10.7,10.55,10.55,1687,10.5,10.85,14.28571429,22.92192901,24.70719117,28.27771547,0
4164781,43978448,10.55,10.65,10.5,10.55,1172,10.5,10.85,14.28571429,20.04319077,23.15252437,29.37119156,0
7897856,82747388,10.6,10.6,10.4,10.45,2342,10.4,10.85,11.11111111,17.06583088,21.12362654,29.23921785,0
5280982,55358706,10.45,10.55,10.45,10.45,1113,10.4,10.8,12.5,15.54388726,19.26371345,26.70336582,0
5957226,62545854,10.45,10.55,10.45,10.5,1470,10.4,10.8,25.0,18.69592484,19.07445058,19.83150205,0
7995157,83404333,10.5,10.55,10.4,10.5,2283,10.4,10.75,28.57142857,21.98775942,20.04555352,16.16114174,0
8047419,83233811,10.45,10.5,10.25,10.3,2189,10.25,10.7,11.11111111,18.36220998,19.48443901,21.72889706,0
10552651,109099100,10.3,10.45,10.25,10.4,1786,10.25,10.7,33.33333333,23.35258443,20.77382082,15.61629359,0
6469011,67207259,10.4,10.45,10.3,10.4,1398,10.25,10.7,33.33333333,26.67950073,22.74238079,14.8681409,0
8727342,91063565,10.4,10.5,10.35,10.4,2110,10.25,10.65,37.5,30.28633382,25.2570318,15.19842776,0
6515095,67779927,10.45,10.45,10.35,10.45,1497,10.25,10.6,57.14285714,39.23850826,29.91752395,11.27555534,0
14110490,151361008,10.5,10.85,10.45,10.85,2146,10.25,10.85,100.0,59.49233884,39.77579558,0.342709066,1
10433680,110340432,10.8,10.8,10.45,10.5,2602,10.25,10.85,41.66666667,53.55044812,44.36734643,26.00114305,0
5584609,58123794,10.45,10.5,10.35,10.35,1691,10.25,10.85,16.66666667,41.2558543,43.33018238,47.47883855,0
4207152,43648015,10.3,10.45,10.3,10.35,1375,10.25,10.85,16.66666667,33.05945842,39.90660773,53.60090635,0
5121921,52938781,10.35,10.4,10.3,10.3,1290,10.25,10.85,8.333333333,24.81741673,34.8768774,54.99579874,0
5059078,52044341,10.3,10.4,10.25,10.3,1361,10.25,10.85,8.333333333,19.32272226,29.69215902,50.43103253,0
9944788,102082918,10.3,10.35,10.2,10.35,1797,10.2,10.85,23.07692308,20.57412253,26.65281352,38.8101955,0
9810562,100584025,10.3,10.35,10.2,10.2,1971,10.2,10.85,0.0,13.71608169,22.34056958,39.58954536,0
6768841,69260725,10.25,10.3,10.2,10.2,1136,10.2,10.85,0.0,9.144054459,17.94173121,35.5370847,0
5981359,61074083,10.25,10.3,10.15,10.2,1382,10.15,10.8,7.692307692,8.66013887,14.84786709,27.22332354,0
8790760,88975350,10.2,10.2,10.05,10.05,2193,10.05,10.5,0.0,5.773425914,11.82305337,23.92230827,0
4892571,49221876,10.05,10.1,10.0,10.05,1223,10.0,10.45,11.11111111,7.552654313,10.39958702,16.09345242,0
6586207,66163870,10.05,10.1,10.0,10.0,2077,10.0,10.4,0.0,5.035102875,8.611425635,15.76407116,0
5449644,54696590,10.0,10.1,10.0,10.0,1269,10.0,10.4,0.0,3.35673525,6.859862174,13.86611602,0
6741112,67535709,10.0,10.05,10.0,10.0,1628,10.0,10.35,0.0,2.2378235,5.319182616,11.48190085,0
11418654,114926342,10.0,10.2,10.0,10.0,1837,10.0,10.35,0.0,1.491882333,4.043415855,9.146482898,1
5894856,59126160,10.05,10.1,10.0,10.0,1559,10.0,10.3,0.0,0.994588222,3.027139977,7.092243488,0
6443035,64505150,10.05,10.05,10.0,10.0,2174,10.0,10.3,0.0,0.663058815,2.239112923,5.39122114,1
6161511,61690660,10.0,10.05,10.0,10.0,1989,10.0,10.2,0.0,0.44203921,1.640088352,4.036186637,1
10465760,106135717,10.05,10.25,10.05,10.2,1771,10.0,10.25,80.0,26.96135947,10.08051206,-23.68118277,1
4025610,40862998,10.2,10.2,10.1,10.15,1346,10.0,10.25,60.0,37.97423965,19.37842126,-17.81321553,1
13174477,132438970,10.15,10.15,10.0,10.05,3563,10.0,10.25,20.0,31.98282643,23.57988965,6.774016079,0
11059368,111696388,10.1,10.15,10.0,10.15,1809,10.0,10.25,60.0,41.32188429,29.49388786,5.837895008,0
5544171,55782159,10.05,10.1,10.05,10.05,1700,10.0,10.25,20.0,34.21458953,31.06745508,24.7731862,0
5388875,54199781,10.05,10.1,10.05,10.05,1862,10.0,10.25,20.0,29.47639302,30.53710106,32.65851715,0
8190627,82886558,10.05,10.2,10.05,10.15,1467,10.0,10.25,60.0,39.65092868,33.5750436,21.42327344,0
5755212,58418933,10.15,10.2,10.1,10.15,1617,10.0,10.25,60.0,46.43395245,37.86134655,20.71613475,0
9768806,100672537,10.2,10.4,10.2,10.35,2307,10.0,10.4,87.5,60.12263497,45.28177602,15.60005813,0
9315814,94929904,10.35,10.35,10.1,10.15,2106,10.0,10.4,37.5,52.58175665,47.7151029,37.9817954,0
5655103,57252729,10.15,10.2,10.1,10.1,1512,10.0,10.4,25.0,43.38783776,46.27268119,52.04236803,0
4841428,48806887,10.1,10.15,10.05,10.1,1329,10.0,10.4,25.0,37.25855851,43.26797363,55.28680386,0
4140636,41776428,10.1,10.15,10.05,10.05,1481,10.05,10.4,0.0,24.83903901,37.12499542,61.69690825,0
10674028,107266330,10.05,10.1,10.0,10.0,3183,10.0,10.4,0.0,16.55935934,30.26978339,57.6906315,0
8619361,87059288,10.05,10.15,10.0,10.15,1454,10.0,10.4,37.5,23.53957289,28.02637989,36.99999389,0
10410079,104358940,10.05,10.1,10.0,10.0,3074,10.0,10.4,0.0,15.69304859,23.91526946,40.35971119,0
18887917,186610047,10.0,10.05,9.81,9.87,6127,9.81,10.4,10.16949153,13.8518629,20.56080061,33.97867601,0
5431162,53888278,9.86,10.0,9.83,9.95,1785,9.81,10.35,25.92592593,17.87655058,19.6660506,23.24505064,0
9605514,94634571,9.97,9.97,9.82,9.85,2335,9.81,10.2,10.25641026,15.3365038,18.22286833,23.99559739,0
5017270,49479933,9.85,9.93,9.83,9.85,1713,9.81,10.15,11.76470588,14.1459045,16.86388039,22.29983217,0
10012072,97162689,9.82,9.85,9.61,9.67,2973,9.61,10.15,11.11111111,13.1343067,15.62068916,20.59345407,0
11665491,112070809,9.67,9.71,9.53,9.56,3476,9.53,10.15,4.838709677,10.36910769,13.870162,20.87227062,0
13495540,127678068,9.55,9.55,9.43,9.43,3019,9.43,10.15,0.0,6.912738462,11.55102082,20.82758555,1
5799013,55173333,9.44,9.62,9.4,9.52,1622,9.4,10.1,17.14285714,10.32277802,11.14160656,12.77926362,0
7072251,66960359,9.52,9.53,9.42,9.44,1984,9.4,10.05,6.153846154,8.933134066,10.40544906,13.35007905,0
14966161,139935183,9.43,9.44,9.3,9.3,4198,9.3,10.0,0.0,5.955422711,8.922106943,14.85547541,1
4318795,40475030,9.4,9.4,9.33,9.37,1498,9.3,9.97,10.44776119,7.452868872,8.43236092,10.39134502,0
4732692,44432204,9.4,9.43,9.35,9.37,1944,9.3,9.93,11.11111111,8.672282952,8.51233493,8.192438888,0
6367880,59388178,9.37,9.4,9.3,9.31,2130,9.3,9.85,1.818181818,6.387582574,7.804084145,10.63708729,0
5126640,47961262,9.3,9.42,9.3,9.41,1668,9.3,9.71,26.82926829,13.20147781,9.603215368,2.406690476,1
8183686,77004570,9.45,9.47,9.35,9.41,1881,9.3,9.62,34.375,20.25931854,13.15524976,-1.052887807,1
6910491,65031484,9.39,9.46,9.34,9.43,1937,9.3,9.62,40.625,27.04787903,17.78612618,-0.73737951,0
5564430,52503349,9.4,9.46,9.39,9.45,1691,9.3,9.53,65.2173913,39.77104979,25.11443405,-4.198797422,1
11700243,111527712,9.5,9.64,9.45,9.64,2544,9.3,9.64,100.0,59.84736652,36.69207821,-9.618498424,1
6745898,64207859,9.62,9.62,9.47,9.5,1810,9.3,9.64,58.82352941,59.50608749,44.29674797,13.87806893,0
11871121,113049256,9.5,9.57,9.48,9.52,2565,9.3,9.64,64.70588235,61.23935244,49.94428279,27.35414349,0
10422547,100065643,9.57,9.64,9.52,9.6,2770,9.3,9.64,88.23529412,70.23799967,56.70885508,29.65056592,0
9026928,88016531,9.67,9.8,9.65,9.76,2408,9.3,9.8,92.0,77.49199978,63.63656998,35.92571039,0
11834007,116652864,9.79,9.94,9.76,9.84,2505,9.34,9.94,83.33333333,79.43911096,68.90408364,47.834029,0
9674945,95409026,9.92,9.94,9.8,9.8,1966,9.34,9.94,76.66666667,78.51496286,72.10771005,59.29320442,0
5370454,52657505,9.8,9.84,9.78,9.8,1736,9.39,9.94,74.54545455,77.19179342,73.80240451,67.02362668,0
4877513,47903721,9.81,9.85,9.8,9.81,1983,9.45,9.94,73.46938776,75.95099153,74.51860018,71.65381748,0
5402345,53362385,9.9,9.91,9.85,9.87,1484,9.47,9.94,85.10638298,79.00278868,76.01332968,70.03441168,0
6347617,62844978,9.88,9.92,9.88,9.9,1823,9.48,9.94,91.30434783,83.1033084,78.37665592,68.92335097,0
5708313,56101969,9.9,9.9,9.79,9.79,1721,9.52,9.94,64.28571429,76.83077703,77.86136296,79.92253482,0
7638401,75019941,9.79,9.89,9.75,9.89,2146,9.65,9.94,82.75862069,78.80672491,78.17648361,76.916001,0
4335897,42924333,9.9,9.93,9.8,9.93,1376,9.75,9.94,94.73684211,84.11676398,80.15657707,72.23620324,0
3857873,38032897,9.93,9.95,9.79,9.79,1374,9.75,9.95,20.0,62.74450932,74.35255448,97.56864481,1
7264376,71080449,9.86,9.87,9.73,9.77,2061,9.73,9.95,18.18181818,47.89027894,65.53179597,100.81483,0
7515928,73436316,9.78,9.81,9.74,9.75,1546,9.73,9.95,9.090909091,34.95715566,55.3402492,96.10643628,0
12896122,124969719,9.71,9.78,9.62,9.78,3611,9.62,9.95,48.48484848,39.4663866,50.04896167,71.2141118,0
10466882,100556948,9.56,9.7,9.56,9.7,2267,9.56,9.95,35.8974359,38.27673637,46.12488657,61.82118696,0
18367927,174538646,9.69,9.69,9.44,9.44,4037,9.44,9.95,0.0,25.51782424,39.25586579,66.73194889,0
21423568,201856148,9.52,9.53,9.36,9.4,4560,9.36,9.95,6.779661017,19.27176983,32.59450047,59.23996175,0
29685202,274443614,9.48,9.48,9.11,9.22,5809,9.11,9.95,13.0952381,17.21292592,27.46730896,47.97607502,0
17008312,156533045,9.22,9.28,9.15,9.19,3895,9.11,9.95,9.523809524,14.64988712,23.19483501,40.28473079,0
13047798,119788480,9.2,9.25,9.15,9.15,3072,9.11,9.87,5.263157895,11.52097738,19.30354913,34.86869264,0
8105173,74103904,9.15,9.17,9.11,9.14,2042,9.11,9.81,4.285714286,9.109223015,15.90544043,29.49787525,0
10495535,96126743,9.19,9.23,9.12,9.12,2779,9.11,9.78,1.492537313,6.570327781,12.79373621,25.24055307,0
7617299,69588825,9.14,9.18,9.12,9.13,2052,9.11,9.7,3.389830508,5.510162024,10.36587815,20.0773104,0
9314259,85998681,9.14,9.29,9.14,9.29,2472,9.11,9.69,31.03448276,14.01826894,11.58334174,6.713487363,1
12650200,118995962,9.29,9.52,9.25,9.44,2675,9.11,9.53,78.57142857,35.53598881,19.56755743,-12.36930532,1
12877108,120816375,9.44,9.51,9.3,9.41,2893,9.11,9.52,73.17073171,48.08090311,29.07200599,-8.945788243,1
8267338,77610222,9.38,9.42,9.32,9.41,1938,9.11,9.52,73.17073171,56.44417931,38.19606377,1.699832677,0
5936046,55828475,9.44,9.45,9.37,9.4,1582,9.11,9.52,70.73170732,61.20668865,45.86627206,15.18543889,0
12049405,113619565,9.41,9.48,9.37,9.43,2491,9.11,9.52,78.04878049,66.82071926,52.85108779,24.91182486,0
9891729,92980305,9.41,9.46,9.36,9.39,3045,9.12,9.52,67.5,67.04714617,57.58310725,38.65502941,0
6946196,64981435,9.39,9.42,9.31,9.34,1729,9.12,9.52,55.0,63.03143078,59.3992151,52.13478372,0
14192468,132874987,9.37,9.41,9.3,9.41,2469,9.14,9.52,71.05263158,65.70516438,61.50119819,53.09326581,0
3440477,32223602,9.39,9.4,9.34,9.34,1089,9.25,9.52,33.33333333,54.91455403,59.30565014,68.08784235,0
9211655,87277082,9.35,9.54,9.35,9.44,1957,9.3,9.54,58.33333333,56.05414713,58.2218158,62.55715314,0
7361583,69338185,9.41,9.49,9.37,9.4,2146,9.3,9.54,41.66666667,51.25832031,55.90065064,65.1853113,0
8727130,81472595,9.36,9.41,9.3,9.41,2949,9.3,9.54,45.83333333,49.44999132,53.75043087,62.35130996,0
14886270,137895774,9.36,9.36,9.2,9.25,4234,9.2,9.54,14.70588235,37.86862166,48.45649446,69.63224007,0
12227012,112163668,9.24,9.24,9.15,9.16,5077,9.15,9.54,2.564102564,26.10044863,41.00447919,70.8125403,0
11207256,102887683,9.16,9.26,9.13,9.18,4215,9.13,9.54,12.19512195,21.46533974,34.4914327,60.54361864,0
9879226,90523117,9.18,9.22,9.13,9.21,2214,9.13,9.54,19.51219512,20.81429153,29.93238565,48.16857387,0
6852681,62993571,9.23,9.23,9.17,9.19,1652,9.13,9.54,14.63414634,18.75424314,26.20633814,41.11052816,0
5275491,48737196,9.28,9.28,9.21,9.27,2609,9.13,9.54,34.14634146,23.88494258,25.43253962,28.52773371,0
3545903,32720737,9.27,9.27,9.21,9.21,1525,9.13,9.49,22.22222222,23.33070246,24.73192723,27.53437678,0
4893676,45271538,9.21,9.29,9.21,9.23,1412,9.13,9.41,35.71428571,27.45856354,25.640806,22.00529092,0
6175004,57466428,9.27,9.35,9.26,9.27,2248,9.13,9.36,60.86956522,38.5955641,29.9590587,12.68604791,0
5171574,48082467,9.31,9.33,9.28,9.28,1539,9.13,9.35,68.18181818,48.4576488,36.1252554,11.46046861,0
8922586,83038730,9.31,9.34,9.26,9.32,2043,9.13,9.35,86.36363636,61.09297798,44.4478296,11.15753282,0
6498393,60520608,9.3,9.37,9.26,9.29,1730,9.13,9.37,66.66666667,62.95087421,50.61551113,25.94478498,0
10062053,93424501,9.29,9.33,9.26,9.26,1607,9.17,9.37,45.0,56.96724947,52.73275725,44.26377279,0
6689804,62000564,9.26,9.29,9.24,9.27,1991,9.21,9.37,37.5,50.47816632,51.98122694,54.98734818,0
12201478,112656813,9.26,9.28,9.2,9.25,2211,9.2,9.37,29.41176471,43.45603245,49.13949544,60.50642143,0
6587624,61293508,9.25,9.35,9.25,9.35,1688,9.2,9.37,88.23529412,58.382453,52.22048129,39.89653788,0
6432393,60030076,9.35,9.4,9.27,9.4,1775,9.2,9.4,100.0,72.25496867,58.89864375,32.18599392,0
22535185,214052502,9.39,9.55,9.38,9.45,4284,9.2,9.55,71.42857143,71.97950292,63.25893014,45.81778458,0
11678460,109056357,9.5,9.5,9.28,9.28,3478,9.2,9.55,22.85714286,55.6053829,60.70774773,70.91247738,0
10887031,101201332,9.3,9.4,9.16,9.4,2407,9.16,9.55,61.53846154,57.58307578,59.66619041,63.83241968,0
16687530,157284463,9.36,9.51,9.3,9.3,2722,9.16,9.55,35.8974359,50.35452915,56.56230333,68.97785167,0
11851257,110968133,9.3,9.4,9.26,9.4,6327,9.16,9.55,61.53846154,54.08250661,55.73570442,59.04210004,0
29240420,264439874,9.1,9.16,8.98,8.98,6681,8.98,9.55,0.0,36.05500441,49.17547108,75.41640443,0
11460540,104006062,8.98,9.15,8.97,9.07,3010,8.97,9.55,17.24137931,29.78379604,42.7115794,68.56714613,0
9930896,89637072,9.07,9.07,9.0,9.01,2806,8.97,9.55,6.896551724,22.1547146,35.85929114,63.2684442,0
9608328,86719727,9.02,9.08,9.0,9.04,2970,8.97,9.55,12.06896552,18.79279824,30.17046017,52.92578403,0
5632630,50957100,9.06,9.08,9.02,9.07,2106,8.97,9.51,18.51851852,18.70137167,26.34743067,41.63954868,0
7012617,63871318,9.09,9.17,9.07,9.07,1601,8.97,9.51,18.51851852,18.64042062,23.77842732,34.05444072,0
9298820,84504675,9.05,9.13,9.02,9.1,1156,8.97,9.51,24.07407407,20.45163844,22.66949769,27.1052162,0
4542074,41615402,9.1,9.23,9.07,9.17,1149,8.97,9.4,46.51162791,29.13830159,24.82576566,16.20069379,0
3638931,33225765,9.12,9.17,9.11,9.12,965,8.97,9.23,57.69230769,38.65630363,29.43594498,10.99522769,0
7834284,72113522,9.12,9.29,9.1,9.2,3083,8.97,9.29,71.875,49.72920242,36.20036413,9.142687545,0
4855140,44259299,9.14,9.16,9.08,9.12,1647,9.0,9.29,41.37931034,46.94590506,39.7822111,25.45482319,0
10452558,94538556,9.12,9.16,9.0,9.04,2396,9.0,9.29,13.79310345,35.89497119,38.48646447,43.66945102,0
4197782,38125043,9.04,9.13,9.03,9.07,1109,9.0,9.29,24.13793103,31.9759578,36.31629558,44.99697113,0
2546858,23174266,9.13,9.13,9.05,9.13,625,9.0,9.29,44.82758621,36.25983394,36.29747503,36.37275722,0
6609345,60444711,9.1,9.16,9.1,9.16,1763,9.0,9.29,55.17241379,42.56402722,38.38632576,30.03092284,0
5918313,54520120,9.27,9.27,9.16,9.19,1351,9.0,9.29,65.51724138,50.21509861,42.32925004,26.55755292,0
13844875,129407151,9.25,9.45,9.22,9.39,2208,9.0,9.45,86.66666667,62.36562129,49.00804046,22.29287879,0
19030839,181402177,9.44,9.62,9.39,9.57,3481,9.0,9.62,91.93548387,72.22224215,56.74610769,25.79383877,0
9205971,88277225,9.61,9.68,9.51,9.6,2105,9.0,9.68,88.23529412,77.55992614,63.68404718,35.93228924,0
9670995,93189662,9.62,9.68,9.56,9.65,2454,9.0,9.68,95.58823529,83.56936253,70.31248563,43.79873182,0
21966904,214956331,9.69,9.91,9.62,9.89,4532,9.03,9.91,97.72727273,88.28866593,76.30454573,52.33630532,0
12473073,120569089,9.8,9.83,9.59,9.65,3034,9.05,9.91,69.76744186,82.11492457,78.24133867,70.49416688,0
19610265,194538495,9.75,9.97,9.73,9.94,4139,9.1,9.97,96.55172414,86.92719109,81.13662281,69.55548625,0
10747927,105901497,9.84,9.95,9.72,9.95,2769,9.16,9.97,97.5308642,90.46174879,84.24499814,71.81149683,0
22842608,232172030,10.05,10.25,10.05,10.2,5244,9.22,10.25,95.14563107,92.02304289,86.83767972,76.4669534,0
10933176,111345938,10.3,10.3,10.1,10.25,2765,9.39,10.3,94.50549451,92.85052676,88.84196207,80.82483269,0
8434180,86272325,10.3,10.35,10.15,10.2,1734,9.51,10.35,82.14285714,89.28130355,88.98840923,88.40262058,1
11032896,113679629,10.3,10.4,10.25,10.3,2091,9.56,10.4,88.0952381,88.8859484,88.95425562,89.09087006,0
9421166,95926321,10.25,10.25,10.1,10.15,1619,9.59,10.4,69.13580247,82.30256642,86.73702589,95.60594482,1
9939788,101257430,10.15,10.25,10.1,10.25,1572,9.59,10.4,81.48148148,82.02887144,85.16764107,91.44518033,1
7004694,71009700,10.25,10.3,10.1,10.15,1843,9.72,10.4,63.23529412,75.76434567,82.03320927,94.57093648,1
7216560,72748100,10.1,10.2,10.0,10.05,2427,9.72,10.4,48.52941176,66.68603437,76.9174843,97.38038418,1
19909639,206003224,10.45,10.55,10.15,10.25,3549,10.0,10.55,45.45454545,59.6088714,71.14794667,94.22609721,1
10065158,103134614,10.25,10.3,10.15,10.3,2180,10.0,10.55,54.54545455,57.92106578,66.73898637,84.37482756,0
71942733,775307388,10.4,10.95,10.4,10.95,10546,10.0,10.95,100.0,71.94737719,68.47511664,61.53059556,0
45945767,513625834,11.2,11.3,11.0,11.2,8812,10.0,11.3,92.30769231,78.73414889,71.89479406,58.21608439,0
22027245,243878345,11.15,11.3,10.95,11.0,3912,10.0,11.3,76.92307692,78.13045824,73.97334879,65.65912988,0
26504516,291623860,11.25,11.35,10.8,10.9,4521,10.0,11.35,66.66666667,74.30919438,74.08529732,73.63750319,0
27297845,293787733,10.85,10.95,10.6,10.75,6027,10.0,11.35,55.55555556,68.05798144,72.07619202,80.1126132,0
10429591,111701571,10.65,10.85,10.6,10.75,2299,10.0,11.35,55.55555556,63.89050614,69.34763006,80.2618779,0
21524233,225349591,10.75,10.75,10.3,10.5,3440,10.15,11.35,29.16666667,52.31589299,63.67038437,86.37936714,0
12651297,135260713,10.65,10.85,10.6,10.8,2484,10.15,11.35,54.16666667,52.93281755,60.09119543,74.4079512,0
12983636,136476225,10.65,10.7,10.4,10.5,2195,10.3,11.35,19.04761905,41.63775138,53.94004741,78.54463948,0
12326735,129008075,10.5,10.6,10.4,10.45,2031,10.3,11.35,14.28571429,32.52040568,46.80016684,75.35968914,0
7893999,83143135,10.5,10.6,10.45,10.55,2206,10.3,11.35,23.80952381,29.61677839,41.07237069,63.98355528,0
7896091,84300751,10.6,10.7,10.6,10.7,2186,10.3,11.35,38.0952381,32.44293163,38.195891,49.70180975,0
9748545,104166809,10.65,10.8,10.55,10.65,2851,10.3,10.95,53.84615385,39.57733903,38.65637368,36.81444297,0
24379110,267396587,10.7,11.05,10.7,11.0,4527,10.3,11.05,93.33333333,57.4960038,44.93625038,19.81674356,0
20868730,229945753,11.0,11.2,10.85,10.95,3968,10.3,11.2,72.22222222,62.40474327,50.75908135,27.4677575,0
29508862,330119416,11.25,11.3,11.1,11.15,5487,10.4,11.3,83.33333333,69.38093996,56.96636755,32.13722274,0
10034053,111384333,11.1,11.2,10.95,11.05,2134,10.4,11.3,72.22222222,70.32803405,61.42025638,43.60470106,0
15163301,167410561,11.0,11.1,10.9,11.05,2878,10.4,11.3,72.22222222,70.95943011,64.59998096,51.88108266,0
2345041,25922795,11.1,11.1,11.0,11.05,638,10.45,11.3,70.58823529,70.8356985,66.67855347,58.36426341,0
4943395,54720304,11.1,11.1,11.0,11.05,1512,10.55,11.3,66.66666667,69.44602122,67.60104272,63.91108572,0
6594237,72200900,11.1,11.1,10.85,10.9,1535,10.55,11.3,46.66666667,61.85290304,65.68499616,73.34918241,0
3823565,41680297,10.9,10.95,10.85,10.9,910,10.7,11.3,33.33333333,52.3463798,61.23879071,79.02361252,0
6658261,72618457,10.95,11.0,10.8,10.9,1512,10.8,11.3,20.0,41.5642532,54.68061154,80.91332821,0
5858746,64025700,10.9,11.0,10.8,11.0,1644,10.8,11.3,40.0,41.04283547,50.13468618,68.31838761,0
4924368,53732930,11.0,11.0,10.85,10.95,1407,10.8,11.2,37.5,39.86189031,46.71042089,60.40748205,0
6410851,70036895,10.95,11.0,10.85,10.95,1147,10.8,11.1,50.0,43.24126021,45.554034,50.17958158,0
7731340,83831001,10.8,10.95,10.75,10.8,1481,10.75,11.1,14.28571429,33.58941157,41.56582652,57.51865643,0
12577888,138351718,10.9,11.05,10.85,11.05,2973,10.75,11.1,85.71428571,50.96436962,44.69867422,32.16728343,0
20414708,228656021,11.1,11.25,11.1,11.2,5686,10.75,11.25,90.0,63.97624641,51.12453162,25.42110203,0
9502681,106164284,11.2,11.25,11.1,11.15,2730,10.75,11.25,80.0,69.31749761,57.18885361,32.93156563,0
10726516,117885626,11.1,11.1,10.9,10.95,2101,10.75,11.25,40.0,59.5449984,57.97423521,54.83270882,0
13715321,148061829,10.95,11.0,10.5,10.7,3124,10.5,11.25,26.66666667,48.58555449,54.84467497,67.36291593,0
3724816,40052708,10.7,10.8,10.7,10.7,1328,10.5,11.25,26.66666667,41.27925855,50.3228695,68.41009139,0
13236547,145789567,10.8,11.1,10.75,11.1,2609,10.5,11.25,80.0,54.18617237,51.61063712,46.45956663,0
5634233,62044735,11.1,11.1,10.95,11.0,1897,10.5,11.25,66.66666667,58.34633713,53.85587046,44.87493711,0
5782308,63261175,11.05,11.05,10.85,10.95,2516,10.5,11.25,60.0,58.89755809,55.536433,48.81418283,0
4035372,44165276,11.0,11.0,10.85,11.0,2158,10.5,11.25,66.66666667,61.48726095,57.52004232,49.58560506,0
8435220,91634510,11.0,11.0,10.8,10.9,1862,10.5,11.25,53.33333333,58.76928508,57.93645657,56.27079956,0
14457388,154593297,10.85,10.85,10.6,10.65,4430,10.5,11.1,25.0,47.51285672,54.46192329,68.36005642,0
13481317,141462331,10.6,10.65,10.4,10.5,5156,10.4,11.1,14.28571429,36.43714257,48.45366305,72.486704,0
7332353,78070004,10.6,10.7,10.6,10.7,2677,10.4,11.1,42.85714286,38.57714267,45.16148959,58.33018343,0
6118167,65398403,10.7,10.75,10.6,10.7,1823,10.4,11.1,42.85714286,40.0038094,43.44226286,50.31916978,0
12911364,135544635,10.55,10.6,10.4,10.45,2400,10.4,11.1,7.142857143,29.05015865,38.64489479,57.83436707,0
6888677,72556341,10.45,10.65,10.45,10.6,1992,10.4,11.05,30.76923077,29.62318269,35.63765742,47.66660689,0
5867759,61967797,10.6,10.65,10.5,10.55,1881,10.4,11.0,25.0,28.08212179,33.11914554,43.19319305,0
51315030,517400099,9.95,10.3,9.92,10.2,11029,9.92,11.0,25.92592593,27.36338984,31.20056031,38.87490125,0
26854898,272244594,10.15,10.25,10.05,10.2,4768,9.92,10.85,30.10752688,28.27810218,30.2264076,34.12301843,0
29675997,304212049,10.2,10.35,10.15,10.2,5617,9.92,10.75,33.73493976,30.09704804,30.18328775,30.35576716,0
22958467,233918965,10.2,10.25,10.15,10.15,4523,9.92,10.75,27.71084337,29.30164649,29.88940733,31.06492901,0
20266508,206959720,10.25,10.35,10.1,10.1,4265,9.92,10.75,21.68674699,26.76334665,28.8473871,33.015468,0
16134741,161937310,10.15,10.2,10.0,10.0,3882,9.92,10.65,10.95890411,21.49519914,26.39665778,36.19957507,0
9522679,95356330,10.0,10.05,9.99,10.0,2232,9.92,10.65,10.95890411,17.9831008,23.59213879,34.81021477,0
16923811,169167149,10.0,10.05,9.98,9.98,3328,9.92,10.65,8.219178082,14.72845989,20.63757915,32.45581768,0
13839956,139020441,10.0,10.15,10.0,10.1,2499,9.92,10.35,41.86046512,23.77246163,21.68253998,17.50269668,0
9903094,100061085,10.1,10.15,10.05,10.1,2169,9.98,10.35,32.43243243,26.65911857,23.34139951,16.7059614,0
10408878,105425802,10.1,10.2,10.05,10.15,1564,9.98,10.35,45.94594595,33.08806103,26.59028668,13.59473799,0
12420651,126343898,10.2,10.2,10.1,10.2,2463,9.98,10.35,59.45945946,41.87852717,31.68636684,11.30204619,0
15947530,162181423,10.15,10.25,10.1,10.15,2690,9.98,10.35,45.94594595,43.23433343,35.53568904,20.13840026,0
13363746,136151005,10.2,10.25,10.1,10.15,2815,9.98,10.25,62.96296296,49.81054327,40.29397378,21.2608348,0
6169221,62653722,10.2,10.25,10.1,10.1,1205,9.98,10.25,44.44444444,48.02184366,42.86993041,32.5661039,0
9200375,92609750,10.1,10.15,10.0,10.05,1608,9.98,10.25,25.92592593,40.65653775,42.13213286,45.08332307,0
7060902,70737820,10.05,10.1,10.0,10.0,1460,10.0,10.25,0.0,27.1043585,37.12287474,57.15990721,0
5565593,55759280,10.0,10.05,10.0,10.0,1661,10.0,10.25,0.0,18.06957233,30.77177394,56.17617714,0
9741725,97107468,10.0,10.05,9.93,9.93,2433,9.93,10.25,0.0,12.04638156,24.52997648,49.49716632,0
5662686,56506291,9.99,10.05,9.94,9.94,1479,9.93,10.25,3.125,9.072587704,19.37751355,39.98736525,0
4898483,48735023,9.98,10.0,9.93,9.93,1752,9.93,10.25,0.0,6.048391803,14.93447297,32.7066353,0
14025686,138193125,9.94,9.97,9.79,9.81,4485,9.79,10.25,4.347826087,5.481536564,11.78349417,24.38740937,0
12780654,125130150,9.8,9.89,9.75,9.75,2671,9.75,10.25,0.0,3.654357709,9.073782015,19.91263063,1
4054143,39872847,9.78,9.89,9.78,9.83,1428,9.75,10.15,20.0,9.10290514,9.083489723,9.04465889,0
13197288,128559290,9.85,9.85,9.7,9.7,3796,9.7,10.1,0.0,6.068603426,8.078527624,12.09837602,0
16113428,155324233,9.7,9.76,9.55,9.62,4722,9.55,10.05,14.0,8.712402284,8.289819178,7.444652964,0
13596332,133023159,9.67,9.85,9.63,9.85,4150,9.55,10.05,60.0,25.80826819,14.12930218,-9.228629834,1
10131127,100281389,9.87,9.93,9.85,9.87,3423,9.55,10.05,64.0,38.53884546,22.26581661,-10.2802411,1
6087448,59968084,9.86,9.9,9.77,9.89,1602,9.55,10.0,75.55555556,50.87774882,31.80312735,-6.34611561,1
5252107,51798301,9.9,9.92,9.83,9.92,1256,9.55,9.97,88.0952381,63.28357858,42.29661109,0.322676112,1
3822151,37684659,9.9,9.9,9.83,9.86,1506,9.55,9.93,81.57894737,69.38203484,51.32508568,15.21118734,0
3391179,33397399,9.85,9.9,9.82,9.83,1051,9.55,9.93,73.68421053,70.8160934,57.82208825,31.83407795,0
5569435,54791074,9.83,9.86,9.81,9.86,1527,9.55,9.93,81.57894737,74.40371139,63.34929597,41.24046511,0
7035320,68932139,9.86,9.86,9.78,9.79,1559,9.55,9.93,63.15789474,70.65510584,65.78456592,56.04348609,0
8028050,78464707,9.82,9.85,9.73,9.76,2018,9.63,9.93,43.33333333,61.54784834,64.37232673,70.02128351,0
5924697,58419219,9.76,9.91,9.76,9.91,1952,9.73,9.93,90.0,71.03189889,66.59218412,57.71275457,0
6771019,67118795,9.91,9.94,9.88,9.93,1724,9.73,9.94,95.23809524,79.10063101,70.76166641,54.08373723,0
4122969,40850512,9.93,9.93,9.87,9.93,2009,9.73,9.94,95.23809524,84.47978575,75.33437286,57.04354708,0
7883694,77755267,9.93,9.93,9.8,9.87,2811,9.73,9.94,66.66666667,78.54207939,76.40360837,72.12666633,0
2956246,29142174,9.87,9.9,9.84,9.88,1009,9.73,9.94,71.42857143,76.17091007,76.32604227,76.63630667,0
3412820,33771868,9.9,9.92,9.85,9.89,1059,9.73,9.94,76.19047619,76.17743211,76.27650555,76.47465243,0
8728502,86940853,9.9,10.0,9.9,10.0,2368,9.73,10.0,100.0,84.11828807,78.89043306,68.43472303,0
5053209,50497799,10.05,10.05,9.96,9.98,1235,9.73,10.05,78.125,82.12052538,79.9671305,75.66034073,0
5991693,59548108,9.98,9.99,9.9,9.95,1360,9.76,10.05,65.51724138,76.58609738,78.84011946,83.34816362,0
12384744,121621346,9.95,9.96,9.75,9.8,3492,9.75,10.05,16.66666667,56.61295381,71.43106424,101.0672851,0
10130787,98680133,9.85,9.85,9.7,9.73,3219,9.7,10.05,8.571428571,40.59911206,61.15374685,102.2630164,0
3993212,38851695,9.77,9.78,9.7,9.72,1251,9.7,10.05,5.714285714,28.97083661,50.4261101,93.33665709,0
4805950,46699552,9.75,9.77,9.7,9.71,1400,9.7,10.05,2.857142857,20.26627203,40.37283075,80.58594818,0
8766141,84645621,9.75,9.76,9.62,9.63,2708,9.62,10.05,2.325581395,14.28604182,31.67723444,66.45961967,0
5871350,56592593,9.69,9.69,9.61,9.66,1891,9.61,10.05,11.36363636,13.31190667,25.55545851,50.04256221,0
3541978,34314310,9.68,9.71,9.66,9.71,1351,9.61,10.05,22.72727273,16.45036202,22.52042635,34.66055501,0
3727449,36421854,9.77,9.82,9.73,9.82,1100,9.61,9.99,55.26315789,29.38796064,24.80960445,15.65289205,0
5199342,50807029,9.82,9.83,9.72,9.8,1650,9.61,9.96,54.28571429,37.68721186,29.10214025,11.93199704,0
4855367,47315986,9.8,9.8,9.72,9.73,1591,9.61,9.85,50.0,41.79147457,33.33191836,16.41280593,0
2337584,22801627,9.73,9.78,9.73,9.75,760,9.61,9.83,63.63636364,49.07310426,38.57898033,17.59073246,0
9093742,87458301,9.74,9.74,9.58,9.62,2834,9.58,9.83,16.0,38.04873617,38.40223227,39.10922448,0
3749373,36115916,9.67,9.68,9.6,9.63,1363,9.58,9.83,20.0,32.03249078,36.27898511,44.77197377,0
8669596,82901737,9.6,9.6,9.55,9.55,2722,9.55,9.83,0.0,21.35499385,31.30432136,51.20297637,0
24206429,225780706,9.5,9.51,9.26,9.26,6986,9.26,9.83,0.0,14.23666257,25.61510176,48.37198015,0
10584760,98584494,9.29,9.4,9.22,9.26,3400,9.22,9.83,6.557377049,11.67690073,20.96903475,39.5533028,0
7473333,69493625,9.32,9.33,9.28,9.3,2112,9.22,9.83,13.1147541,12.15618519,18.03141823,29.78188432,0
10920152,101682690,9.3,9.4,9.27,9.33,3151,9.22,9.8,18.96551724,14.42596254,16.82959967,21.63687392,0
8743898,83250684,9.33,9.6,9.33,9.58,2630,9.22,9.78,64.28571429,31.04587979,21.56835971,2.613319544,1
5772733,54999791,9.58,9.6,9.48,9.48,2053,9.22,9.74,50.0,37.36391986,26.83354642,5.772799554,0
6935155,65309863,9.59,9.59,9.34,9.35,2616,9.22,9.68,28.26086957,34.32956976,29.33222087,19.33752309,0
5107269,48479501,9.35,9.55,9.35,9.51,1837,9.22,9.6,76.31578947,48.32497633,35.66313936,10.33946541,0
4379523,41764017,9.52,9.59,9.48,9.51,1638,9.22,9.6,76.31578947,57.65524738,42.99384203,13.67103133,0
4857582,45870762,9.48,9.52,9.4,9.47,1618,9.22,9.6,65.78947368,60.36665615,48.78478007,25.62102791,0
3696207,34719998,9.45,9.45,9.36,9.42,1492,9.27,9.6,45.45454545,55.39595258,50.98850424,42.17360756,0
6838235,65129730,9.5,9.57,9.45,9.55,1978,9.27,9.6,84.84848485,65.21346334,55.73015727,36.76354514,0
6890597,66518744,9.58,9.68,9.56,9.67,1849,9.33,9.68,97.14285714,75.85659461,62.43896972,35.60371994,0
13484947,129532232,9.69,9.7,9.58,9.6,1132,9.34,9.7,72.22222222,74.64513715,66.50769219,50.23280229,0
4940580,47446586,9.57,9.67,9.55,9.59,1166,9.34,9.7,69.44444444,72.91157291,68.6423191,60.10381148,0
3332367,31941505,9.55,9.66,9.55,9.57,1013,9.35,9.7,62.85714286,69.56009623,68.94824481,67.72454197,0
8835169,85599021,9.55,9.75,9.54,9.74,2338,9.36,9.75,97.43589744,78.85202996,72.24950653,59.04445965,0
5089374,49321386,9.74,9.75,9.67,9.69,1476,9.36,9.75,84.61538462,80.77314818,75.09072041,63.72586487,0
3250491,31534312,9.69,9.74,9.67,9.7,1296,9.36,9.75,87.17948718,82.90859451,77.69667845,67.27284631,0
3610660,35088578,9.69,9.75,9.69,9.7,1354,9.45,9.75,83.33333333,83.05017412,79.481177,72.34318277,0
7028598,68589867,9.7,9.79,9.7,9.79,1816,9.54,9.79,100.0,88.70011608,82.5541567,70.26223793,0
5439585,53141457,9.8,9.83,9.73,9.74,1604,9.54,9.83,68.96551724,82.12191647,82.41007662,82.98639692,0
7215686,70835863,9.75,9.85,9.75,9.85,1851,9.54,9.85,100.0,88.08127764,84.30047696,76.73887559,0
6268534,61717754,9.86,9.87,9.81,9.83,2178,9.54,9.87,87.87878788,88.01378106,85.53824499,80.58717287,0
5929166,58569567,9.83,9.9,9.82,9.86,1792,9.54,9.9,88.88888889,88.30548367,86.46065788,82.77100632,0
8002744,78237019,9.84,9.84,9.7,9.7,2590,9.67,9.9,13.04347826,63.21814853,78.71315477,109.7031672,1
7262188,70855756,9.7,9.83,9.7,9.83,2954,9.67,9.9,69.56521739,65.33383815,74.25338256,92.09247138,1
7404749,72609145,9.83,9.86,9.75,9.8,2153,9.69,9.9,52.38095238,61.01620956,69.84099156,87.49055556,0
9948753,98163346,9.85,9.9,9.81,9.89,3093,9.7,9.9,95.0,72.34413971,70.67537428,67.33784342,0
19806697,199343469,9.92,10.2,9.9,10.2,4757,9.7,10.2,100.0,81.56275981,74.30450279,59.78798875,0
31681350,325083889,10.35,10.35,10.1,10.3,4664,9.7,10.35,92.30769231,85.14440397,77.91780318,63.4646016,0
12845282,130713472,10.3,10.3,10.1,10.15,2843,9.7,10.35,69.23076923,79.83985906,78.55848847,75.9957473,0
13708486,137179240,10.15,10.2,9.92,10.0,2752,9.7,10.35,46.15384615,68.61118809,75.24272168,88.50578886,1
9756903,96903216,9.98,10.05,9.86,9.93,3022,9.7,10.35,35.38461538,57.53566386,69.34036907,92.9497795,0
9712505,96568576,9.96,10.0,9.91,9.96,2665,9.7,10.35,40.0,51.69044257,63.45706024,86.99029557,0
8396016,82479114,9.95,9.95,9.75,9.84,2187,9.75,10.35,15.0,39.46029505,55.45813851,87.45382543,0
8845814,86552883,9.81,9.87,9.75,9.75,1791,9.75,10.35,0.0,26.30686336,45.74104679,84.60941365,0
8941591,86970959,9.75,9.8,9.68,9.69,2162,9.68,10.35,1.492537313,18.03542135,36.50583831,73.44667224,0
4670465,45486096,9.75,9.79,9.71,9.73,1236,9.68,10.35,7.462686567,14.51117642,29.17428435,58.5005002,0
5284604,51662182,9.79,9.81,9.75,9.79,1436,9.68,10.3,17.74193548,15.58809611,24.64555493,42.76047259,0
5461214,53756894,9.8,9.88,9.8,9.87,1417,9.68,10.2,36.53846154,22.57155125,23.95422037,26.71955862,0
7816306,77004274,9.88,9.92,9.75,9.85,1258,9.68,10.05,45.94594595,30.36301615,26.09048563,17.5454246,0
5751496,56495650,9.85,9.86,9.81,9.81,975,9.68,10.0,40.625,33.78367743,28.6548829,18.39729383,0
5393444,53112148,9.81,9.88,9.78,9.86,1290,9.68,9.95,66.66666667,44.74467384,34.01814655,12.56509195,0
3835351,37865513,9.88,9.89,9.86,9.86,725,9.68,9.92,75.0,54.82978256,40.95535855,13.20651053,0
4196111,41322068,9.86,9.88,9.82,9.87,1222,9.68,9.92,79.16666667,62.94207726,48.28426479,18.96863984,0
6323766,62210687,9.87,9.93,9.78,9.91,1610,9.71,9.93,90.90909091,72.26441515,56.27764824,24.30411443,0
4069968,40234715,9.91,9.91,9.86,9.86,1472,9.75,9.93,61.11111111,68.54664713,60.36731454,44.00864935,0
5558642,54816742,9.9,9.9,9.83,9.83,2014,9.75,9.93,44.44444444,60.51257957,60.41573622,60.22204951,0
6530776,64053602,9.86,9.87,9.76,9.76,1708,9.75,9.93,5.555555556,42.19357157,54.34168133,78.63790087,0
6007285,59095477,9.8,9.87,9.77,9.84,1690,9.76,9.93,47.05882353,43.81532222,50.83289496,64.86804045,0
7812138,77262367,9.84,9.93,9.84,9.89,1519,9.76,9.93,76.47058824,54.70041089,52.12206694,46.96537903,0
6261455,60562208,9.69,9.7,9.65,9.65,1645,9.65,9.93,0.0,36.46694059,46.90369149,67.77719328,0
6223907,59715500,9.6,9.64,9.56,9.6,2034,9.56,9.93,10.81081081,27.91489733,40.57409344,65.89248565,0
7746978,73857136,9.56,9.6,9.5,9.59,1820,9.5,9.93,20.93023256,25.58667574,35.57828754,55.56151113,0
8091411,76866760,9.59,9.59,9.48,9.5,1898,9.48,9.93,4.444444444,18.53926531,29.89861346,52.61730977,0
6263652,59231354,9.46,9.51,9.43,9.45,1817,9.43,9.93,4.0,13.69284354,24.49669015,46.10438339,0
4944945,46819631,9.47,9.52,9.45,9.45,1294,9.43,9.93,4.0,10.46189569,19.81842533,38.53148462,0
5356478,50963771,9.47,9.58,9.42,9.56,1938,9.42,9.93,27.45098039,16.12492393,18.5872582,23.51192674,0
11849085,111149484,9.44,9.44,9.35,9.39,2845,9.35,9.93,6.896551724,13.04879986,16.74110542,24.12571654,0
9811260,91099912,9.32,9.35,9.27,9.27,2483,9.27,9.7,0.0,8.699199906,14.06047025,24.78301093,0
9003793,83209170,9.25,9.4,9.2,9.33,2544,9.2,9.64,29.54545455,15.64795145,14.58963065,12.47298904,0
7814817,71878711,9.2,9.24,9.16,9.2,2760,9.16,9.6,9.090909091,13.46227067,14.21384399,15.71699063,0
5305715,48919877,9.2,9.26,9.19,9.24,1795,9.16,9.59,18.60465116,15.1763975,14.53469516,13.25129048,0
6549863,60343099,9.24,9.27,9.18,9.23,2052,9.16,9.58,16.66666667,15.67315389,14.9141814,13.39623643,0
4968861,45728889,9.2,9.25,9.17,9.19,1617,9.16,9.58,7.142857143,12.82972164,14.21936148,16.99864116,0
8344272,76164253,9.19,9.2,9.1,9.1,2585,9.1,9.58,0.0,8.553147759,12.33062357,19.8855752,0
5838755,53219997,9.13,9.15,9.1,9.1,2031,9.1,9.44,0.0,5.702098506,10.12111522,18.95914864,0
7578932,68711468,9.09,9.14,9.02,9.04,2463,9.02,9.4,5.263157895,5.555784969,8.599338468,14.68644547,0
15100016,139905450,9.05,9.41,9.04,9.35,5681,9.02,9.41,84.61538462,31.90898485,16.3692206,-14.71030791,1
9897893,92168080,9.35,9.38,9.18,9.3,3625,9.02,9.41,71.79487179,45.2042805,25.98090723,-12.46583931,1
6611285,60911331,9.26,9.26,9.19,9.2,2157,9.02,9.41,46.15384615,45.52080238,32.49420561,6.441012077,0
3957811,36371968,9.2,9.22,9.16,9.22,1580,9.02,9.41,51.28205128,47.44121868,37.4765433,17.54719255,0
4054348,37225714,9.29,9.29,9.15,9.15,1409,9.02,9.41,33.33333333,42.73859023,39.23055895,32.21449638,0
2292753,21027096,9.15,9.2,9.15,9.2,1005,9.02,9.41,46.15384615,43.87700887,40.77937559,34.58410902,0
6699356,60971454,9.12,9.13,9.08,9.09,2123,9.02,9.41,17.94871795,35.23424523,38.9309988,46.32450595,0
13015367,118880206,9.11,9.18,9.08,9.18,2089,9.02,9.41,41.02564103,37.1647105,38.34223603,40.69728711,0
4744763,43286694,9.17,9.17,9.1,9.15,1277,9.04,9.41,29.72972973,34.68638357,37.12361855,41.99808849,0
10818356,98300806,9.11,9.15,9.06,9.09,2952,9.06,9.38,9.375,26.24925572,33.49883094,47.99798138,0
7732889,70941326,9.17,9.24,9.1,9.24,1948,9.06,9.29,78.26086957,43.58646033,36.86137407,23.41120154,0
2016257,18563098,9.24,9.24,9.18,9.23,536,9.06,9.29,73.91304348,53.69532138,42.47268984,20.02742676,0
3696777,34005831,9.22,9.23,9.16,9.2,1042,9.06,9.29,60.86956522,56.08673599,47.01070522,28.85864369,0
5805714,53420024,9.19,9.24,9.16,9.21,1799,9.06,9.24,83.33333333,65.16893511,53.06344852,28.85247534,0
5963625,54913384,9.23,9.23,9.19,9.22,1500,9.06,9.24,88.88888889,73.07558637,59.73416113,33.05131067,0
5013328,46311166,9.23,9.26,9.19,9.23,1858,9.06,9.26,85.0,77.05039091,65.50623773,42.41793136,0
3167562,29265674,9.24,9.29,9.21,9.23,1175,9.06,9.29,73.91304348,76.00460843,69.00569463,55.00786702,0
5455305,50323570,9.25,9.26,9.19,9.21,1727,9.06,9.29,65.2173913,72.40886939,70.14008622,65.60251987,0
4811661,44271158,9.21,9.25,9.16,9.16,1836,9.1,9.29,31.57894737,58.79889538,66.35968927,81.48127705,0
6165763,56977391,9.2,9.28,9.2,9.21,1610,9.16,9.29,38.46153846,52.01977641,61.57971832,80.69960213,0
9733331,89027326,9.2,9.21,9.11,9.12,3035,9.11,9.29,5.555555556,36.53170279,53.23037981,86.62773384,0
5759140,52519154,9.1,9.15,9.09,9.11,1849,9.09,9.29,10.0,27.68780186,44.71618716,78.77295776,0
8503332,78193454,9.13,9.24,9.13,9.24,2753,9.09,9.29,75.0,43.45853457,44.29696963,45.97383975,0
4736241,43719028,9.24,9.3,9.18,9.18,1392,9.09,9.3,42.85714286,43.25807067,43.95066998,45.33586859,0
6373418,58630653,9.19,9.21,9.16,9.21,1049,9.09,9.3,57.14285714,47.88633283,45.26255759,40.01500713,0
3510886,32378393,9.25,9.25,9.21,9.21,1067,9.09,9.3,57.14285714,50.97184093,47.16565204,39.55327425,0
4795768,43980029,9.21,9.22,9.14,9.15,1424,9.09,9.3,28.57142857,43.50503681,45.94544696,50.82626727,0
12134604,110496325,9.17,9.18,9.09,9.1,2234,9.09,9.3,4.761904762,30.59065946,40.82718446,61.30023447,0
6472867,58870998,9.16,9.16,9.06,9.09,1995,9.06,9.3,12.5,24.56043964,35.40493619,57.09392928,0
5123461,46601544,9.1,9.13,9.08,9.08,1629,9.06,9.3,8.333333333,19.15140421,29.98709219,51.65846817,0
4415748,40183534,9.1,9.15,9.08,9.1,1478,9.06,9.3,16.66666667,18.32315836,26.09911425,41.65102603,0
2304188,20949716,9.11,9.12,9.07,9.11,689,9.06,9.3,20.83333333,19.15988335,23.78603728,33.03834515,0
5272556,47824579,9.07,9.1,9.05,9.07,1519,9.05,9.25,10.0,16.1065889,21.22622116,31.46548567,0
12907035,116853516,9.07,9.1,9.03,9.07,2153,9.03,9.25,18.18181818,16.79833199,19.7502581,25.65411032,0
2601879,23678125,9.07,9.13,9.07,9.1,849,9.03,9.22,36.84210526,23.47958975,20.99336865,16.02092645,0
3815649,34780348,9.1,9.14,9.1,9.11,944,9.03,9.18,53.33333333,33.43083761,25.13919164,8.555899691,0
4646509,42188345,9.11,9.13,9.06,9.06,1795,9.03,9.16,23.07692308,29.97953277,26.75263868,20.29885051,0
11371886,103237900,9.12,9.14,9.05,9.06,3086,9.03,9.15,25.0,28.31968851,27.27498862,25.18558885,0
6072160,54961666,9.08,9.1,9.03,9.06,2150,9.03,9.15,25.0,27.21312567,27.25436764,27.33685157,0
8720416,79555118,9.06,9.16,9.06,9.16,2741,9.03,9.16,100.0,51.47541712,35.3280508,3.033318166,1
7338329,67334987,9.16,9.2,9.14,9.18,2022,9.03,9.2,88.23529412,63.72870945,44.79493702,6.927392149,0
7579086,69399638,9.18,9.19,9.11,9.19,1525,9.03,9.2,94.11764706,73.85835532,54.48274312,15.73151871,0
4920178,45228714,9.19,9.21,9.15,9.2,1401,9.03,9.21,94.44444444,80.72038503,63.22862375,28.24510121,0
6449321,59452393,9.21,9.24,9.18,9.22,1699,9.03,9.24,90.47619048,83.97232018,70.14318923,42.48492733,0
4529988,41527984,9.23,9.23,9.13,9.13,1663,9.03,9.24,47.61904762,71.85456266,70.71364704,68.4318158,0
5275840,48218860,9.13,9.17,9.12,9.13,1773,9.03,9.24,47.61904762,63.77605764,68.40111724,77.65123643,0
8672322,78956724,9.15,9.17,9.08,9.13,1872,9.03,9.24,47.61904762,58.39038764,65.06420737,78.41184684,0
7552294,68659066,9.15,9.15,9.07,9.09,1880,9.06,9.24,16.66666667,44.48248065,58.2036318,85.6459341,0
12880667,116696317,9.1,9.12,9.04,9.07,3515,9.04,9.24,15.0,34.6549871,50.35408356,81.7522765,0
5837585,52975690,9.08,9.1,9.05,9.1,1857,9.04,9.24,30.0,33.10332473,44.60383062,67.6048424,0
6597483,59840353,9.1,9.11,9.05,9.06,1687,9.04,9.24,10.0,25.40221649,38.20329258,63.80544475,0
2573604,23341915,9.08,9.09,9.05,9.07,971,9.04,9.24,15.0,21.93481099,32.78046538,54.47177416,0
4953278,45010625,9.08,9.11,9.06,9.1,1586,9.04,9.23,31.57894737,25.14952312,30.23681796,40.41140765,0
11977581,108632187,9.1,9.11,9.05,9.09,2359,9.04,9.17,38.46153846,29.58686157,30.02016583,30.88677435,0
11608012,105175170,9.1,9.11,9.05,9.06,2674,9.04,9.17,15.38461538,24.85277951,28.29770372,35.18755215,0
10610799,96064408,9.06,9.08,9.04,9.08,3226,9.04,9.15,36.36363636,28.68973179,28.42837974,27.90567565,0
8311196,75247951,9.1,9.1,9.04,9.05,2660,9.04,9.12,12.5,23.29315453,26.71663801,33.56360496,0
11964003,108075707,9.05,9.06,9.02,9.04,2859,9.02,9.11,22.22222222,22.93617709,25.45648437,30.49709892,0
6997115,63212815,9.05,9.05,9.03,9.03,2255,9.02,9.11,11.11111111,18.99448843,23.30248572,31.9184803,0
7092201,64063724,9.03,9.05,9.03,9.03,2151,9.02,9.11,11.11111111,16.36669599,20.99055581,30.23827545,0
6599820,59576856,9.03,9.04,9.02,9.03,1502,9.02,9.11,11.11111111,14.61483436,18.86531533,27.36627726,0
5659135,51180105,9.05,9.06,9.03,9.04,1718,9.02,9.11,22.22222222,17.15063032,18.29375366,20.58000034,0
5056651,45692935,9.04,9.05,9.03,9.05,1320,9.02,9.11,33.33333333,22.54486466,19.71079066,14.04264266,0
4753769,43093850,9.03,9.09,9.03,9.09,1320,9.02,9.1,87.5,44.19657644,27.87271925,-4.774995121,1
8866731,80655671,9.08,9.15,9.06,9.1,2171,9.02,9.15,61.53846154,49.9772048,35.2408811,5.768233698,0
5496183,49837014,9.08,9.09,9.05,9.05,1252,9.02,9.15,23.07692308,41.01044423,37.16406881,29.47131798,0
6679782,60425367,9.05,9.07,9.03,9.05,1728,9.02,9.15,23.07692308,35.03260384,36.45358049,39.29553378,0
8352073,75630707,9.06,9.08,9.05,9.05,1818,9.02,9.15,23.07692308,31.04737692,34.65151263,41.85978406,0
18609648,167927352,9.05,9.06,9.01,9.01,3078,9.01,9.15,0.0,20.69825128,30.00042552,48.60477399,0
7349769,66369368,9.05,9.05,9.02,9.03,2518,9.01,9.15,14.28571429,18.56073895,26.18719666,41.44011208,0
6656712,60071343,9.03,9.04,9.01,9.03,2310,9.01,9.15,14.28571429,17.13573073,23.17004135,35.23866259,0
11923667,107486144,9.02,9.04,9.0,9.01,2481,9.0,9.15,6.666666667,13.64604271,19.99537514,32.69403999,0
10189014,91802350,9.03,9.04,9.0,9.01,2520,9.0,9.15,6.666666667,11.31958403,17.10344477,28.67116624,0
9650533,86937527,9.01,9.04,9.0,9.04,2823,9.0,9.09,44.44444444,22.36120417,18.85603123,11.84568537,0
6908178,62261248,9.03,9.03,9.0,9.0,2084,9.0,9.08,0.0,14.90746944,17.53984397,22.80459302,0
9060699,81634101,9.01,9.04,9.0,9.0,2805,9.0,9.08,0.0,9.938312963,15.0060003,25.14137498,0
5798045,52217115,9.01,9.03,9.0,9.01,2541,9.0,9.06,16.66666667,12.18109753,14.06436604,17.83090307,0
3537629,31944821,9.01,9.05,9.01,9.04,1024,9.0,9.05,80.0,34.78739835,20.97204348,-6.658666265,1
5211076,47147709,9.04,9.08,9.02,9.05,1571,9.0,9.08,62.5,44.02493224,28.65633973,-2.080845274,1
5948956,53620191,9.03,9.05,9.0,9.01,1953,9.0,9.08,12.5,33.51662149,30.27643365,23.79605797,0
6729350,60741002,9.05,9.05,9.01,9.02,1895,9.0,9.08,25.0,30.67774766,30.41020499,29.87511964,0
8255014,74804993,9.08,9.08,9.04,9.07,2478,9.0,9.08,87.5,49.61849844,36.81296947,11.20191154,0
6196059,56043854,9.07,9.08,9.02,9.05,1554,9.0,9.08,62.5,53.91233229,42.51275708,19.71360665,0
6104770,55352346,9.08,9.09,9.05,9.09,1889,9.0,9.09,100.0,69.2748882,51.43346745,15.75062596,0
7111125,64629786,9.09,9.1,9.06,9.08,1861,9.0,9.1,80.0,72.84992546,58.57228679,30.01700944,0
8699627,79294509,9.1,9.15,9.08,9.15,1638,9.0,9.15,100.0,81.89995031,66.34817463,35.24462327,0
11711880,106521359,9.16,9.17,9.06,9.06,2138,9.0,9.17,35.29411765,66.36467276,66.353674,66.3316765,0
6505620,59169803,9.1,9.12,9.08,9.12,1329,9.0,9.17,70.58823529,67.77252693,66.82662498,64.93482107,0
3970183,36135794,9.12,9.13,9.08,9.12,1161,9.01,9.17,68.75,68.09835129,67.25053375,65.55489867,0
3078055,28075600,9.11,9.14,9.09,9.14,998,9.02,9.17,80.0,72.06556753,68.85554501,62.43549997,0
2701840,24649571,9.14,9.15,9.11,9.13,525,9.02,9.17,73.33333333,72.48815613,70.06641538,65.22293389,0
3528701,32141799,9.14,9.14,9.1,9.12,1022,9.05,9.17,58.33333333,67.76988186,69.30090421,72.3629489,0
5083601,46190336,9.12,9.12,9.07,9.1,1263,9.06,9.17,36.36363636,57.30113336,65.30098059,81.30067506,0
4862186,44104465,9.08,9.09,9.06,9.06,1142,9.06,9.17,0.0,38.20075558,56.26757225,92.40120561,0
4341250,39409404,9.06,9.12,9.05,9.12,1065,9.05,9.17,58.33333333,44.91161483,52.48225311,67.62352968,0
4890608,44414334,9.12,9.13,9.06,9.06,1535,9.05,9.15,10.0,33.27440989,46.0796387,71.69009634,0
7312653,66000061,9.07,9.07,9.01,9.01,1857,9.01,9.15,0.0,22.18293992,38.11407244,69.97633748,0
5551589,50064011,9.02,9.04,9.01,9.02,1576,9.01,9.15,7.142857143,17.169579,31.13257463,59.05856589,0
10229631,92063579,9.02,9.02,8.98,9.0,2097,8.98,9.15,11.76470588,15.36795463,25.87770129,46.89719463,0
8213432,73963784,9.01,9.05,8.99,9.0,1933,8.98,9.14,12.5,14.41196975,22.05579078,37.34343284,0
7776462,70167557,9.0,9.05,9.0,9.05,1588,8.98,9.13,46.66666667,25.16353539,23.09170565,18.94804617,0
6684463,60233907,9.01,9.04,9.0,9.03,2046,8.98,9.13,33.33333333,27.88680137,24.69007089,18.29660993,0
6097045,54977775,9.05,9.05,9.0,9.05,2416,8.98,9.13,46.66666667,34.14675647,27.84229942,15.23338531,0
5194724,46787476,9.05,9.05,9.0,9.01,1817,8.98,9.13,20.0,29.43117098,28.37192327,26.25342785,0
6107569,54948257,9.01,9.02,8.99,9.0,1599,8.98,9.07,22.22222222,27.02818806,27.92401153,29.71565848,0
6889003,61921711,9.03,9.03,8.98,8.99,2339,8.98,9.05,14.28571429,22.7806968,26.20957329,33.06732627,0
6381287,57397866,9.0,9.02,8.98,8.98,1476,8.98,9.05,0.0,15.1871312,22.53542593,37.23201538,0
44053792,356920011,8.1,8.2,8.09,8.09,8777,8.09,9.05,0.0,10.12475413,18.39853533,34.94609772,0
20088743,161569821,8.0,8.09,8.0,8.02,5286,8.0,9.05,1.904761905,7.384756724,14.72727579,29.41231393,0
29818088,228323794,7.91,7.93,7.5,7.93,8428,7.5,9.05,27.74193548,14.17048298,14.54167819,15.28406861,0
17944221,143090742,7.89,8.1,7.76,8.05,4546,7.5,9.05,35.48387097,21.27494564,16.78610067,7.808410737,0
16254098,131432014,8.1,8.2,7.97,8.07,3724,7.5,9.05,36.77419355,26.44136161,20.00452099,7.130839736,0
23949127,198699564,8.16,8.42,8.16,8.34,5143,7.5,9.03,54.90196078,35.928228,25.31242332,4.080813969,0
13340794,110438860,8.33,8.35,8.17,8.32,3187,7.5,9.03,53.59477124,41.81707575,30.81397413,8.8077709,0
9913348,81628851,8.25,8.3,8.15,8.3,2089,7.5,9.02,52.63157895,45.42191015,35.68328614,16.20603812,0
7137686,59334764,8.31,8.35,8.28,8.29,1925,7.5,8.42,85.86956522,58.90446184,43.42367804,12.46211044,0
9780785,81664132,8.28,8.4,8.26,8.38,2027,7.5,8.42,95.65217391,71.1536992,52.66701842,15.69365688,0
20334244,174539161,8.41,8.69,8.41,8.5,4737,7.5,8.69,84.03361345,75.44700395,60.26034693,29.8870329,0
9484497,80514966,8.5,8.54,8.45,8.48,2556,7.76,8.69,77.41935484,76.10445424,65.54171604,44.41623962,0
6380229,53490239,8.4,8.43,8.31,8.42,1635,7.97,8.69,62.5,71.56963616,67.55102274,59.51379591,0
5659174,47423618,8.37,8.4,8.35,8.4,1429,8.15,8.69,46.2962963,63.14518954,66.08241168,71.95685595,0
12373695,106126718,8.4,8.65,8.4,8.56,3048,8.15,8.69,75.92592593,67.405435,66.52341945,64.75938835,0
10930936,94221226,8.6,8.69,8.57,8.6,2588,8.15,8.69,83.33333333,72.71473445,68.58719112,60.33210446,0
10340583,89260778,8.6,8.66,8.56,8.63,2762,8.26,8.69,86.04651163,77.15866017,71.44434747,60.01572206,0
16064724,135917194,8.55,8.56,8.4,8.4,4377,8.26,8.69,32.55813953,62.29181996,68.39350497,80.59687498,0
9017148,75492279,8.33,8.45,8.3,8.4,2587,8.3,8.69,25.64102564,50.07488852,62.28729948,86.71212141,0
13936469,115392935,8.3,8.33,8.22,8.24,3507,8.22,8.69,4.255319149,34.80169873,53.12543257,89.77290024,0
23622446,191564240,8.21,8.21,8.01,8.16,4681,8.01,8.69,22.05882353,30.55407366,45.60164627,75.69679147,0
13879765,112399055,8.02,8.25,8.0,8.06,3909,8.0,8.69,8.695652174,23.26793317,38.15707523,67.93535936,1
14332084,115156172,8.09,8.13,8.01,8.01,3875,8.0,8.69,1.449275362,15.99504723,30.76973257,60.31910323,0
14418205,116742009,8.0,8.2,8.0,8.2,3867,8.0,8.69,28.98550725,20.32520057,27.2882219,41.21426456,0
12820298,106352742,8.24,8.34,8.21,8.32,3565,8.0,8.66,48.48484848,29.71174988,28.09606456,24.86469393,0
12255877,99661805,8.25,8.25,8.1,8.1,4122,8.0,8.56,17.85714286,25.7602142,27.31744777,30.43191491,0
19536169,156321732,8.01,8.05,7.97,7.98,5800,7.97,8.45,2.083333333,17.86792058,24.16760538,36.76697497,0
17622644,141762128,7.91,8.12,7.91,8.1,4397,7.91,8.34,44.18604651,26.64062922,24.99194666,21.69458153,0
15109961,121487129,8.03,8.15,7.99,7.99,4370,7.91,8.34,18.60465116,23.96196987,24.64862106,26.02192345,0
24935594,192719795,7.99,7.99,7.61,7.66,7086,7.61,8.34,6.849315068,18.2577516,22.51833124,31.03949052,1
37907660,270838144,7.2,7.28,7.01,7.28,7484,7.01,8.34,20.30075188,18.9387517,21.32513806,26.09791079,0
26999376,189812346,7.28,7.28,6.98,6.98,6795,6.98,8.34,0.0,12.62583446,18.42537019,30.02444166,0
28964382,190498654,6.7,6.75,6.49,6.49,7683,6.49,8.34,0.0,8.417222976,15.08932112,28.43351741,1
37949187,232961710,6.5,6.53,5.95,6.0,10010,5.95,8.25,2.173913043,6.336119665,12.1715873,23.84252258,1
40341975,226030301,5.85,5.85,5.5,5.5,9965,5.5,8.15,0.0,4.224079777,9.522418127,20.11909483,1
40334010,237921911,5.65,6.05,5.64,5.74,9329,5.5,8.15,9.056603774,5.834921109,8.293252454,13.20991515,1
33378767,200144431,5.72,6.18,5.52,6.1,7771,5.5,8.15,22.64150943,11.43711722,9.341207375,5.149387692,1
35449832,227513441,6.1,6.68,6.1,6.38,8625,5.5,7.99,35.34136546,19.40519997,12.69587157,-0.722785215,1
47562422,329896395,6.8,7.01,6.75,7.01,9337,5.5,7.28,84.83146067,41.21395354,22.20189889,-15.82221039,0
32929642,232410668,7.22,7.4,6.9,7.01,7801,5.5,7.4,79.47368421,53.96719709,32.79033163,-9.563399307,1
26556660,183685590,7.15,7.15,6.8,6.8,8205,5.5,7.4,68.42105263,58.78514894,41.45527073,6.795514314,1
18067086,122097262,6.7,6.91,6.52,6.76,4433,5.5,7.4,66.31578947,61.29536245,48.06863464,21.61517901,0
22999212,154319771,6.88,6.97,6.6,6.61,6295,5.5,7.4,58.42105263,60.33725918,52.15817615,35.8000101,0
18153361,118702777,6.63,6.65,6.5,6.53,6173,5.52,7.4,53.72340426,58.13264087,54.14966439,46.18371143,0
22592670,145055663,6.54,6.55,6.3,6.49,6027,5.52,7.4,51.59574468,55.95367547,54.75100142,52.34565331,0
20669803,136502415,6.6,6.72,6.5,6.63,5336,6.1,7.4,40.76923077,50.89219391,53.46473225,58.60980893,0
35259533,242425088,6.63,7.08,6.5,7.03,8523,6.3,7.4,66.36363636,56.04934139,54.32626863,50.8801231,0
59569471,436948021,7.05,7.69,7.04,7.32,12872,6.3,7.69,73.38129496,61.82665925,56.82639884,46.82587801,0
18803906,135202293,7.25,7.3,7.06,7.22,4946,6.3,7.69,66.18705036,63.28012295,58.97764021,50.37267472,0
13503296,97238778,7.25,7.3,7.13,7.18,3324,6.3,7.69,63.30935252,63.28986614,60.41504885,54.66541427,0
15844773,114377885,7.15,7.25,7.15,7.23,4310,6.3,7.69,66.90647482,64.49540237,61.77516669,56.33469534,0
25694688,189959909,7.26,7.47,7.26,7.42,7009,6.3,7.69,80.57553957,69.8554481,64.46859383,53.69488528,1
25408538,183149209,7.31,7.31,7.18,7.18,7280,6.3,7.69,63.30935252,67.67341624,65.53686797,61.26377141,1
22439086,161723647,7.25,7.29,7.17,7.17,5067,6.5,7.69,56.30252101,63.88311783,64.98561792,67.1906181,0
15663708,110361806,7.15,7.15,7.0,7.08,4717,6.5,7.69,48.7394958,58.83524382,62.93549322,71.13599202,1
15258233,107027584,7.08,7.1,7.0,7.0,4872,7.0,7.69,0.0,39.22349588,55.03149411,86.64749056,0
11420132,78899734,6.92,7.0,6.76,6.98,3940,6.76,7.47,30.98591549,36.47763575,48.84687465,73.58535246,1
10798992,75841474,6.99,7.12,6.97,7.04,3200,6.76,7.47,39.43661972,37.46396374,45.05257102,60.22978557,0
10734312,75144297,7.02,7.03,6.93,7.03,2350,6.76,7.47,38.02816901,37.65203216,42.58572473,52.45310987,0
12579002,89211401,7.07,7.12,7.04,7.12,3383,6.76,7.47,50.70422535,42.00276323,42.39140423,43.16868624,0
56454275,419836984,7.19,7.59,7.19,7.59,12683,6.76,7.59,100.0,61.33517548,48.70599465,23.44763298,0
69837441,561528715,7.67,8.17,7.67,8.12,16399,6.76,8.17,96.45390071,73.04141723,56.81780217,24.37057207,0
54102509,447472232,8.21,8.5,8.13,8.25,14839,6.76,8.5,85.63218391,77.23833945,63.62464793,36.3972649,0
24577973,193937082,7.8,8.0,7.73,8.0,6542,6.76,8.5,71.26436782,75.24701557,67.49877048,52.00228029,0
13393701,106033118,8.0,8.0,7.88,7.91,3502,6.76,8.5,66.09195402,72.19532839,69.06428978,62.80221257,0
21202426,164605946,7.91,7.92,7.7,7.7,6084,6.93,8.5,49.04458599,64.47841426,67.53566461,73.65016531,0
11947112,93132792,7.65,7.9,7.61,7.79,4132,6.93,8.5,54.77707006,61.24463286,65.43865402,73.82669636,0
14084366,110407108,7.9,7.9,7.8,7.81,4561,7.04,8.5,52.73972603,58.40966391,63.09565732,72.46764414,0
22631759,183147724,7.99,8.24,7.98,8.06,5467,7.19,8.5,66.41221374,61.07718052,62.42283172,65.11413412,0
22595721,181301233,8.03,8.18,7.95,8.13,5408,7.61,8.5,58.42696629,60.19377578,61.67981307,64.65188766,0
14473576,116968117,8.04,8.12,8.01,8.07,4999,7.61,8.5,51.68539326,57.35764827,60.23909147,66.00197788,0
12595513,101677061,8.03,8.15,8.01,8.04,3136,7.61,8.24,68.25396825,60.98975493,60.48931263,59.48842801,0
10859161,87041548,8.11,8.12,7.94,8.03,2767,7.61,8.24,66.66666667,62.88205884,61.2868947,58.09656641,0
7615918,61042324,8.0,8.07,7.99,8.0,2032,7.61,8.24,61.9047619,62.5562932,61.71002753,60.0174962,0
51509346,425416385,8.2,8.35,8.12,8.34,15305,7.61,8.35,98.64864865,74.58707835,66.0023778,48.83297672,0
37512475,318335773,8.6,8.65,8.33,8.33,9733,7.8,8.65,62.35294118,70.50903262,67.50459608,61.49572298,0
19259660,163175573,8.4,8.55,8.4,8.45,4517,7.94,8.65,71.83098592,70.94968372,68.65295863,64.05950843,0
13616094,112978294,8.44,8.44,8.2,8.24,3907,7.94,8.65,42.25352113,61.38429619,66.23007115,75.92162106,0
13313297,109799941,8.24,8.35,8.18,8.26,2764,7.94,8.65,45.07042254,55.9463383,62.8021602,76.51380399,0
12948296,107551600,8.3,8.37,8.26,8.26,3385,7.94,8.65,45.07042254,52.32103305,59.30845115,73.28328735,0
12520034,104713419,8.31,8.41,8.3,8.4,3196,7.94,8.65,64.78873239,56.47693283,58.36461171,62.13996947,0
13045150,109021921,8.46,8.47,8.26,8.34,3518,7.99,8.65,53.03030303,55.32805623,57.35242655,61.40116719,0
23405764,191783217,8.3,8.3,8.15,8.2,5026,8.12,8.65,15.09433962,41.91681736,52.20722349,72.78803574,0
10592705,87915277,8.24,8.33,8.24,8.33,2807,8.15,8.65,36.0,39.94454491,48.11966396,64.46990207,0
5112457,42442711,8.35,8.35,8.26,8.31,1640,8.15,8.55,40.0,39.96302994,45.40078595,56.27629798,0
12992259,108532016,8.36,8.4,8.31,8.36,2732,8.15,8.47,65.625,48.51701996,46.43953062,42.28455195,0
25529549,214928827,8.44,8.55,8.36,8.42,7483,8.15,8.55,67.5,54.84467997,49.24124707,38.03438127,0
76041073,665053182,8.5,9.0,8.5,8.77,16673,8.15,9.0,72.94117647,60.87684547,53.11977987,37.60564867,0
42747185,377839599,8.98,8.99,8.78,8.83,11539,8.15,9.0,80.0,67.25123031,57.83026335,38.98832943,0
16330516,144287758,8.94,8.94,8.8,8.83,5155,8.15,9.0,80.0,71.50082021,62.38711564,44.1597065,0
15190263,133500234,8.83,8.83,8.77,8.8,3887,8.15,9.0,76.47058824,73.15740955,65.97721361,51.61682173,0
15958180,138993314,8.8,8.84,8.6,8.63,4553,8.24,9.0,51.31578947,65.87686953,65.94376558,66.07755769,0
16171120,134907425,8.2,8.46,8.12,8.46,3902,8.12,9.0,38.63636364,56.7967009,62.89474402,75.09083027,0
9763709,81916560,8.5,8.5,8.3,8.46,2887,8.12,9.0,38.63636364,50.74325514,58.84424773,75.0462329,0
15736815,132709329,8.5,8.54,8.4,8.48,7656,8.12,9.0,40.90909091,47.4652004,55.05123195,70.22329506,1
21893545,183144802,8.58,8.58,8.31,8.4,7374,8.12,9.0,31.81818182,42.24952754,50.78399715,67.85293636,0
15786660,131066373,8.4,8.4,8.28,8.28,4158,8.12,8.99,18.3908046,34.29661989,45.28820473,67.2713744,0
13348396,110319215,8.28,8.33,8.25,8.25,2855,8.12,8.94,15.85365854,28.14896611,39.57512519,62.42744335,0
10982288,90028520,8.25,8.25,8.17,8.17,3258,8.12,8.84,6.944444444,21.08079222,33.41034753,58.06945816,0
7227816,59406372,8.17,8.28,8.17,8.23,2279,8.12,8.84,15.27777778,19.14645407,28.65571638,47.67424099,0
14660716,122603265,8.29,8.4,8.28,8.39,3204,8.12,8.58,58.69565217,32.32952011,29.88031762,24.98191265,0
11401261,93716785,8.32,8.32,8.17,8.2,3262,8.17,8.58,7.317073171,23.99203779,27.91755768,35.76859745,0
6985822,57404656,8.29,8.29,8.2,8.2,2033,8.17,8.58,7.317073171,18.43371625,24.7562772,37.4013991,0
4960542,40724554,8.21,8.25,8.19,8.22,1747,8.17,8.58,12.19512195,16.35418482,21.95557974,33.15836959,0
5465601,44795535,8.23,8.23,8.18,8.19,1515,8.17,8.4,8.695652174,13.8013406,19.23750003,30.10981888,0
6082486,50057911,8.2,8.28,8.2,8.22,1656,8.17,8.4,21.73913043,16.44727055,18.30742354,22.02772951,0
9782874,80654839,8.22,8.28,8.22,8.22,2430,8.17,8.4,21.73913043,18.21122384,18.27535697,18.40362323,0
14881498,123403463,8.24,8.39,8.2,8.37,3808,8.17,8.4,86.95652174,41.12632314,25.89234569,-4.575609199,1
10800802,90018314,8.38,8.4,8.28,8.28,2679,8.17,8.4,47.82608696,43.35957775,31.71475638,8.425113643,0
13444987,110760054,8.29,8.33,8.2,8.2,3357,8.17,8.4,13.04347826,33.25421125,32.227908,30.17530151,0
12704885,104094785,8.2,8.27,8.15,8.15,3521,8.15,8.4,0.0,22.16947417,28.87509672,42.28634184,0
13821982,112034001,8.15,8.17,8.08,8.1,3274,8.08,8.4,6.25,16.86298278,24.87105874,40.88721067,0
14664521,117603236,8.1,8.1,8.0,8.0,3979,8.0,8.4,0.0,11.24198852,20.32803533,38.50012897,0
8433837,67696528,8.02,8.08,8.0,8.01,2441,8.0,8.4,2.5,8.327992346,16.32802101,32.32807832,0
13794370,112191464,8.07,8.18,8.05,8.11,3332,8.0,8.4,27.5,14.71866156,15.79156786,17.93738045,0
7626474,61973218,8.2,8.2,8.1,8.12,1777,8.0,8.4,30.0,19.81244104,17.13185892,11.77069467,0
3815609,30900828,8.18,8.18,8.06,8.12,1195,8.0,8.4,30.0,23.20829403,19.15733729,11.05542381,0
6473571,52403433,8.12,8.13,8.07,8.07,2107,8.0,8.33,21.21212121,22.54290309,20.28585922,15.77177149,0
5378349,43448421,8.07,8.12,8.06,8.1,1680,8.0,8.27,37.03703704,27.37428107,22.64866651,13.19743737,0
7121112,57193550,8.1,8.1,8.01,8.01,2055,8.0,8.2,5.0,19.91618738,21.73784013,25.38114563,0
9034999,72285572,8.01,8.06,7.98,7.98,2433,7.98,8.2,0.0,13.27745825,18.91771284,30.19822201,0
10918929,85767944,7.97,7.97,7.8,7.8,3294,7.8,8.2,0.0,8.851638836,15.56235484,28.98378684,0
16249920,123411058,7.75,7.75,7.53,7.56,4398,7.53,8.2,4.47761194,7.393629871,12.83944652,23.7310798,0
6909821,53252025,7.53,7.8,7.5,7.73,2362,7.5,8.2,32.85714286,15.88146753,13.85345352,9.797425498,0
4206552,32530032,7.73,7.8,7.67,7.78,1516,7.5,8.18,41.17647059,24.31313522,17.34001409,3.393771825,0
15327982,121749567,7.9,8.03,7.88,7.99,2412,7.5,8.13,77.77777778,42.13468274,25.60490364,-7.454654564,1
9068831,70834018,7.92,7.92,7.76,7.81,2453,7.5,8.12,50.0,44.75645516,31.98875414,6.453352116,0
8507817,65604497,7.8,7.8,7.7,7.71,4005,7.5,8.1,35.0,41.50430344,35.16060391,22.47320485,0
9958140,76252826,7.72,7.75,7.62,7.63,5249,7.5,8.06,23.21428571,35.40763086,35.24294623,34.91357695,0
8374176,64696751,7.69,7.82,7.67,7.78,2213,7.5,8.03,52.83018868,41.21515014,37.23368086,29.27074232,0
38004104,310651460,8.38,8.39,8.01,8.02,8692,7.5,8.39,58.42696629,46.95242219,40.47326131,27.51493954,0
46128228,383055759,8.25,8.4,8.18,8.39,8966,7.5,8.4,98.88888889,64.26457775,48.40370012,16.68194486,1
26253551,218744953,8.45,8.5,8.22,8.24,5352,7.62,8.5,70.45454545,66.32790032,54.37843352,30.47949992,0
10179928,83561415,8.24,8.26,8.15,8.18,2747,7.62,8.5,63.63636364,65.43072143,58.06252949,43.32614562,0
26894216,216362306,8.17,8.17,7.92,8.01,6485,7.62,8.5,44.31818182,58.39320822,58.17275573,57.73185076,0
18841992,152097730,8.01,8.2,7.96,8.08,5552,7.62,8.5,52.27272727,56.35304791,57.56618646,59.99246356,0
27125667,220331659,8.08,8.2,8.04,8.11,4507,7.62,8.5,55.68181818,56.12930467,57.08722586,59.00306825,0
13600850,110014875,8.15,8.16,8.05,8.1,2851,7.67,8.5,51.80722892,54.68861275,56.28768816,59.48583897,0
13545662,109223095,8.1,8.13,8.02,8.02,3827,7.92,8.5,17.24137931,42.2062016,51.59385931,70.36917471,0
44773992,364649022,8.02,8.3,8.01,8.05,9229,7.92,8.5,22.4137931,35.6087321,46.26548357,67.57898651,1
31056047,255007355,8.14,8.29,8.08,8.2,5440,7.92,8.5,48.27586207,39.83110876,44.12069197,52.69985838,0
25501185,209468549,8.23,8.29,8.06,8.29,5607,7.92,8.3,97.36842105,59.01021286,49.0838656,29.23117108,0
102713980,875507507,8.41,8.75,8.33,8.37,17107,7.92,8.75,54.21686747,57.41243106,51.86005408,40.75530013,0
59504053,500771025,8.37,8.63,8.3,8.3,10440,7.96,8.75,43.03797468,52.6209456,52.11368459,51.09916257,0
52129985,428898225,8.35,8.38,8.12,8.36,9743,8.01,8.75,47.2972973,50.84639617,51.69125512,53.38097301,0
98510281,840450263,8.4,8.69,8.25,8.63,17931,8.01,8.75,83.78378378,61.82552537,55.0693452,41.55698486,0
343150319,2961832669,8.76,9.0,8.54,8.54,28873,8.01,9.0,53.53535354,59.06213476,56.40027505,51.07655564,0
63081449,549418156,8.67,8.81,8.63,8.71,10539,8.01,9.0,70.70707071,62.94378008,58.58144339,49.85677003,0
36618152,319962194,8.74,8.79,8.67,8.76,8069,8.06,9.0,74.46808511,66.78521509,61.31603396,50.3776717,0
93600339,839907119,8.78,9.1,8.77,9.06,17539,8.06,9.1,96.15384615,76.57475878,66.40227556,46.05730914,0
57541891,516420053,8.93,9.06,8.88,8.98,12153,8.12,9.1,87.75510204,80.30153986,71.03536366,52.50301126,0
86480652,795608696,9.04,9.48,9.02,9.12,16280,8.12,9.48,73.52941176,78.04416383,73.37163039,64.0265635,0
49328882,455692648,9.16,9.35,9.1,9.24,9028,8.12,9.48,82.35294118,79.48042295,75.40789457,67.26283783,0
60914541,569343515,9.18,9.48,9.12,9.48,12158,8.25,9.48,100.0,86.32028196,79.04535704,64.49550718,0
65944612,620566760,9.5,9.66,9.2,9.23,14793,8.54,9.66,61.60714286,78.08256893,78.72442767,80.00814514,0
63405276,580009782,9.32,9.4,8.92,9.2,13040,8.63,9.66,55.33980583,70.50164789,75.98350108,86.94720744,0
62553877,565448069,9.36,9.37,8.9,8.91,12829,8.67,9.66,24.24242424,55.08190668,69.01630294,96.88509548,1
30670591,275442349,8.91,9.06,8.8,9.0,5710,8.77,9.66,25.84269663,45.33550333,61.12270307,92.69710256,0
30986484,276691080,9.08,9.08,8.88,8.92,6533,8.8,9.66,13.95348837,34.87483168,52.37341261,87.37057447,0
21514335,191028030,8.98,8.98,8.81,8.82,5032,8.8,9.66,2.325581395,24.02508158,42.92396893,80.72174363,0
34838555,303181263,8.8,8.83,8.65,8.66,8254,8.65,9.66,0.99009901,16.34675406,34.06489731,69.5011838,1
35632009,303764963,8.66,8.67,8.43,8.46,8617,8.43,9.66,2.43902439,11.71084417,26.61354626,56.41895045,0
23901871,198831795,8.36,8.39,8.23,8.3,6496,8.23,9.66,4.895104895,9.438931078,20.88867453,43.78816144,0
29322684,240666813,8.3,8.36,8.15,8.16,6865,8.15,9.4,0.8,6.559287385,16.11221215,35.21806168,0
38449358,311855442,8.11,8.24,8.07,8.07,9035,8.07,9.37,0.0,4.372858257,12.19909419,27.85156604,1
23240275,188928863,8.2,8.25,8.06,8.1,5492,8.06,9.08,3.921568627,4.22242838,9.540205584,20.17575999,1
38366638,322269049,8.19,8.57,8.12,8.53,8600,8.06,9.08,46.07843137,18.17442938,12.41828018,0.90598179,0
18820850,157661447,8.5,8.5,8.3,8.31,4668,8.06,8.98,27.17391304,21.17425727,15.33693921,3.662303098,0
8761142,72913123,8.38,8.4,8.25,8.28,2337,8.06,8.83,28.57142857,23.63998103,18.10461982,7.033897385,0
13552821,114221953,8.42,8.52,8.35,8.47,3770,8.06,8.67,67.21311475,38.16435894,24.79119953,-1.955119305,1
12877125,109544627,8.45,8.58,8.42,8.53,3247,8.06,8.58,90.38461538,55.57111109,35.05117005,-5.988712037,1
7633180,65017393,8.46,8.58,8.43,8.5,1968,8.06,8.58,84.61538462,65.2525356,45.1182919,4.849804496,0
9945233,84649549,8.59,8.61,8.45,8.5,2551,8.06,8.61,80.0,70.16835707,53.46831362,20.06822673,0
10698498,90553260,8.53,8.55,8.42,8.44,2837,8.06,8.61,69.09090909,69.80920774,58.91527833,37.1274195,0
16322878,138802567,8.56,8.57,8.44,8.55,3889,8.12,8.61,87.75510204,75.79117251,64.54057639,42.03938415,0
16453000,141463758,8.56,8.67,8.52,8.52,3779,8.25,8.67,64.28571429,71.95601977,67.01239085,57.12513301,0
9955703,85430120,8.55,8.63,8.51,8.6,2626,8.25,8.67,83.33333333,75.74845762,69.92441311,58.27632407,0
9503702,81471883,8.61,8.63,8.53,8.55,2169,8.35,8.67,62.5,71.33230508,70.39371043,68.51652113,0
7877549,67490953,8.56,8.63,8.53,8.58,1884,8.42,8.67,64.0,68.88820339,69.89187475,71.89921747,0
15917543,137438729,8.6,8.67,8.6,8.65,3599,8.42,8.67,92.0,76.59213559,72.12529503,63.19161391,0
9785379,84589789,8.66,8.68,8.61,8.61,2793,8.42,8.68,73.07692308,75.42039809,73.22366272,68.83019197,0
11772015,101921705,8.64,8.68,8.62,8.66,3920,8.42,8.68,92.30769231,81.04949616,75.83227386,65.39782927,0
20307725,178354261,8.69,8.84,8.68,8.8,4701,8.44,8.84,90.0,84.03299744,78.56584839,67.63155029,0
26000354,232037097,8.86,8.99,8.85,8.9,6956,8.51,8.99,81.25,83.10533163,80.07900947,74.02636515,0
15457779,136112112,8.9,8.9,8.7,8.79,3802,8.51,8.99,58.33333333,74.84799886,78.33533927,85.31002007,0
19689077,174858471,8.89,8.99,8.8,8.81,4278,8.53,8.99,60.86956522,70.18852098,75.61973317,86.48215755,0
29045623,255236125,8.8,8.92,8.61,8.83,6179,8.53,8.99,65.2173913,68.53147776,73.25698137,82.70798859,0
25922031,227710746,8.92,8.96,8.64,8.75,5778,8.6,8.99,38.46153846,58.50816466,68.34070913,88.00579807,0
12535729,108560100,8.75,8.78,8.62,8.63,3049,8.61,8.99,5.263157895,40.75982907,59.14708244,95.92158919,0
7769982,67142794,8.64,8.68,8.6,8.65,2018,8.6,8.99,12.82051282,31.44672365,49.91362951,86.84744123,0
8130216,70544828,8.7,8.75,8.58,8.68,2312,8.58,8.99,24.3902439,29.09456374,42.97394092,70.73269529,0
13278420,114528695,8.7,8.74,8.58,8.58,4313,8.58,8.99,0.0,19.39637582,35.11475256,66.55150602,0
55201519,457013833,8.2,8.39,8.2,8.32,12647,8.2,8.99,15.18987342,17.99420836,29.40790449,52.23529676,0
21256670,178538300,8.3,8.48,8.29,8.41,5113,8.2,8.99,26.58227848,20.8568984,26.55756912,37.95891058,0
82643001,764447690,9.25,9.25,9.25,9.25,11696,8.2,9.25,100.0,47.23793226,33.4510235,5.877205985,0
149137565,1342793156,9.17,9.18,8.8,9.1,34800,8.2,9.25,85.71428571,60.06338341,42.32181014,6.838663595,1
34835678,315400380,9.0,9.19,8.97,9.01,7233,8.2,9.25,77.14285714,65.75654132,50.1333872,18.88707896,1
23016429,204725074,9.01,9.04,8.8,8.88,5145,8.2,9.25,64.76190476,65.4249958,55.23059007,34.8417786,0
16875085,150454461,8.98,8.99,8.89,8.91,3965,8.2,9.25,67.61904762,66.15634641,58.87250885,44.30483373,0
47273192,429825224,9.15,9.15,9.02,9.05,14942,8.2,9.25,80.95238095,71.08835792,62.94445854,46.65665977,0
53724871,493148547,9.08,9.3,9.04,9.22,11957,8.2,9.3,92.72727273,78.30132952,68.06341554,47.58758756,0
21636861,198189651,9.22,9.22,9.12,9.14,4644,8.29,9.3,84.15841584,80.25369163,72.1268409,55.87313944,0
17754280,161713974,9.14,9.18,9.08,9.1,4494,8.8,9.3,60.0,73.50246109,72.58538096,70.75122071,0
20724236,188493239,9.11,9.15,9.06,9.09,5096,8.8,9.3,58.0,68.33497406,71.16857866,76.83578787,0
56345954,521145853,9.13,9.34,9.09,9.24,12417,8.8,9.34,81.48148148,72.7171432,71.68476684,69.62001412,0
173275942,1692657009,9.43,10.05,9.32,9.88,30225,8.8,10.05,86.4,77.27809547,73.54920972,66.09143821,0
94979488,950244859,9.93,10.1,9.9,10.0,16745,8.89,10.1,91.73553719,82.09724271,76.39855405,65.00117672,0
51172559,510833814,10.05,10.1,9.9,10.05,11118,9.02,10.1,95.37037037,86.5216186,79.7729089,66.2754895,0
53568716,532083176,10.0,10.1,9.78,9.78,11378,9.04,10.1,69.81132075,80.95151931,80.16577904,78.59429848,0
30343082,297489652,9.78,9.92,9.66,9.84,7009,9.06,10.1,75.0,78.96767954,79.76641254,81.36387853,0
147079116,1513205812,9.98,10.7,9.96,10.25,24745,9.06,10.7,72.56097561,76.83211157,78.78831221,82.70071351,0
143455576,1523497590,10.4,10.8,10.3,10.8,22761,9.06,10.8,100.0,84.55474104,80.71045516,73.02188338,0
130946172,1426394235,11.0,11.2,10.7,10.85,23515,9.09,11.2,83.41232227,84.17393479,81.86494837,77.24697553,0
57393441,611380855,10.85,10.9,10.55,10.55,12807,9.32,11.2,65.42553191,77.92446716,80.55145463,85.80542957,0
56324853,605305355,10.55,10.9,10.3,10.8,11323,9.66,11.2,74.02597403,76.62496945,79.24262624,84.47793981,0
52186482,562323674,10.8,10.95,10.6,10.75,11036,9.66,11.2,70.77922078,74.67638656,77.72054635,83.80886592,0
44338963,470936813,10.65,10.8,10.5,10.6,8814,9.66,11.2,61.03896104,70.13057805,75.19055691,85.31051464,0
41046834,434569421,10.75,10.75,10.4,10.5,7719,9.66,11.2,54.54545455,64.93553688,71.7722169,85.44557695,0
112124035,1219555494,10.5,11.15,10.35,11.0,16890,9.96,11.2,83.87096774,71.24734717,71.59726033,72.29708664,0
359384838,4236249626,11.2,12.1,11.05,11.7,45057,10.3,12.1,77.77777778,73.42415737,72.20622601,69.77036328,0
191288503,2297524250,12.0,12.35,11.7,11.9,33279,10.3,12.35,78.04878049,74.96569841,73.12605014,69.44675361,1
82412676,965843157,11.9,12.0,11.6,11.75,16726,10.3,12.35,70.73170732,73.55436805,73.26882278,72.69773224,0
185383572,2238974639,11.7,12.45,11.6,12.15,31734,10.3,12.45,86.04651163,77.71841591,74.75202049,68.81922965,1
232638813,2963855152,12.2,13.1,12.2,12.95,41863,10.35,13.1,94.54545455,83.32742879,77.61048992,66.17661219,1
236423171,2945442134,12.9,13.15,11.75,11.9,51482,10.35,13.15,55.35714286,74.00400014,76.40832666,81.2169797,1
146660420,1687360683,11.8,11.8,11.0,11.7,31320,10.35,13.15,48.21428571,65.40742867,72.74136066,87.40922466,0
75763802,910072442,11.9,12.25,11.8,11.9,16433,10.35,13.15,55.35714286,62.0573334,69.18001824,83.42538793,0
66489948,798723328,12.05,12.2,11.9,11.95,11574,11.0,13.15,44.18604651,56.10023777,64.82009142,82.25979871,1
135271589,1656848648,12.0,12.55,11.95,12.2,26917,11.0,13.15,55.81395349,56.00480968,61.88166417,73.63537316,0
109456720,1334627893,12.3,12.45,11.95,12.3,20147,11.0,13.15,60.46511628,57.49157854,60.41830229,66.2717498,0
52760559,638861462,12.35,12.35,12.0,12.15,12000,11.0,13.15,53.48837209,56.15717639,58.99792699,64.6794282,0
101304098,1228024924,12.2,12.35,12.0,12.05,20086,11.0,13.15,48.8372093,53.71718736,57.23768045,64.27866662,0
106852175,1252959990,12.05,12.05,11.6,11.7,24870,11.0,13.15,32.55813953,46.66417142,53.71317744,67.81118948,0
75172652,852566176,11.65,11.7,11.15,11.35,18688,11.0,12.55,22.58064516,38.63632933,48.6875614,68.79002555,0
68429910,774330214,11.3,11.65,11.1,11.15,15775,11.1,12.55,3.448275862,26.90697818,41.427367,70.46814463,0
87498727,949701319,11.35,11.35,10.65,10.8,18143,10.65,12.55,7.894736842,20.5695644,34.47476613,62.28516959,0
51715653,567486374,10.8,11.15,10.8,11.05,11258,10.65,12.55,21.05263158,20.73058679,29.89337302,48.21894547,0
30808276,335651098,11.05,11.05,10.8,10.9,7258,10.65,12.45,13.88888889,18.45002082,26.07892229,41.33672521,0
56011376,594734016,10.9,10.9,10.5,10.55,13989,10.5,12.35,2.702702703,13.20091478,21.78625312,38.95692979,1
32420163,345227255,10.55,10.85,10.55,10.6,7395,10.5,12.35,5.405405405,10.60241166,18.05830597,32.97009458,0
18044301,192097650,10.6,10.75,10.6,10.6,4401,10.5,12.05,6.451612903,9.218812073,15.111808,26.89779986,0
58417869,600870185,10.6,10.6,10.15,10.25,14277,10.15,11.7,6.451612903,8.29641235,12.84000945,21.92720365,1
57373056,589325885,10.0,10.55,9.97,10.5,11304,9.97,11.65,31.54761905,16.04681458,13.90894449,9.633204319,0
30856212,321955474,10.55,10.65,10.3,10.45,5724,9.97,11.35,34.7826087,22.29207929,16.70332276,5.525809702,0
33187814,337423354,10.3,10.4,10.05,10.1,7354,9.97,11.15,11.01694915,18.53370258,17.31344936,14.87294294,0
24333543,247149695,10.15,10.4,10.05,10.1,5556,9.97,11.05,12.03703704,16.3681474,16.99834871,18.25875133,0
29457371,297906693,10.1,10.25,10.0,10.2,5350,9.97,10.9,24.7311828,19.15582586,17.71750776,14.84087155,0
20137874,204007979,10.1,10.25,10.05,10.15,3649,9.97,10.85,20.45454545,19.58873239,18.3412493,15.84628313,0
34483018,352020308,10.15,10.4,10.1,10.25,5580,9.97,10.75,35.8974359,25.02496689,20.56915517,11.65753171,0
134394347,1450430850,10.6,11.1,10.55,10.9,19754,9.97,11.1,82.30088496,44.11693958,28.41841664,-2.978629246,0
159491607,1791528689,10.7,11.5,10.6,11.45,32856,9.97,11.5,96.73202614,61.65530177,39.49737835,-4.818468491,1
121920267,1366638153,11.6,11.75,10.85,11.0,21694,10.0,11.75,57.14285714,60.15115356,46.38197009,18.84360314,0
76111588,842038679,11.1,11.3,10.75,11.3,12650,10.0,11.75,74.28571429,64.8626738,52.54220466,27.90126637,1
87982160,993130567,11.55,11.6,11.1,11.25,16987,10.0,11.75,71.42857143,67.05130634,57.37857189,38.03310297,0
57993956,656081395,11.45,11.45,11.2,11.2,8128,10.0,11.75,68.57142857,67.55801375,60.77171918,47.19913002,0
28720595,322103713,11.25,11.3,11.15,11.25,5151,10.05,11.75,70.58823529,68.5680876,63.37050865,52.97535075,0
169844704,1977739861,11.4,11.85,11.3,11.65,27749,10.1,11.85,88.57142857,75.23586792,67.32562841,51.50514938,1
126310489,1503995970,12.35,12.4,11.65,11.8,21509,10.55,12.4,67.56756757,72.67976781,69.11034154,61.97148901,0
67750217,790763844,11.65,11.8,11.5,11.8,12386,10.6,12.4,66.66666667,70.67540076,69.63202795,67.54528232,0
51173236,593996542,11.7,11.8,11.5,11.55,11361,10.75,12.4,48.48484848,63.27855,67.51420196,75.98550589,0
207081711,2448028348,11.7,12.0,11.5,11.85,24637,10.75,12.4,66.66666667,64.40792222,66.47877538,70.62048171,0
287032696,3582600690,12.2,12.95,12.1,12.3,49623,11.1,12.95,64.86486486,64.56023644,65.8392624,68.39731433,0
119392924,1458796123,12.5,12.55,12.0,12.05,23906,11.15,12.95,50.0,59.70682429,63.79511636,71.97170051,0
573605882,7418455055,12.35,13.25,12.2,13.25,76659,11.15,13.25,100.0,73.13788286,66.90937186,54.45234987,0
1013047949,13878018555,13.1,14.25,12.8,14.0,158558,11.3,14.25,91.52542373,79.26706315,71.02860229,54.55168058,0
619529680,8945293465,14.6,15.1,13.8,13.8,110702,11.5,15.1,63.88888889,74.14100506,72.06606988,67.91619952,1
415350716,5812784758,13.95,14.5,13.45,14.3,64663,11.5,15.1,77.77777778,75.35326263,73.1618008,68.77887713,0
358981976,5144958669,14.2,14.65,13.9,13.9,55912,11.5,15.1,66.66666667,72.45773065,72.92711075,73.86587095,1
181071351,2491272294,13.6,14.0,13.5,13.65,34328,11.5,15.1,59.72222222,68.21256117,71.35559422,77.64166033,0
175171103,2403436245,14.05,14.25,13.35,13.5,33255,12.0,15.1,48.38709677,61.60407304,68.10508716,81.10711541,0
264848079,3687339011,13.7,14.3,13.4,14.25,45962,12.0,15.1,72.58064516,65.26293041,67.15770158,70.94724391,0
154304230,2161861371,14.05,14.25,13.8,13.8,30938,12.2,15.1,55.17241379,61.89942487,65.40494268,72.41597828,0
91531960,1274921450,13.9,14.1,13.8,14.0,16606,12.8,15.1,52.17391304,58.6575876,63.15582432,72.15229776,0
213298610,3030017005,14.05,14.45,13.9,14.15,34431,13.35,15.1,45.71428571,54.34315364,60.21826742,71.968495,0
124191355,1769109618,14.25,14.45,14.05,14.15,22433,13.35,14.65,61.53846154,56.7415896,59.05937482,63.69494524,0
304035516,4441778528,14.35,14.85,14.3,14.5,47178,13.35,14.85,76.66666667,63.38328196,60.5006772,54.73546768,0
254776586,3783635273,14.7,15.1,14.6,14.75,45705,13.35,15.1,80.0,68.92218797,63.30784746,52.07916642,1
165223359,2437248486,14.9,15.1,14.55,14.6,37357,13.35,15.1,71.42857143,69.75764912,65.45778134,56.85804579,1
178614327,2650551455,14.75,15.05,14.65,14.95,33114,13.4,15.1,91.17647059,76.89725628,69.27093966,54.01830641,1
270523413,4225024859,15.1,16.05,15.05,15.75,58390,13.8,16.05,86.66666667,80.15372641,72.89853524,58.3881529,1
175569770,2697575525,15.85,15.9,15.1,15.1,48571,13.8,16.05,57.77777778,72.69507686,72.83071578,73.10199362,1
101902592,1541018731,14.9,15.4,14.9,15.05,25051,13.9,16.05,53.48837209,66.29284194,70.6514245,79.36858962,0
91183208,1358753574,15.2,15.2,14.6,14.75,24489,14.05,16.05,35.0,55.86189463,65.72158121,85.44095438,0
92653600,1388764881,14.95,15.15,14.8,15.05,17463,14.3,16.05,42.85714286,51.52697737,60.9900466,79.91618505,1
148214429,2286520457,15.3,15.6,15.15,15.45,27986,14.55,16.05,60.0,54.35131825,58.77713715,67.62877495,0
106527393,1638418128,15.7,15.7,15.2,15.2,22838,14.55,16.05,43.33333333,50.67865661,56.07764363,66.87561768,0
66258761,1010277895,15.25,15.45,15.15,15.25,14820,14.6,16.05,44.82758621,48.72829981,53.62786236,63.42698746,0
116490275,1758308783,15.3,15.35,14.85,15.25,26967,14.6,16.05,44.82758621,47.42806194,51.56126222,59.82766278,0
75356824,1145031557,15.45,15.5,15.1,15.15,16791,14.6,15.9,42.30769231,45.72127206,49.61459883,57.40125238,0
110138827,1687922349,15.25,15.45,15.15,15.3,20690,14.6,15.7,63.63636364,51.69296925,50.30738897,47.53622841,0
284792489,4528848239,15.45,16.3,15.4,16.25,55463,14.6,16.3,97.05882353,66.81492068,55.80989954,33.79985727,0
340561220,5625746835,16.5,17.0,16.0,16.2,70816,14.8,17.0,63.63636364,65.75540167,59.12506692,45.86439742,0
226436998,3774343893,16.4,17.15,16.1,17.1,46707,14.85,17.15,97.82608696,76.4456301,64.89858798,41.80450374,0
493638762,8739274116,17.15,18.7,16.75,17.4,98853,14.85,18.7,66.23376623,73.04167547,67.61295048,56.75550048,1
416304201,7330875483,17.8,18.35,16.65,17.45,83392,14.85,18.7,67.53246753,71.20527283,68.81039126,64.02062812,1
215065490,3822376664,17.45,18.05,17.3,17.65,40556,14.85,18.7,72.72727273,71.71260613,69.77779622,65.90817639,1
190843690,3436376557,17.8,18.3,17.6,18.3,37199,15.1,18.7,88.88888889,77.43803371,72.33120872,62.11755872,1
347467226,6661869161,18.35,19.8,18.3,19.55,78757,15.15,19.8,94.62365591,83.16657445,75.94299729,61.49584298,0
250835983,4818739048,19.5,19.6,18.75,19.4,58358,15.4,19.8,90.90909091,85.74741327,79.21113595,66.13858132,0
358588102,7273686352,19.6,20.7,19.35,20.55,79889,16.0,20.7,96.80851064,89.43444572,82.61890588,68.98782618,0
537373496,11581227541,21.0,22.6,20.0,20.6,137090,16.1,22.6,69.23076923,82.69988689,82.64589955,82.53792486,0
348070593,7190787406,21.6,21.75,20.0,20.4,82252,16.65,22.6,63.02521008,76.14166129,80.47782013,89.15013781,0
335496273,6668353972,19.5,20.35,19.1,20.1,87840,16.65,22.6,57.98319328,70.08883862,77.01482629,90.86680164,0
206698825,4244095585,20.2,20.9,20.15,20.7,49534,17.3,22.6,64.1509434,68.10954021,74.0463976,85.92011237,0
365822730,8018871057,21.15,22.7,21.1,22.2,86494,17.6,22.7,90.19607843,75.47171962,74.52150494,72.62107558,0
306769243,6608147797,22.6,22.8,20.85,21.2,77065,18.3,22.8,64.44444444,71.79596123,73.61299037,77.24704865,0
247400726,5034224226,20.5,20.95,19.85,19.9,69821,18.75,22.8,28.39506173,57.32899473,68.18499182,89.89698601,0
378871108,7128422138,19.95,20.65,17.95,18.0,91365,17.95,22.8,1.030927835,38.56297243,58.31098536,97.80701121,1
212740840,3910406653,18.05,19.0,17.1,18.45,50628,17.1,22.8,23.68421053,33.60338513,50.07511861,83.01858559,1
165869384,3075631285,18.75,19.2,17.7,18.25,37948,17.1,22.8,20.1754386,29.12740295,43.09254673,71.02283428,1
297428825,5086211237,17.8,18.0,16.5,17.25,74697,16.5,22.8,11.9047619,23.3865226,36.52387202,62.79857085,0
243899424,4233901754,16.75,17.8,16.6,17.8,52344,16.5,22.8,20.63492063,22.46932195,31.83902199,50.57842209,1
274598572,4648289053,17.1,17.8,16.05,16.4,67041,16.05,22.8,5.185185185,16.70794303,26.79532901,46.97010096,1
308747229,4692908434,16.1,16.35,14.8,14.8,66629,14.8,22.8,0.0,11.13862868,21.5764289,42.45202933,1
318604334,4678186818,13.9,15.35,13.55,15.3,60049,13.55,20.95,23.64864865,15.30863534,19.48716438,27.84422246,1
173696846,2668363089,15.85,16.2,14.7,15.1,40274,13.55,20.65,21.83098592,17.4827522,18.81902698,21.49157656,0
165897778,2334984245,14.0,14.8,13.6,13.7,33322,13.55,19.2,2.654867257,12.54012388,16.72605928,25.09793009,0
134299347,1973571412,14.35,15.05,13.8,15.05,26638,13.55,19.2,26.54867257,17.20964011,16.88725289,16.24247846,1
203340752,3170690556,15.2,16.05,15.05,15.85,43708,13.55,18.0,51.68539326,28.70155783,20.82535454,5.07294796,0
107317341,1655121279,15.45,15.95,15.1,15.1,23249,13.55,17.8,36.47058824,31.29123463,24.31398124,10.35947445,0
91596943,1403448551,15.3,15.75,15.1,15.4,17073,13.55,17.8,43.52941176,35.37062701,27.99952983,13.25733546,0
103588372,1601766772,15.1,15.8,14.95,15.35,20744,13.55,16.35,64.28571429,45.00898943,33.6693497,10.99007022,0
64736178,996017928,15.55,15.7,15.15,15.35,14308,13.55,16.2,67.9245283,52.64750239,39.99540059,14.691197,0
78510542,1212950454,15.35,15.65,15.1,15.6,12450,13.6,16.2,76.92307692,60.73936057,46.91005392,19.25144062,1
311718715,5221797995,15.75,17.15,15.55,17.15,52933,13.6,17.15,100.0,73.82624038,55.88211607,19.99386746,0
370407128,6697992620,17.75,18.45,17.65,18.1,81497,13.8,18.45,92.47311828,80.04186635,63.93536616,31.7223658,0
184435544,3284208706,18.35,18.35,17.5,17.55,47987,14.95,18.45,74.28571429,78.12314899,68.66462711,49.74758333,0
227836692,4147087537,17.85,18.85,17.4,18.8,50963,14.95,18.85,98.71794872,84.98808223,74.10577882,52.34117198,0
324333998,6122730313,18.7,19.4,18.4,18.65,70100,14.95,19.4,83.14606742,84.37407729,77.52854498,63.83748034,0
172162649,3517594340,20.0,20.5,20.0,20.5,30614,14.95,20.5,100.0,89.5827182,81.54660272,65.47437175,1
1281795252,27753568495,21.4,22.55,20.5,20.5,276719,15.1,22.55,72.48322148,83.88288596,82.3253638,79.21031947,0
447258524,8738659807,20.75,20.75,18.6,18.85,115570,15.1,22.55,50.33557047,72.70044746,79.11705835,91.95028013,0
287056545,5619152161,19.0,20.0,18.95,19.65,66695,15.55,22.55,58.57142857,67.9907745,75.40829707,90.2433422,0
189834385,3620972031,19.65,19.7,18.65,18.8,56088,17.4,22.55,27.18446602,54.38867167,68.40175527,96.42792246,1
153811613,2872137026,19.0,19.25,18.25,18.85,39862,17.4,22.55,28.15533981,45.64422772,60.81591275,91.15928282,1
122220235,2296823348,19.05,19.2,18.55,18.6,34093,17.4,22.55,23.30097087,38.19647544,53.27610031,83.43535007,0
96716425,1820241337,18.5,19.2,18.5,18.75,24343,18.25,22.55,11.62790698,29.34028595,45.29749552,77.21191468,0
158109674,3008648221,19.0,19.4,18.6,18.7,38851,18.25,22.55,10.46511628,23.04856273,37.88118459,67.54642832,1
79005416,1489190634,18.7,19.2,18.5,19.15,20349,18.25,22.55,20.93023256,22.34245267,32.70160728,53.41991651,0
164747656,3195164438,19.15,19.75,18.9,19.35,43756,18.25,20.75,44.0,29.56163511,31.65494989,35.84157946,0
603963845,12440627657,19.4,21.25,19.35,21.15,158511,18.25,21.25,96.66666667,51.92997896,38.41329292,11.37992082,0
813534568,17337271560,21.8,22.5,19.8,19.9,200629,18.25,22.5,38.82352941,47.56116245,41.46258276,29.26542339,1
224575419,4391343182,20.15,20.4,19.1,19.5,64924,18.25,22.5,29.41176471,41.5113632,41.47884291,41.41380232,0
132493222,2628476651,19.6,20.25,19.35,19.75,35915,18.5,22.5,31.25,38.0909088,40.34953154,44.86677701,1
147358654,2944773948,19.9,20.45,19.6,20.05,39635,18.5,22.5,38.75,38.31060587,39.66988965,42.38845721,0
123578689,2420385249,19.75,19.9,19.35,19.5,36314,18.5,22.5,25.0,33.87373724,37.73783885,45.46604205,0
142206149,2712387526,19.45,19.5,18.9,19.0,44094,18.5,22.5,12.5,26.74915816,34.07494529,48.72651953,0
99398752,1917213001,19.15,19.6,19.0,19.05,26798,18.9,22.5,4.166666667,19.221661,29.12385052,48.92822957,0
123993111,2399478224,19.4,19.7,19.05,19.15,29811,18.9,22.5,6.944444444,15.12925548,24.45898551,43.11844557,0
62354276,1192721804,19.35,19.4,19.0,19.0,18983,18.9,22.5,2.777777778,11.01209625,19.97668909,37.90587477,0
76166679,1453484426,19.1,19.3,18.85,19.2,19884,18.85,20.45,21.875,14.63306416,18.19548078,25.32031401,1
74747500,1448470217,19.3,19.6,19.1,19.3,20375,18.85,20.45,28.125,19.13037611,18.50711256,17.26058545,0
93502465,1806740309,19.4,19.75,19.0,19.1,27172,18.85,20.45,15.625,17.96191741,18.32538084,19.05230771,0
88993026,1694299933,19.15,19.4,18.75,19.15,23918,18.75,19.9,34.7826087,23.5688145,20.07319206,13.08194718,0
63039125,1194777231,19.05,19.25,18.8,18.8,21033,18.75,19.75,5.0,17.37920967,19.17519793,22.76717445,1
60853796,1138946710,19.05,19.15,18.5,18.6,22218,18.5,19.75,8.0,14.25280645,17.53440077,24.09758941,0
131195453,2360674970,18.65,18.75,17.7,17.8,48075,17.7,19.75,4.87804878,11.12788722,15.39889625,23.94091431,1
88339786,1543004103,17.7,18.0,17.05,17.55,28107,17.05,19.75,18.51851852,13.59143099,14.79640783,17.20636152,1
87633547,1601323288,17.7,18.6,17.7,18.6,25228,17.05,19.75,57.40740741,28.19675646,19.26319071,1.396059202,0
54361884,993610057,18.45,18.65,18.05,18.2,16919,17.05,19.75,42.59259259,32.99536851,23.84058331,5.531012912,1
29499343,533715378,18.05,18.3,17.95,18.2,9226,17.05,19.75,42.59259259,36.1944432,27.95853661,11.48672341,0
38745232,687969244,17.8,17.95,17.65,17.75,15796,17.05,19.4,29.78723404,34.05870681,29.99192668,21.8583664,0
74372217,1293881166,18.0,18.15,17.0,17.15,25327,17.0,19.25,6.666666667,24.92802677,28.30396004,35.05582658,0
48175829,828620261,17.45,17.55,17.0,17.2,13800,17.0,19.15,9.302325581,19.7194597,25.44245993,36.88846037,0
62904044,1116043754,17.3,18.1,17.25,17.95,17014,17.0,18.75,54.28571429,31.24154456,27.37548814,19.64337529,0
42333027,755155378,18.2,18.25,17.6,17.65,14291,17.0,18.65,39.39393939,33.95900951,29.56999526,20.79196677,0
50295561,904475705,18.1,18.3,17.7,17.7,15265,17.0,18.65,42.42424242,36.78075381,31.97358145,22.35923671,0
36356273,635822595,17.7,18.0,17.1,17.45,11946,17.0,18.65,27.27272727,33.61141163,32.51952484,30.33575126,0
25479444,448682527,17.65,17.8,17.35,17.8,7964,17.0,18.3,61.53846154,42.92042827,35.98649265,22.11862142,0
27719938,484058631,17.8,17.8,17.25,17.25,10117,17.0,18.3,19.23076923,35.02387526,35.66562019,36.94911005,0
35623490,612952407,17.25,17.45,17.0,17.4,9489,17.0,18.3,30.76923077,33.60566043,34.97896693,37.72557994,0
24872446,426432969,17.2,17.35,17.05,17.15,8630,17.0,18.3,11.53846154,26.24992746,32.06928711,43.7080064,0
23552611,404329688,17.15,17.3,17.05,17.15,6761,17.0,18.3,11.53846154,21.34610549,28.49489324,42.79246873,0
26327212,452557016,17.3,17.4,17.05,17.1,7520,17.0,18.3,7.692307692,16.79483956,24.59487534,40.19494692,0
53686493,917755981,17.1,17.35,16.9,17.1,13868,16.9,18.3,14.28571429,15.95846447,21.71607172,33.23128622,0
142540186,2653371020,18.1,18.8,18.0,18.8,30247,16.9,18.8,100.0,43.97230964,29.13481769,-0.540166209,0
222536044,4033326507,18.7,18.7,17.6,17.8,51448,16.9,18.8,47.36842105,45.10434678,34.45799406,13.16528861,0
131152778,2311426721,17.7,18.0,17.2,17.45,25420,16.9,18.8,28.94736842,39.71868733,36.21155848,29.19730078,0
52764542,930702470,17.8,17.9,17.45,17.55,11812,16.9,18.8,34.21052632,37.88263366,36.76858354,34.5404833,0
120675489,2155231351,17.75,18.2,17.35,17.45,27918,16.9,18.8,28.94736842,34.90421191,36.14712633,38.63295517,0
55296703,949083471,17.45,17.5,17.0,17.1,15705,16.9,18.8,10.52631579,26.77824654,33.0241664,45.51600612,0
42546022,725448270,17.05,17.25,16.9,17.0,12368,16.9,18.8,5.263157895,19.60655032,28.55162771,46.44178247,0
74252113,1241790965,16.8,17.15,16.2,17.0,21972,16.2,18.8,30.76923077,23.32744381,26.81023307,33.77581161,0
46390450,785408764,17.0,17.25,16.7,16.7,14101,16.2,18.8,19.23076923,21.96188561,25.19411725,31.65858053,0
32662039,542941399,16.7,16.95,16.45,16.55,9961,16.2,18.7,14.0,19.30792374,23.23205275,31.08031076,0
64085238,1101719309,16.9,17.4,16.9,17.3,17221,16.2,18.2,55.0,31.2052825,25.889796,15.258823,0
42591388,730443134,17.25,17.45,17.0,17.0,10351,16.2,18.2,40.0,34.136855,28.63881566,17.642737,0
39197865,674898490,17.2,17.35,17.0,17.3,8194,16.2,18.2,55.0,41.09123666,32.78962266,16.18639466,1
54628636,942529825,17.6,17.65,17.05,17.05,12166,16.2,17.65,58.62068966,46.93438766,37.50454433,18.64485767,0
31429645,541401151,17.05,17.4,16.95,17.25,8006,16.2,17.65,72.4137931,55.42752281,43.47887049,19.58156585,0
24147334,415777322,17.45,17.45,17.1,17.15,6992,16.2,17.65,65.51724138,58.79076233,48.58283444,28.16697865,0
24413345,421170365,17.15,17.35,17.1,17.25,6104,16.45,17.65,66.66666667,61.41606378,52.86057755,35.7496051,0
26308634,449836617,17.25,17.35,17.0,17.05,7331,16.45,17.65,50.0,57.61070918,54.44395476,48.11044592,0
36487810,615051913,17.1,17.1,16.7,16.75,13629,16.7,17.65,5.263157895,40.16152542,49.68314498,68.7263841,1
40061233,663582121,16.8,16.9,16.5,16.5,15158,16.5,17.65,0.0,26.77435028,42.04688008,72.59193968,1
57976315,933789348,16.5,16.5,15.95,15.95,21829,15.95,17.65,0.0,17.84956685,33.98110901,66.24419331,0
29373498,471102828,15.9,16.3,15.85,16.0,9331,15.85,17.65,8.333333333,14.67748901,27.54656901,53.284729,0
22462175,356230487,16.0,16.05,15.8,15.8,8812,15.8,17.45,0.0,9.784992676,21.62604356,45.30814534,0
29407234,457246301,15.7,15.8,15.4,15.55,9804,15.4,17.45,7.317073171,8.962352841,17.40481332,34.28973429,0
24270821,384917315,15.65,16.1,15.6,16.1,8203,15.4,17.35,35.8974359,17.94071386,17.58344684,16.86891279,0
17841151,287046372,16.15,16.25,15.95,16.05,6193,15.4,17.35,33.33333333,23.07158702,19.4128269,12.09530665,0
10307848,164937481,16.1,16.15,15.9,15.95,3847,15.4,17.1,32.35294118,26.16537174,21.66367518,12.66028205,0
16013191,252619568,15.9,15.95,15.7,15.75,5859,15.4,16.9,23.33333333,25.22135894,22.84956976,18.10599142,0
12552774,197146696,15.8,15.85,15.6,15.75,4553,15.4,16.5,31.81818182,27.4202999,24.37314647,18.27883963,0
25115632,400838898,15.8,16.1,15.7,15.95,6237,15.4,16.3,61.11111111,38.6505703,29.13228775,10.09572265,0
18142704,284706364,15.65,15.85,15.5,15.75,6676,15.4,16.25,41.17647059,39.49253706,32.58570419,18.77203844,0
24964839,400265179,15.85,16.2,15.8,16.1,7110,15.4,16.25,82.35294118,53.77933843,39.65024894,11.39206994,0
22169581,360062758,16.2,16.4,16.15,16.2,6888,15.5,16.4,77.77777778,61.77881822,47.0264387,17.52167966,0
40697166,676705434,16.3,16.9,16.25,16.75,11116,15.5,16.9,89.28571429,70.94778357,55.00022032,23.10509382,0
40334525,679190385,16.7,17.1,16.35,16.95,11417,15.5,17.1,90.625,77.50685571,62.50243212,32.49358493,0
32559372,546370548,16.65,17.05,16.6,16.75,8972,15.5,17.1,78.125,77.71290381,67.57258935,47.29196043,0
63707877,1095505564,16.75,17.4,16.75,17.2,16895,15.5,17.4,89.47368421,81.63316394,72.25944755,53.51201476,0
62838363,1068173845,17.2,17.5,16.55,16.7,17191,15.5,17.5,60.0,74.4221093,72.9803348,70.0967858,0
129733895,2233288590,17.5,18.1,16.55,16.65,26092,15.5,18.1,44.23076923,64.35832927,70.10633296,81.60234032,0
33864850,568173935,16.45,17.15,16.3,17.05,9862,15.8,18.1,54.34782609,61.02149488,67.0780536,79.19117103,0
22597967,379260569,17.05,17.2,16.5,16.65,7067,16.15,18.1,25.64102564,49.22800513,61.12803744,84.92810206,0
21830551,365725806,16.7,16.9,16.55,16.75,5335,16.25,18.1,27.02702703,41.8276791,54.69458466,80.42839579,0
14579074,244564228,16.9,16.95,16.65,16.7,4516,16.3,18.1,22.22222222,35.29252681,48.22723204,74.09664252,0
20710243,345934773,16.6,17.0,16.55,16.75,5792,16.3,18.1,25.0,31.86168454,42.77204954,64.59277955,0
61601221,1051931864,17.0,17.4,16.8,16.8,15947,16.3,18.1,27.77777778,30.50038228,38.68149379,55.0437168,0
19908459,333590505,17.05,17.1,16.6,16.7,5573,16.3,18.1,22.22222222,27.7409956,35.03466106,49.62199198,0
17265982,290224178,16.85,16.95,16.65,16.75,5397,16.3,18.1,25.0,26.8273304,32.29888417,43.24199172,0
20102282,337445202,16.8,17.05,16.6,16.75,5121,16.3,17.4,40.90909091,31.52125057,32.03967297,33.07651777,0
25756275,436831697,16.8,17.05,16.8,16.9,6655,16.5,17.4,44.44444444,35.82898186,33.30277593,28.25036408,0
20294011,344991806,17.0,17.15,16.85,16.9,5692,16.55,17.4,41.17647059,37.6114781,34.73900999,28.99407376,0
28315158,473771496,17.0,17.05,16.6,16.6,9582,16.55,17.4,5.882352941,27.03510305,32.17104101,42.44291693,0
35139080,571649813,16.5,16.55,16.15,16.25,10319,16.15,17.4,8.0,20.6900687,28.34405024,43.65201332,0
15755987,258951967,16.3,16.6,16.3,16.35,4495,16.15,17.4,16.0,19.12671247,25.27160432,37.56138801,0
21297612,346035705,16.45,16.45,16.2,16.25,4671,16.15,17.15,10.0,16.08447498,22.20922787,34.45873365,0
17236624,278417949,16.25,16.3,16.05,16.2,5338,16.05,17.15,13.63636364,15.26843786,19.8956312,29.15001787,0
61753581,1034145848,16.25,17.05,16.15,16.95,14020,16.05,17.15,81.81818182,37.45168585,25.74764942,2.339576553,0
78117730,1329154658,17.0,17.35,16.55,17.2,16030,16.05,17.35,88.46153846,54.45497005,35.3167563,-2.959671219,0
196651612,3550448689,17.65,18.45,17.6,18.1,45342,16.05,18.45,85.41666667,64.77553559,45.13634939,5.857977,0
322520068,6126191771,18.4,19.4,18.35,18.95,77871,16.05,19.4,86.56716418,72.03941179,54.10403686,18.233287,0
221310491,4279414518,19.5,19.7,18.9,19.1,51723,16.05,19.7,83.56164384,75.8801558,61.36274317,32.32791791,0
206681189,4072452976,19.7,20.1,19.2,19.2,51956,16.05,20.1,77.77777778,76.51269646,66.4127276,46.21278989,0
123187394,2405955604,19.75,19.8,19.25,19.55,31239,16.05,20.1,86.41975309,79.81504867,70.88016796,53.01040654,0
395616714,8167388963,20.1,21.25,19.85,21.0,92796,16.05,21.25,95.19230769,84.94080168,75.56704586,56.81953424,0
429905066,9308781110,21.3,22.1,20.75,22.05,109050,16.15,22.1,99.15966387,89.68042241,80.27150471,61.45366932,0
574169179,13009471760,22.2,23.5,21.85,23.2,139047,16.55,23.5,95.68345324,91.68143268,84.07481404,68.86157674,0
619864827,15243023370,23.1,25.35,23.0,25.35,153787,17.6,25.35,100.0,94.45428846,87.53463884,73.69533962,1
632140388,15874707020,25.75,26.0,24.2,25.55,156119,18.35,26.0,94.11764706,94.34207466,89.80378411,80.72720303,0
501406261,12860443303,25.8,26.5,24.65,26.4,120490,18.9,26.5,98.68421053,95.78945328,91.79900717,83.81811495,1
1142092988,31606506568,26.4,29.0,26.2,27.1,253358,19.2,29.0,80.6122449,90.73038382,91.44279939,92.86763052,0
636385489,17890507842,27.5,29.15,27.1,29.0,148850,19.25,29.15,98.48484848,93.31520537,92.06693472,89.5703934,0
521734347,14882188131,28.75,29.1,27.8,28.35,122031,19.85,29.15,91.39784946,92.67608674,92.26998539,91.45778269,0
448414133,12488992625,28.2,28.6,27.25,27.65,107106,20.75,29.15,82.14285714,89.16501021,91.23499366,95.37496057,0
409683201,11434248810,27.85,28.9,27.25,27.45,90184,21.85,29.15,76.71232877,85.01411639,89.16136791,97.45587093,0
363248600,10166501742,27.45,28.35,27.3,27.75,81747,23.0,29.15,77.23577236,82.42133505,86.91469029,95.90140076,0
657294588,19114066996,28.3,30.05,28.2,30.05,150922,24.2,30.05,100.0,88.28089003,87.3700902,85.54849054,0
670098387,20172487976,30.6,31.15,29.3,29.65,159623,24.65,31.15,76.92307692,84.49495233,86.41171091,90.24522807,0
726459543,19763792348,28.7,28.9,26.7,26.7,170156,26.2,31.15,10.1010101,59.69697159,77.5067978,113.1264502,0
717904678,17905159646,25.0,25.7,24.25,24.75,145188,24.25,31.15,7.246376812,42.21343999,65.7423452,112.8001556,0
437746292,11488786458,26.4,26.75,25.75,26.0,89592,24.25,31.15,25.36231884,36.59639961,56.02703,94.88829079,1
293747769,7654643159,25.45,27.0,25.1,27.0,69225,24.25,31.15,39.85507246,37.68262389,49.91222797,74.37143611,0
295216729,7701820599,26.0,26.65,25.55,26.1,70831,24.25,31.15,26.8115942,34.05894733,44.62780109,65.7655086,0
300846312,7988902882,26.8,27.15,25.8,25.8,66053,24.25,31.15,22.46376812,30.19388759,39.81649659,59.06171458,0
248349263,6555283071,25.7,26.9,25.5,26.55,53028,24.25,31.15,33.33333333,31.24036951,36.95778756,48.39262367,0
481781044,13244984624,27.35,28.55,26.8,28.4,105008,24.25,31.15,60.14492754,40.87522218,38.2635991,33.04035294,1
534944681,15130534538,27.9,28.75,27.55,28.5,117674,24.25,28.9,91.39784946,57.71609794,44.74776538,18.81110026,0
498550706,14591961892,29.0,29.75,28.8,29.35,108433,24.25,29.75,92.72727273,69.38648954,52.96067343,20.10904123,0
499171211,14603818732,29.0,30.0,28.5,28.7,112315,25.1,30.0,73.46938776,70.74745561,58.88960083,35.17389126,0
580636072,16020651131,28.9,29.0,27.0,27.0,133574,25.1,30.0,38.7755102,60.09014047,59.28978071,57.68906118,0
341462394,8990110978,26.75,27.15,25.9,25.9,81672,25.5,30.0,8.888888889,43.02305661,53.86753934,75.55650481,1
234973302,6269701616,26.1,27.2,26.05,27.2,56462,25.5,30.0,37.77777778,41.27463033,49.66990301,66.46044835,0
221977884,5985970267,27.65,27.65,26.45,26.7,50548,25.5,30.0,26.66666667,36.40530911,45.24837171,62.9344969,0
159970195,4264702851,26.55,27.2,26.15,26.2,38376,25.9,30.0,7.317073171,26.70923046,39.06865796,63.78751295,0
130396011,3443229031,26.2,26.9,25.95,26.75,31894,25.9,30.0,20.73170732,24.71672275,34.28467956,53.42059317,0
119508798,3139268898,26.3,26.55,26.1,26.3,27427,25.9,30.0,9.756097561,19.72984769,29.43306893,48.83951143,0
106044137,2790683674,26.45,26.65,26.1,26.1,24522,25.9,30.0,4.87804878,14.77924805,24.54846197,44.08688982,0
88040619,2319528467,26.4,26.65,26.1,26.15,21501,25.9,29.0,8.064516129,12.54100408,20.54597601,36.55591987,0
155938552,4158456729,26.45,27.05,26.2,26.2,39099,25.9,27.65,17.14285714,14.0749551,18.38896904,27.01699692,0
114941219,3044400135,26.2,27.0,26.05,27.0,28979,25.95,27.65,61.76470588,29.97153869,22.24982559,6.806399382,0
113787334,3069688836,26.85,27.2,26.75,26.9,31699,25.95,27.65,55.88235294,38.60847678,27.70270932,5.891174403,0
159693833,4348177574,27.1,27.6,26.75,26.75,38100,25.95,27.6,48.48484848,41.90060068,32.43533977,13.50481796,0
